title,make,model,year,condition,transmission,price
Mercedes-Benz GLC-Class 2018 Gray,Mercedes-Benz,GLC-Class,2018,local used,automatic,"₦ 17,500,000"
Honda Accord 2021 Black,Honda,Accord,2021,foreign used,automatic,"₦ 34,000,000"
Kia Optima EX 4dr Sedan (2.4L 4cyl 6A) 2014 Red,Kia,Optima EX,2014,foreign used,automatic,"₦ 13,650,000"
Toyota Camry 2012 White,Toyota,Camry,2012,local used,automatic,"₦ 9,500,000"
Lexus RX 2006 Gold,Lexus,RX,2006,local used,automatic,"₦ 7,700,000"
Honda Civic 2013 Black,Honda,Civic,2013,local used,automatic,"₦ 5,900,000"
Kia Picanto 2009 Black,Kia,Picanto,2009,local used,automatic,"₦ 2,200,000"
Toyota Camry SE 4dr Sedan (2.5L 4cyl 6A) 2013 Gray,Toyota,Camry SE,2013,local used,automatic,"₦ 9,000,000"
Lexus ES 350 2011 Black,Lexus,ES 350,2011,local used,automatic,"₦ 8,226,562"
BMW 760 2015 Gold,BMW,760,2015,local used,automatic,"₦ 37,000,000"
Mercedes-Benz G-Class 2020 Black,Mercedes-Benz,G-Class,2020,local used,automatic,"₦ 300,000,000"
Mercedes-Benz CLA-Class CLA 180 d Sedan 2023 Black,Mercedes-Benz,CLA-Class CLA,2023,local used,automatic,"₦ 65,000,000"
Toyota Corolla 2011 Silver,Toyota,Corolla,2011,foreign used,automatic,"₦ 11,400,000"
Infiniti EX 2008,Infiniti,EX,2008,local used,automatic,"₦ 5,500,000"
Dodge Charger 2017 Blue,Dodge,Charger,2017,foreign used,automatic,"₦ 16,000,000"
Volkswagen Passat 2.0T FSi Sportline Tiptronic 2009 Green,Volkswagen,Passat 2,2009,local used,automatic,"₦ 3,400,000"
Jeep Wrangler 3.8 2007 Black,Jeep,Wrangler 3,2007,local used,automatic,"₦ 14,800,000"
Honda Accord Sedan EX Automatic 2012 Black,Honda,Accord Sedan,2012,local used,automatic,"₦ 5,500,000"
Lexus RX 2015 Burgundy,Lexus,RX,2015,local used,automatic,"₦ 22,700,000"
Mercedes-Benz M Class ML350 4MATIC 4dr SUV AWD (3.5L 6cyl 7A) 2015,Mercedes-Benz,M Class,2015,local used,automatic,"₦ 15,500,000"
Mercedes-Benz GLK-Class 350 4MATIC 2014 White,Mercedes-Benz,GLK-Class 350,2014,local used,automatic,"₦ 13,200,000"
Mercedes-Benz GLE-Class GLE 350 2018 Gray,Mercedes-Benz,GLE-Class GLE,2018,foreign used,automatic,"₦ 30,000,000"
Toyota Camry SE 4dr Sedan (2.5L 4cyl 6A) 2016 Silver,Toyota,Camry SE,2016,foreign used,automatic,"₦ 13,500,000"
Hyundai Tucson 2017 Black,Hyundai,Tucson,2017,foreign used,automatic,"₦ 17,250,000"
Honda Civic 2013 Black,Honda,Civic,2013,local used,automatic,"₦ 5,850,000"
Ford Edge 2014 Brown,Ford,Edge,2014,local used,automatic,"₦ 5,800,000"
Mercedes-Benz GLA 250 2015 Black,Mercedes-Benz,GLA 250,2015,foreign used,automatic,"₦ 14,000,000"
Lexus ES 350 2008 Black,Lexus,ES 350,2008,local used,automatic,"₦ 9,000,000"
Mercedes-Benz E350 Base 4dr Sedan RWD (3.5L 6cyl 7A) 2011,Mercedes-Benz,E350 Base,2011,local used,automatic,"₦ 9,000,000"
Toyota FJ Cruiser 2007 Black,Toyota,FJ Cruiser,2007,local used,automatic,"₦ 9,500,000"
Toyota Venza V6 AWD 2010 Gold,Toyota,Venza V6,2010,local used,automatic,"₦ 9,500,000"
Toyota Sienna 2009 Red,Toyota,Sienna,2009,foreign used,automatic,"₦ 9,500,000"
Toyota RAV4 2020 Red,Toyota,RAV4,2020,foreign used,automatic,"₦ 36,000,000"
Toyota Avalon XLE Premium FWD Sedan (3.6L 6cyl 6A) 2016 Silver,Toyota,Avalon XLE,2016,foreign used,automatic,"₦ 20,789,999"
Toyota Tacoma 2000 Gray,Toyota,Tacoma,2000,local used,automatic,"₦ 9,000,000"
Lexus RX 2008 Blue,Lexus,RX,2008,foreign used,automatic,"₦ 15,820,312"
Lexus ES 2004 Black,Lexus,ES,2004,foreign used,automatic,"₦ 6,500,000"
Toyota Camry LE 4dr Sedan (2.4L 4cyl 4A) 2004 Blue,Toyota,Camry LE,2004,local used,automatic,"₦ 5,300,000"
Hyundai Azera 3.3. V6 2007 Silver,Hyundai,Azera 3,2007,local used,automatic,"₦ 2,350,000"
Mercedes-Benz C300 2018 Silver,Mercedes-Benz,C300,2018,local used,automatic,"₦ 16,000,000"
Lexus ES 2004 Black,Lexus,ES,2004,local used,automatic,"₦ 3,700,000"
Toyota Corolla 2004 Gold,Toyota,Corolla,2004,local used,automatic,"₦ 3,000,000"
Honda Pilot 2018 Black,Honda,Pilot,2018,local used,automatic,"₦ 29,109,375"
Nissan Altima 2009 Gray,Nissan,Altima,2009,local used,automatic,"₦ 2,550,000"
Hyundai Elantra GLS Sedan FWD (1.8L 4cyl 6A) 2013 Gray,Hyundai,Elantra GLS,2013,foreign used,automatic,"₦ 8,800,000"
Toyota Matrix 2003 Blue,Toyota,Matrix,2003,local used,automatic,"₦ 5,500,000"
Toyota Sienna CE 2009 Gray,Toyota,Sienna CE,2009,foreign used,automatic,"₦ 9,300,000"
Toyota Corolla S 4dr Sedan (1.8L 4cyl CVT) 2014 Black,Toyota,Corolla S,2014,local used,automatic,"₦ 9,800,000"
Toyota Sienna CE FWD (3.3L V6 5A) 2004 Silver,Toyota,Sienna CE,2004,foreign used,automatic,"₦ 9,000,000"
Kia Sedona 2006 Silver,Kia,Sedona,2006,local used,automatic,"₦ 5,300,000"
Toyota Camry XSE V6 (3.5L V6 8A) 2019 Red,Toyota,Camry XSE,2019,local used,automatic,"₦ 24,000,000"
Mercedes-Benz GLE-Class GLE 350 2018 White,Mercedes-Benz,GLE-Class GLE,2018,foreign used,automatic,"₦ 32,000,000"
Jeep Wrangler Sahara 4x4 2016 White,Jeep,Wrangler Sahara,2016,foreign used,automatic,"₦ 48,000,000"
Toyota Camry 2006 Gray,Toyota,Camry,2006,local used,automatic,"₦ 3,000,000"
Honda Civic 1.4 2008 Gray,Honda,Civic 1,2008,local used,automatic,"₦ 3,796,875"
Lexus RX 2016 Black,Lexus,RX,2016,foreign used,automatic,"₦ 31,000,000"
Acura MDX 2007 Red,Acura,MDX,2007,local used,automatic,"₦ 6,200,000"
Mercedes-Benz C300 2017 Red,Mercedes-Benz,C300,2017,foreign used,automatic,"₦ 19,500,000"
Land Rover Range Rover 2015 Black,Land,Rover Range,2015,local used,automatic,"₦ 35,000,000"
Toyota RAV4 2022 Brown,Toyota,RAV4,2022,foreign used,automatic,"₦ 36,300,000"
Toyota Highlander Limited 2010 White,Toyota,Highlander Limited,2010,foreign used,automatic,"₦ 15,000,000"
Toyota Corolla 2015 White,Toyota,Corolla,2015,foreign used,automatic,"₦ 15,700,000"
Toyota Corolla 1998 Red,Toyota,Corolla,1998,local used,automatic,"₦ 1,700,000"
Toyota RAV4 2015 Gray,Toyota,RAV4,2015,local used,automatic,"₦ 25,000,000"
Toyota Camry 2015 White,Toyota,Camry,2015,local used,automatic,"₦ 17,000,000"
Toyota Land Cruiser Prado 2015 Black,Toyota,Land Cruiser,2015,local used,automatic,"₦ 35,000,000"
Toyota Camry 2004 Silver,Toyota,Camry,2004,local used,automatic,"₦ 4,300,000"
Mercedes-Benz GLE-Class AMG GLE 43 4MATIC 2017 Black,Mercedes-Benz,GLE-Class AMG,2017,foreign used,automatic,"₦ 72,000,000"
Toyota Sienna CE 7 Passenger 2010 Brown,Toyota,Sienna CE,2010,foreign used,automatic,"₦ 9,500,000"
Toyota Camry XLE (2.5L 4cyl 8A) 2019 Black,Toyota,Camry XLE,2019,foreign used,automatic,"₦ 32,000,000"
Nissan Sentra SV 4dr Sedan (1.8L 4cyl CVT) 2014 Silver,Nissan,Sentra SV,2014,foreign used,automatic,"₦ 8,500,000"
Toyota Highlander XLE V6 4x4 (3.5L 6cyl 6A) 2016 Gray,Toyota,Highlander XLE,2016,foreign used,automatic,"₦ 27,000,000"
Hyundai Santa Fe 2016 White,Hyundai,Santa Fe,2016,foreign used,automatic,"₦ 13,500,000"
Honda CR-V 2015 Silver,Honda,CR-V,2015,foreign used,automatic,"₦ 19,500,000"
Hyundai Tucson SE FWD 2016 Burgundy,Hyundai,Tucson SE,2016,foreign used,automatic,"₦ 16,200,000"
Mercedes-Benz C300 2015 White,Mercedes-Benz,C300,2015,local used,automatic,"₦ 14,554,687"
Honda Accord 2013 Silver,Honda,Accord,2013,foreign used,automatic,"₦ 14,000,000"
Honda Accord Coupe EX V6 2005 Black,Honda,Accord Coupe,2005,local used,automatic,"₦ 2,050,000"
Toyota Venza 2012 Red,Toyota,Venza,2012,local used,automatic,"₦ 18,000,000"
New Nissan Patrol 2025 Black,New,Nissan Patrol,2025,brand new,automatic,"₦ 225,000,000"
Mercedes-Benz CLK 2012 Gray,Mercedes-Benz,CLK,2012,local used,automatic,"₦ 19,900,000"
Toyota Camry XSE 2021 Teal,Toyota,Camry XSE,2021,foreign used,automatic,"₦ 29,500,000"
Toyota Camry SE 4dr Sedan (2.5L 4cyl 6A) 2011 Silver,Toyota,Camry SE,2011,foreign used,automatic,"₦ 10,500,000"
Hyundai Elantra 2012 Red,Hyundai,Elantra,2012,foreign used,automatic,"₦ 11,770,312"
Honda Pilot EX 4dr SUV 4WD (3.5L 6cyl 5A) 2009 Gray,Honda,Pilot EX,2009,foreign used,automatic,"₦ 10,500,000"
Toyota Corolla LE 4dr Sedan (1.8L 4cyl 4A) 2012 Red,Toyota,Corolla LE,2012,local used,automatic,"₦ 6,900,000"
Toyota Corolla 1.4 D Automatic 2004 Black,Toyota,Corolla 1,2004,local used,automatic,"₦ 4,200,000"
Lexus ES 350 2008 Black,Lexus,ES 350,2008,foreign used,automatic,"₦ 10,000,000"
Acura MDX SUV 4dr AWD (3.7L 6cyl 6A) 2013 Black,Acura,MDX SUV,2013,foreign used,automatic,"₦ 11,200,000"
Honda Accord Sedan SE 2011 Black,Honda,Accord Sedan,2011,local used,automatic,"₦ 6,500,000"
Hyundai Santa Fe 2008 Gold,Hyundai,Santa Fe,2008,local used,automatic,"₦ 6,500,000"
Honda Pilot 2004 Blue,Honda,Pilot,2004,local used,automatic,"₦ 5,695,312"
Toyota Highlander 2018 Silver,Toyota,Highlander,2018,local used,automatic,"₦ 36,000,000"
Lexus RX 2010 Black,Lexus,RX,2010,local used,automatic,"₦ 10,200,000"
Toyota Avalon Limited Sedan FWD (3.5L 6cyl 6A) 2013 Burgundy,Toyota,Avalon Limited,2013,foreign used,automatic,"₦ 16,200,000"
Toyota Camry LE 4dr Sedan (2.4L 4cyl 5A) 2008 Red,Toyota,Camry LE,2008,foreign used,automatic,"₦ 9,000,000"
Toyota Camry LE 4dr Sedan (2.4L 4cyl 5A) 2008 Silver,Toyota,Camry LE,2008,foreign used,automatic,"₦ 9,000,000"
Toyota RAV4 2010 Silver,Toyota,RAV4,2010,local used,automatic,"₦ 8,000,000"
Toyota Tacoma 2014 Red,Toyota,Tacoma,2014,local used,automatic,"₦ 15,700,000"
Honda Civic 2004 Green,Honda,Civic,2004,local used,automatic,"₦ 2,531,250"
Toyota Matrix 2010 Black,Toyota,Matrix,2010,local used,automatic,"₦ 5,900,000"
Toyota Camry 2009 Gray,Toyota,Camry,2009,local used,automatic,"₦ 6,267,375"
Honda Pilot 2008 Green,Honda,Pilot,2008,local used,automatic,"₦ 4,000,000"
Mitsubishi L200 2008 White,Mitsubishi,L200,2008,local used,manual,"₦ 6,600,000"
Toyota Camry 2002 Black,Toyota,Camry,2002,local used,automatic,"₦ 1,950,000"
Lexus ES 330 2006 Black,Lexus,ES 330,2006,local used,automatic,"₦ 3,800,000"
Honda CR-V EX-L AWD 2025 Black,Honda,CR-V EX-L,2025,foreign used,automatic,"₦ 49,800,000"
Toyota Camry 2002 Gold,Toyota,Camry,2002,local used,automatic,"₦ 2,300,000"
Toyota Camry 2014 Black,Toyota,Camry,2014,foreign used,automatic,"₦ 12,800,000"
Mazda 323 1999 Silver,Mazda,323,1999,foreign used,manual,"₦ 5,800,000"
Lexus RX 2010,Lexus,RX,2010,foreign used,automatic,"₦ 18,500,000"
Mercedes-Benz GLE-Class GLE 350 2016 Black,Mercedes-Benz,GLE-Class GLE,2016,foreign used,automatic,"₦ 31,000,000"
BMW 3 Series 328i RWD 2013 Gray,BMW,3 Series,2013,foreign used,automatic,"₦ 12,500,000"
Honda Accord 2.4 Exec Automatic 2007 Blue,Honda,Accord 2,2007,local used,automatic,"₦ 3,164,062"
Toyota Camry XLE V6 4dr Sedan (3.5L 6cyl 6AM) 2009 Silver,Toyota,Camry XLE,2009,local used,automatic,"₦ 6,500,000"
Toyota Matrix XR Hatchback FWD (1.8L 4cyl 4A) 2006 Black,Toyota,Matrix XR,2006,local used,automatic,"₦ 5,279,999"
GAC GS4 2024 Black,GAC,GS4,2024,local used,automatic,"₦ 27,500,000"
Mercedes-Benz E350 Base 4Matic Sedan AWD (3.5L 6cyl 7A) 2016 Gray,Mercedes-Benz,E350 Base,2016,foreign used,automatic,"₦ 19,800,000"
Infiniti G35 Base Sedan 2005 Silver,Infiniti,G35 Base,2005,local used,automatic,"₦ 4,700,000"
Honda Crosstour 3.5 FWD 2010 White,Honda,Crosstour 3,2010,local used,automatic,"₦ 3,000,000"
Mercedes-Benz GLC-Class 2017 White,Mercedes-Benz,GLC-Class,2017,foreign used,automatic,"₦ 43,664,062"
Lexus NX 200t AWD 2017 Gray,Lexus,NX 200t,2017,local used,automatic,"₦ 25,500,000"
Lexus RX 2003 Gold,Lexus,RX,2003,local used,automatic,"₦ 4,500,000"
Toyota Camry LE 4dr Sedan (2.4L 4cyl 4A) 2004 Silver,Toyota,Camry LE,2004,local used,automatic,"₦ 3,500,000"
Toyota Camry 2010 Black,Toyota,Camry,2010,local used,automatic,"₦ 6,700,000"
Toyota Corolla 1.4 D-4D 2006 Gray,Toyota,Corolla 1,2006,local used,automatic,"₦ 3,800,000"
Toyota Camry 2013 Black,Toyota,Camry,2013,foreign used,automatic,"₦ 13,800,000"
Toyota Camry 2014 Red,Toyota,Camry,2014,foreign used,automatic,"₦ 13,450,000"
Mercedes-Benz M Class 2015 Black,Mercedes-Benz,M Class,2015,foreign used,automatic,"₦ 26,100,000"
Hyundai Sonata 2013 Gray,Hyundai,Sonata,2013,foreign used,automatic,"₦ 9,700,000"
Toyota Highlander XLE 2021 Black,Toyota,Highlander XLE,2021,foreign used,automatic,"₦ 46,300,000"
Toyota Highlander 2011 Silver,Toyota,Highlander,2011,foreign used,automatic,"₦ 17,600,000"
Hyundai Santa Fe Limited 4dr SUV (3.3L 6cyl 6A) 2014 Black,Hyundai,Santa Fe,2014,foreign used,automatic,"₦ 15,500,000"
Hyundai Santa Fe 2018 Black,Hyundai,Santa Fe,2018,foreign used,automatic,"₦ 16,200,000"
Toyota Highlander 2019 Blue,Toyota,Highlander,2019,foreign used,automatic,"₦ 28,500,000"
Ford Explorer 2018 Silver,Ford,Explorer,2018,foreign used,automatic,"₦ 25,500,000"
Mercedes-Benz GLK-Class 350 4MATIC 2012 Red,Mercedes-Benz,GLK-Class 350,2012,local used,automatic,"₦ 8,200,000"
Hyundai Tucson 2020 Red,Hyundai,Tucson,2020,foreign used,automatic,"₦ 22,500,000"
Toyota Sienna 2015 White,Toyota,Sienna,2015,foreign used,automatic,"₦ 24,000,000"
Ford Explorer 2017 Blue,Ford,Explorer,2017,foreign used,automatic,"₦ 17,300,000"
Honda CR-V 2008 Green,Honda,CR-V,2008,foreign used,automatic,"₦ 11,000,000"
Ford Edge 2019 Blue,Ford,Edge,2019,foreign used,automatic,"₦ 19,900,000"
Mazda 3 2014 Silver,Mazda,3,2014,foreign used,automatic,"₦ 12,900,000"
Kia Sorento 2019 Gray,Kia,Sorento,2019,foreign used,automatic,"₦ 19,000,000"
Toyota Sienna Limited AWD 7-Passenger 2013 White,Toyota,Sienna Limited,2013,foreign used,automatic,"₦ 16,300,000"
Lexus RX 2006 Blue,Lexus,RX,2006,foreign used,automatic,"₦ 10,700,000"
Lexus LX 570 AWD 2013 Black,Lexus,LX 570,2013,foreign used,automatic,"₦ 47,500,000"
Toyota Land Cruiser 2014 Black,Toyota,Land Cruiser,2014,local used,automatic,"₦ 38,000,000"
Toyota Land Cruiser 2017 Black,Toyota,Land Cruiser,2017,foreign used,automatic,"₦ 66,000,000"
Toyota Camry 2013 Green,Toyota,Camry,2013,foreign used,automatic,"₦ 14,200,000"
Honda Accord 2008 Silver,Honda,Accord,2008,local used,automatic,"₦ 5,950,000"
Mercedes-Benz GLE-Class GLE 350d 4MATIC 2017 Blue,Mercedes-Benz,GLE-Class GLE,2017,foreign used,automatic,"₦ 42,500,000"
Mercedes-Benz C350 C350 BlueEFFICIENCY RWD 2008 Gray,Mercedes-Benz,C350 C350,2008,foreign used,automatic,"₦ 15,000,000"
Mercedes-Benz C300 2013 Black,Mercedes-Benz,C300,2013,foreign used,automatic,"₦ 17,200,000"
Toyota Highlander XLE 4dr SUV (3.5L 6cyl 6A) 2015 Black,Toyota,Highlander XLE,2015,foreign used,automatic,"₦ 28,000,000"
Cadillac Escalade 2019 Black,Cadillac,Escalade,2019,foreign used,automatic,"₦ 46,000,000"
Toyota Camry SE 4dr Sedan (2.5L 4cyl 6A) 2013 Silver,Toyota,Camry SE,2013,foreign used,automatic,"₦ 13,900,000"
Toyota Highlander Platinum AWD 2024 Silver,Toyota,Highlander Platinum,2024,foreign used,automatic,"₦ 71,000,000"
Land Rover Range Rover Autobiography P530 2023 Black,Land,Rover Range,2023,foreign used,automatic,"₦ 290,000,000"
Toyota Sienna XLE AWD 7-Passenger 2013 Black,Toyota,Sienna XLE,2013,foreign used,automatic,"₦ 17,800,000"
Lexus RX 350 FWD 2013 White,Lexus,RX 350,2013,foreign used,automatic,"₦ 23,500,000"
Lexus GX 460 2010 Gray,Lexus,GX 460,2010,foreign used,automatic,"₦ 33,500,000"
Toyota Highlander 2014 White,Toyota,Highlander,2014,foreign used,automatic,"₦ 25,800,000"
Toyota Highlander 2019 White,Toyota,Highlander,2019,foreign used,automatic,"₦ 33,500,000"
Toyota Sienna XLE 8 Passenger 2011 Gray,Toyota,Sienna XLE,2011,foreign used,automatic,"₦ 18,500,000"
Toyota Camry 2012 Black,Toyota,Camry,2012,foreign used,automatic,"₦ 16,500,000"
Lexus ES 350 FWD 2016 Silver,Lexus,ES 350,2016,foreign used,automatic,"₦ 30,000,000"
Honda Accord 2015 Gray,Honda,Accord,2015,foreign used,automatic,"₦ 15,700,000"
Mercedes-Benz GLE-Class AMG GLE 43 4MATIC 2017 Gray,Mercedes-Benz,GLE-Class AMG,2017,foreign used,automatic,"₦ 53,000,000"
Lexus GX 460 Base 2017 White,Lexus,GX 460,2017,foreign used,automatic,"₦ 65,000,000"
Toyota Avalon XLE FWDSedan (3.6L 6cyl 6A) 2016 Red,Toyota,Avalon XLE,2016,foreign used,automatic,"₦ 23,500,000"
Hyundai Santa Fe Limited 2.0T FWD 2019 Red,Hyundai,Santa Fe,2019,foreign used,automatic,"₦ 33,000,000"
Toyota Camry XLE 4dr Sedan (2.5L 4cyl 6A) 2012 Black,Toyota,Camry XLE,2012,foreign used,automatic,"₦ 16,500,000"
Hyundai Santa Fe Limited 2022 Blue,Hyundai,Santa Fe,2022,foreign used,automatic,"₦ 45,000,000"
Lexus RX 2017 Gold,Lexus,RX,2017,foreign used,automatic,"₦ 36,800,000"
Toyota Tacoma SR 2017 Black,Toyota,Tacoma SR,2017,foreign used,automatic,"₦ 38,500,000"
Mercedes-Benz GLC-Class 2018 Black,Mercedes-Benz,GLC-Class,2018,foreign used,automatic,"₦ 40,100,000"
Toyota Tacoma SR5 Double Cab 6' Bed V6 AT 2023 Silver,Toyota,Tacoma SR5,2023,foreign used,automatic,"₦ 50,500,000"
Toyota Camry XSE (2.5L 4cyl 8A) 2019 Black,Toyota,Camry XSE,2019,foreign used,automatic,"₦ 34,500,000"
Ford Edge Limited 4dr AWD (3.5L 6cyl 6A) 2013 White,Ford,Edge Limited,2013,foreign used,automatic,"₦ 11,500,000"
Toyota Camry SE 4dr Sedan (2.5L 4cyl 6A) 2013 Gray,Toyota,Camry SE,2013,foreign used,automatic,"₦ 13,900,000"
Land Rover Range Rover 5.0L V8 Supercharged Autobiography 2019 Gray,Land,Rover Range,2019,foreign used,automatic,"₦ 66,000,000"
Toyota Hilux SR5 4x4 2019 White,Toyota,Hilux SR5,2019,foreign used,automatic,"₦ 65,000,000"
Toyota Corolla LE 4dr Sedan (1.8L 4cyl 4A) 2011 White,Toyota,Corolla LE,2011,foreign used,automatic,"₦ 12,300,000"
Mercedes-Benz C300 Luxury 4Matic Sedan AWD (2.0L 4cyl 7A) 2016 Blue,Mercedes-Benz,C300 Luxury,2016,foreign used,automatic,"₦ 26,000,000"
Toyota Avalon XLE Premium 4dr Sedan (3.5L 6cyl 6A) 2014 Gold,Toyota,Avalon XLE,2014,foreign used,automatic,"₦ 20,500,000"
Toyota Highlander SE 2011 Gray,Toyota,Highlander SE,2011,foreign used,automatic,"₦ 19,000,000"
Lexus GS 350 2013 Black,Lexus,GS 350,2013,foreign used,automatic,"₦ 23,500,000"
Mercedes-Benz GLE-Class AMG GLE 63 S 4MATIC 2022 Black,Mercedes-Benz,GLE-Class AMG,2022,foreign used,automatic,"₦ 153,000,000"
Lexus GX 460 Base 2017 Black,Lexus,GX 460,2017,foreign used,automatic,"₦ 58,000,000"
Acura MDX Technology Package 4dr SUV (3.5L 6cyl 6A) 2015 White,Acura,MDX Technology,2015,foreign used,automatic,"₦ 22,000,000"
Toyota Highlander XLE 4x2 V6 (3.5L 6cyl 8A) 2017 Red,Toyota,Highlander XLE,2017,foreign used,automatic,"₦ 32,200,000"
Land Rover Range Rover Velar P340 SE R-Dynamic 4x4 2019 Gray,Land,Rover Range,2019,foreign used,automatic,"₦ 68,500,000"
Toyota Highlander XLE 4x2 V6 (3.5L 6cyl 8A) 2017 Gray,Toyota,Highlander XLE,2017,foreign used,automatic,"₦ 33,300,000"
Toyota Corolla SE Special Edition 4dr Sedan (1.8L 4cyl CVT) 2017 Black,Toyota,Corolla SE,2017,foreign used,automatic,"₦ 17,200,000"
Toyota RAV4 XLE FWD 2019 Black,Toyota,RAV4 XLE,2019,foreign used,automatic,"₦ 38,000,000"
Ford Explorer 2014 Red,Ford,Explorer,2014,foreign used,automatic,"₦ 15,900,000"
Toyota Avalon 2013 Gold,Toyota,Avalon,2013,foreign used,automatic,"₦ 19,500,000"
Mercedes-Benz GLK-Class 350 2011 White,Mercedes-Benz,GLK-Class 350,2011,foreign used,automatic,"₦ 17,000,000"
Lexus RX 350 2010 Gold,Lexus,RX 350,2010,foreign used,automatic,"₦ 20,000,000"
Toyota RAV4 XLE FWD 2019 Blue,Toyota,RAV4 XLE,2019,foreign used,automatic,"₦ 40,000,000"
Hyundai Sonata Base Sedan FWD (2.4L 4cyl 6A) 2016 White,Hyundai,Sonata Base,2016,foreign used,automatic,"₦ 13,500,000"
Mercedes-Benz GL-Class GL450 4MATIC 4dr SUV AWD (4.7L 8cyl Turbo 7A),,,,local used,automatic,"₦ 20,000,000"
Jeep Wrangler Sahara 4x4 2017 Gray,Jeep,Wrangler Sahara,2017,foreign used,automatic,"₦ 44,000,000"
Hyundai Santa Fe Limited FWD 2017 White,Hyundai,Santa Fe,2017,foreign used,automatic,"₦ 22,500,000"
Toyota Highlander 2018 White,Toyota,Highlander,2018,foreign used,automatic,"₦ 36,000,000"
Lexus NX 200t AWD 2017 Silver,Lexus,NX 200t,2017,foreign used,automatic,"₦ 33,400,000"
Mercedes-Benz GLS-Class GLS450 4Matic 2017 White,Mercedes-Benz,GLS-Class GLS450,2017,foreign used,automatic,"₦ 51,000,000"
Honda Accord Crosstour EX-L w/Navigation 2015 White,Honda,Accord Crosstour,2015,foreign used,automatic,"₦ 18,800,000"
Toyota Avalon XLE 4dr Sedan (3.5L 6cyl 6A) 2014 White,Toyota,Avalon XLE,2014,foreign used,automatic,"₦ 18,000,000"
Toyota Sienna Limited 7 Passenger 2011 Gray,Toyota,Sienna Limited,2011,foreign used,automatic,"₦ 17,500,000"
Hyundai Santa Fe SE Ultimate AWD 2017 White,Hyundai,Santa Fe,2017,foreign used,automatic,"₦ 22,100,000"
Mercedes-Benz S-Class S 550 4MATIC 2016 Black,Mercedes-Benz,S-Class S,2016,foreign used,automatic,"₦ 53,000,000"
Lexus LX 2017 Gray,Lexus,LX,2017,foreign used,automatic,"₦ 105,000,000"
Hyundai Sonata SE 2021 Black,Hyundai,Sonata SE,2021,foreign used,automatic,"₦ 30,000,000"
Hyundai Santa Fe Sport 2013 White,Hyundai,Santa Fe,2013,foreign used,automatic,"₦ 16,500,000"
Hyundai Tucson Limited FWD 2017 Blue,Hyundai,Tucson Limited,2017,foreign used,automatic,"₦ 15,000,000"
Lexus ES 350 FWD 2017 Red,Lexus,ES 350,2017,foreign used,automatic,"₦ 30,500,000"
Mini Cooper Classic 2013 Silver,Mini,Cooper Classic,2013,foreign used,automatic,"₦ 15,200,000"
Hyundai Santa Fe Limited 2.0T FWD 2019 Blue,Hyundai,Santa Fe,2019,foreign used,automatic,"₦ 23,500,000"
Honda CR-V PHEV 2.0 AWD 2023 Silver,Honda,CR-V PHEV,2023,foreign used,automatic,"₦ 45,000,000"
Honda Pilot LX AWD 2018 Black,Honda,Pilot LX,2018,foreign used,automatic,"₦ 27,500,000"
Toyota Highlander Platinum FWD 2023 Black,Toyota,Highlander Platinum,2023,foreign used,automatic,"₦ 77,000,000"
Toyota Highlander Sport 2010 Gray,Toyota,Highlander Sport,2010,foreign used,automatic,"₦ 18,000,000"
Mercedes-Benz M Class ML 350 4Matic 2007 Gold,Mercedes-Benz,M Class,2007,foreign used,automatic,"₦ 12,500,000"
Mercedes-Benz GLA 250 2017 Gray,Mercedes-Benz,GLA 250,2017,foreign used,automatic,"₦ 25,500,000"
Hyundai Palisade 2021 White,Hyundai,Palisade,2021,foreign used,automatic,"₦ 33,500,000"
Ford Expedition Max 2018 White,Ford,Expedition Max,2018,foreign used,automatic,"₦ 55,000,000"
Toyota Tundra 2023 Black,Toyota,Tundra,2023,foreign used,automatic,"₦ 130,000,000"
Toyota Corolla 2012 White,Toyota,Corolla,2012,foreign used,automatic,"₦ 11,300,000"
Mercedes-Benz C300 Base C300 AWD 4MATIC Sedan 2018 Gray,Mercedes-Benz,C300 Base,2018,foreign used,automatic,"₦ 29,500,000"
Acura MDX SH-AWD w/Technology Package 4dr SUV AWD (3.5L 6cyl 6A) 2015,Acura,MDX SH-AWD,2015,foreign used,automatic,"₦ 22,000,000"
Toyota Highlander XLE 4x2 V6 (3.5L 6cyl 8A) 2017 White,Toyota,Highlander XLE,2017,foreign used,automatic,"₦ 36,500,000"
Honda Pilot LX 4dr SUV 4WD (3.5L 6cyl 5A) 2011 Black,Honda,Pilot LX,2011,foreign used,automatic,"₦ 13,500,000"
Lexus NX 200t FWD 2017 Red,Lexus,NX 200t,2017,foreign used,automatic,"₦ 43,000,000"
Toyota Highlander XLE 4x2 V6 (3.5L 6cyl 8A) 2017 Blue,Toyota,Highlander XLE,2017,foreign used,automatic,"₦ 36,500,000"
Toyota RAV4 XLE 2021 Black,Toyota,RAV4 XLE,2021,foreign used,automatic,"₦ 45,000,000"
Toyota 4-Runner SR5 4dr SUV 4WD (4.0L 6cyl 5A) 2015 Gray,Toyota,4-Runner SR5,2015,foreign used,automatic,"₦ 34,300,000"
Toyota Sienna XLE FWD 2006 Red,Toyota,Sienna XLE,2006,foreign used,automatic,"₦ 10,700,000"
Honda Pilot Elite 4dr AWD (3.5L 6cyl 9A) 2016 White,Honda,Pilot Elite,2016,foreign used,automatic,"₦ 27,500,000"
Hyundai Sonata Limited Sedan FWD (2.4L 4cyl 6A) 2016 Silver,Hyundai,Sonata Limited,2016,foreign used,automatic,"₦ 18,100,000"
Toyota Highlander Limited FWD 2024 Gray,Toyota,Highlander Limited,2024,foreign used,automatic,"₦ 99,500,000"
Toyota Highlander XLE FWD 2020 Black,Toyota,Highlander XLE,2020,local used,automatic,"₦ 47,000,000"
Hyundai Santa Fe Limited Ultimate AWD 2018 Black,Hyundai,Santa Fe,2018,foreign used,automatic,"₦ 24,500,000"
Mercedes-Benz GLA 250 2015 Red,Mercedes-Benz,GLA 250,2015,foreign used,automatic,"₦ 27,000,000"
Honda Pilot EX-L w/Navigation 4dr SUV 4WD (3.5L 6cyl 5A) 2015 Black,Honda,Pilot EX-L,2015,foreign used,automatic,"₦ 16,500,000"
Hyundai Tucson Limited FWD 2017 Silver,Hyundai,Tucson Limited,2017,foreign used,automatic,"₦ 27,500,000"
Mercedes-Benz CLA-Class 2015 Black,Mercedes-Benz,CLA-Class,2015,foreign used,automatic,"₦ 17,200,000"
Lexus RX 350 AWD 2018 Red,Lexus,RX 350,2018,foreign used,automatic,"₦ 44,300,000"
Hyundai Santa Fe GLS 4dr SUV (3.3L 6cyl 6A) 2015 Silver,Hyundai,Santa Fe,2015,foreign used,automatic,"₦ 15,200,000"
Lexus GX 460 2010 Gold,Lexus,GX 460,2010,foreign used,automatic,"₦ 33,000,000"
Honda Accord 2005 Black,Honda,Accord,2005,local used,automatic,"₦ 3,300,000"
Land Rover Range Rover 2018 Blue,Land,Rover Range,2018,local used,automatic,"₦ 44,000,000"
Toyota RAV4 2.5 Sport 4x4 2010 Gray,Toyota,RAV4 2,2010,foreign used,automatic,"₦ 13,200,000"
Honda CR-V 2014 White,Honda,CR-V,2014,foreign used,automatic,"₦ 13,500,000"
Honda CR-V 2008,Honda,CR-V,2008,local used,automatic,"₦ 3,499,999"
Toyota Corolla S 4dr Sedan (1.8L 4cyl 4A) 2012 Silver,Toyota,Corolla S,2012,local used,automatic,"₦ 6,200,000"
Lexus ES 350 2008 Gray,Lexus,ES 350,2008,foreign used,automatic,"₦ 9,500,000"
Toyota Camry XLE 4dr Sedan (2.5L 4cyl 6AM) 2010 Green,Toyota,Camry XLE,2010,foreign used,automatic,"₦ 10,000,000"
Volkswagen Golf 2006 Silver,Volkswagen,Golf,2006,local used,automatic,"₦ 5,800,000"
Nissan Sunny 2010 Black,Nissan,Sunny,2010,local used,manual,"₦ 4,000,000"
Honda Pilot EX 4x4 (3.5L 6cyl 5A) 2005 Silver,Honda,Pilot EX,2005,local used,automatic,"₦ 3,290,625"
Mercedes-Benz GLK-Class 350 4MATIC 2011 White,Mercedes-Benz,GLK-Class 350,2011,local used,automatic,"₦ 8,000,000"
Acura MDX Sport Utility 2004 Gold,Acura,MDX Sport,2004,local used,automatic,"₦ 3,100,000"
Nissan Rogue 2007 Silver,Nissan,Rogue,2007,foreign used,automatic,"₦ 9,800,000"
Mercedes-Benz GLE-Class AMG GLE 53 4MATIC 2022 White,Mercedes-Benz,GLE-Class AMG,2022,foreign used,automatic,"₦ 120,000,000"
Lexus RX 330 AWD 2006 White,Lexus,RX 330,2006,foreign used,automatic,"₦ 12,500,000"
Volkswagen Suran 2006 White,Volkswagen,Suran,2006,local used,manual,"₦ 2,200,000"
Mercedes-Benz GLK-Class 350 4MATIC 2010 Black,Mercedes-Benz,GLK-Class 350,2010,local used,automatic,"₦ 8,000,000"
Toyota Verso 1.6 2014 Blue,Toyota,Verso 1,2014,foreign used,automatic,"₦ 17,000,000"
Toyota Avalon XLE Premium 4dr Sedan (3.5L 6cyl 6A) 2014 Off white,Toyota,Avalon XLE,2014,local used,automatic,"₦ 13,000,000"
Toyota Camry XSE FWD (2.5L 4cyl 8AM) 2018 Gold,Toyota,Camry XSE,2018,foreign used,automatic,"₦ 30,000,000"
Toyota Camry SE Sport 4dr Sedan w/Prod. End 11/13 (2.5L 4cyl 6A) 2014 White,Toyota,Camry SE,2014,foreign used,automatic,"₦ 13,000,000"
Toyota Sienna LE AWD 2006 Gold,Toyota,Sienna LE,2006,foreign used,automatic,"₦ 10,500,000"
Ford E-350 2006 Gold,Ford,E-350,2006,foreign used,automatic,"₦ 12,000,000"
Lexus RX 350 2010 Silver,Lexus,RX 350,2010,foreign used,automatic,"₦ 20,000,000"
Toyota Camry SE V6 4dr Sedan (3.5L 6cyl 6AM) 2010 Black,Toyota,Camry SE,2010,local used,automatic,"₦ 7,200,000"
Toyota Venza LE AWD V6 2013 Gray,Toyota,Venza LE,2013,foreign used,automatic,"₦ 21,000,000"
Toyota RAV4 3.5 Limited 4x4 2011 Brown,Toyota,RAV4 3,2011,foreign used,automatic,"₦ 13,785,087"
Toyota Camry LE 4dr Sedan (2.4L 4cyl 5A) 2007 Gold,Toyota,Camry LE,2007,foreign used,automatic,"₦ 9,500,000"
Lexus ES 350 FWD 2013 Maroon,Lexus,ES 350,2013,foreign used,automatic,"₦ 14,500,000"
Ford Edge Sport 4dr AWD (2.7L 6cyl 6A) 2016 Black,Ford,Edge Sport,2016,foreign used,automatic,"₦ 13,000,000"
Lexus ES 350 2010 Black,Lexus,ES 350,2010,foreign used,automatic,"₦ 11,500,000"
Lexus ES 2003 Silver,Lexus,ES,2003,local used,automatic,"₦ 3,000,000"
Dodge Charger 2012 Purple,Dodge,Charger,2012,foreign used,automatic,"₦ 13,000,000"
Toyota RAV4 2010 Gray,Toyota,RAV4,2010,local used,automatic,"₦ 8,300,000"
Mercedes-Benz M Class 2015 Black,Mercedes-Benz,M Class,2015,foreign used,automatic,"₦ 26,500,000"
Lexus GS 300 Automatic 2006 Black,Lexus,GS 300,2006,local used,automatic,"₦ 5,000,000"
Toyota Corolla LE Special Edition 4dr Sedan (1.8L 4cyl 4A) 2013 Black,Toyota,Corolla LE,2013,local used,automatic,"₦ 7,000,000"
Toyota Camry SE 4dr Sedan (2.4L 4cyl 4A) 2003 Gray,Toyota,Camry SE,2003,local used,automatic,"₦ 4,000,000"
Land Rover Range Rover Evoque 2015 Gray,Land,Rover Range,2015,local used,automatic,"₦ 9,000,000"
Toyota Corolla 2006 Gray,Toyota,Corolla,2006,foreign used,automatic,"₦ 6,800,000"
Toyota Avensis 2.0 D-4D 2006 Green,Toyota,Avensis 2,2006,local used,automatic,"₦ 3,500,000"
Mazda CX-5 Grand Touring AWD 2013 White,Mazda,CX-5 Grand,2013,foreign used,automatic,"₦ 13,500,000"
Toyota Sienna 2009,Toyota,Sienna,2009,local used,automatic,"₦ 7,000,000"
Honda Accord 2009 Silver,Honda,Accord,2009,local used,automatic,"₦ 5,000,000"
Hyundai Sonata 2014 Gray,Hyundai,Sonata,2014,foreign used,automatic,"₦ 10,000,000"
Lexus ES 2025 Silver,Lexus,ES,2025,foreign used,automatic,"₦ 11,000,000"
Ford Focus 2017 Gray,Ford,Focus,2017,local used,automatic,"₦ 7,500,000"
Kia Rio EX 4dr Sedan (1.6L 4cyl 6A) 2012 Red,Kia,Rio EX,2012,local used,automatic,"₦ 4,500,000"
Mercedes-Benz M Class ML 350 4Matic 2012 Gray,Mercedes-Benz,M Class,2012,local used,automatic,"₦ 16,500,000"
Lexus RX 350 2011 Black,Lexus,RX 350,2011,foreign used,automatic,"₦ 18,000,000"
Toyota Camry XLE V6 4dr Sedan (3.0L 6cyl 4A) 2002 Gold,Toyota,Camry XLE,2002,local used,automatic,"₦ 2,700,000"
Lexus ES 350 2008 Gray,Lexus,ES 350,2008,local used,automatic,"₦ 7,500,000"
Toyota Sienna 2000 Gray,Toyota,Sienna,2000,local used,automatic,"₦ 4,000,000"
Lexus ES 350 2011 Red,Lexus,ES 350,2011,foreign used,automatic,"₦ 9,500,000"
Toyota RAV4 2016 White,Toyota,RAV4,2016,foreign used,automatic,"₦ 20,000,000"
Toyota Corolla Base 4dr Sedan (1.8L 4cyl 5M) 2011 Gray,Toyota,Corolla Base,2011,local used,automatic,"₦ 8,000,000"
Lexus LS 460 2008 Black,Lexus,LS 460,2008,local used,automatic,"₦ 7,000,000"
Toyota Venza 2010 Blue,Toyota,Venza,2010,foreign used,automatic,"₦ 15,300,000"
Toyota Corolla 1.8 LE 2008 Gold,Toyota,Corolla 1,2008,local used,automatic,"₦ 8,000,000"
Toyota Fortuner 4.0 AWD 2015 Gray,Toyota,Fortuner 4,2015,local used,automatic,"₦ 18,000,000"
Toyota Camry 2016 Red,Toyota,Camry,2016,foreign used,automatic,"₦ 17,465,625"
Toyota Tundra Double Cab 4x4 Limited 2011 Green,Toyota,Tundra Double,2011,foreign used,automatic,"₦ 26,000,000"
Toyota Camry 2008 Gray,Toyota,Camry,2008,foreign used,automatic,"₦ 9,200,000"
Toyota Camry LE 4dr Sedan (2.5L 4cyl 6A) 2015 White,Toyota,Camry LE,2015,foreign used,automatic,"₦ 13,000,000"
Toyota RAV4 2010 White,Toyota,RAV4,2010,local used,automatic,"₦ 9,000,000"
Mitsubishi Delica 2008 Yellow,Mitsubishi,Delica,2008,foreign used,automatic,"₦ 9,800,000"
Ford Mondeo 2005 Blue,Ford,Mondeo,2005,local used,automatic,"₦ 5,000,000"
BYD Song Plus DM-i 2025 Gray,BYD,Song Plus,2025,foreign used,automatic,"₦ 53,500,000"
Lexus RX 2010 White,Lexus,RX,2010,foreign used,automatic,"₦ 17,500,000"
Toyota Hilux SR 2016 White,Toyota,Hilux SR,2016,local used,manual,"₦ 34,000,000"
Honda Accord Crosstour 2013 Black,Honda,Accord Crosstour,2013,local used,automatic,"₦ 12,000,000"
Toyota Camry LE 4dr Sedan (2.4L 4cyl 5A) 2005 Red,Toyota,Camry LE,2005,local used,automatic,"₦ 4,400,000"
Toyota Sienna LE & 1 hatch 2000 Green,Toyota,Sienna LE,2000,local used,automatic,"₦ 2,600,000"
Toyota Sienna LE FWD 2006 Silver,Toyota,Sienna LE,2006,foreign used,automatic,"₦ 9,750,000"
Honda Accord Coupe EX-L V-6 Automatic 2011 Gray,Honda,Accord Coupe,2011,foreign used,automatic,"₦ 10,300,000"
Toyota Camry 2018 White,Toyota,Camry,2018,foreign used,automatic,"₦ 26,578,125"
Lexus ES 350 2008 White,Lexus,ES 350,2008,local used,automatic,"₦ 7,000,000"
Toyota Highlander XLE V6 4x4 (3.5L 6cyl 6A) 2016 Silver,Toyota,Highlander XLE,2016,foreign used,automatic,"₦ 26,500,000"
Toyota Highlander Limited 2012 Gray,Toyota,Highlander Limited,2012,foreign used,automatic,"₦ 18,000,000"
Mercedes-Benz CLA-Class CLA 250 4MATIC Sedan 2016 Black,Mercedes-Benz,CLA-Class CLA,2016,foreign used,automatic,"₦ 21,000,000"
Acura MDX 2015 White,Acura,MDX,2015,local used,automatic,"₦ 10,500,000"
Toyota Highlander Limited Platinum 2019 Gray,Toyota,Highlander Limited,2019,foreign used,automatic,"₦ 53,000,000"
Lexus RX 2000 Green,Lexus,RX,2000,local used,automatic,"₦ 4,000,000"
Hyundai Sonata Limited 2.0T Sedan (2.0L 4cyl 6A) 2012 Blue,Hyundai,Sonata Limited,2012,foreign used,automatic,"₦ 9,500,000"
Lexus LX 570 AWD 2014 Black,Lexus,LX 570,2014,local used,automatic,"₦ 58,000,000"
Mini Cooper 2012 White,Mini,Cooper,2012,local used,automatic,"₦ 8,500,000"
Toyota 4-Runner SR5 4x4 2004 Blue,Toyota,4-Runner SR5,2004,local used,automatic,"₦ 5,400,000"
Toyota Avalon XLE 2020 Black,Toyota,Avalon XLE,2020,foreign used,automatic,"₦ 43,000,000"
BMW X6 xDrive35i 4x4 Coupe (3.0L 6cyl 8A) 2011 White,BMW,X6 xDrive35i,2011,local used,automatic,"₦ 14,000,000"
Kia Soul 2013 Black,Kia,Soul,2013,local used,automatic,"₦ 5,062,500"
Honda Accord Sport 2.0T 2022 Red,Honda,Accord Sport,2022,foreign used,automatic,"₦ 27,000,000"
BMW 535i 2012 White,BMW,535i,2012,local used,automatic,"₦ 5,500,000"
Toyota Highlander V6 2006 Black,Toyota,Highlander V6,2006,local used,automatic,"₦ 5,200,000"
Toyota Hilux 2.0 VVT-i 2010 White,Toyota,Hilux 2,2010,local used,manual,"₦ 12,000,000"
Toyota Sienna CE AWD 2006 Blue,Toyota,Sienna CE,2006,local used,automatic,"₦ 5,500,000"
Toyota Sienna CE FWD (3.3L V6 5A) 2004 Gray,Toyota,Sienna CE,2004,local used,automatic,"₦ 5,400,000"
Toyota Venza 2013,Toyota,Venza,2013,local used,automatic,"₦ 11,500,000"
Mercedes-Benz GLC-Class 2020 Black,Mercedes-Benz,GLC-Class,2020,foreign used,automatic,"₦ 57,500,000"
Toyota Highlander 2005 Silver,Toyota,Highlander,2005,local used,automatic,"₦ 3,600,000"
Toyota Corolla 2007 Red,Toyota,Corolla,2007,foreign used,automatic,"₦ 4,500,000"
Toyota Corolla LE 2007 Blue,Toyota,Corolla LE,2007,local used,automatic,"₦ 5,600,000"
Acura RDX Automatic Tech Package 2007 Silver,Acura,RDX Automatic,2007,local used,automatic,"₦ 4,900,000"
Mercedes-Benz GLA 250 2016 Black,Mercedes-Benz,GLA 250,2016,foreign used,automatic,"₦ 19,800,000"
Hyundai Sonata Sport 4dr Sedan (2.4L 4cyl 6A) 2015 White,Hyundai,Sonata Sport,2015,foreign used,automatic,"₦ 11,000,000"
Toyota Corolla 2007 Gray,Toyota,Corolla,2007,local used,automatic,"₦ 5,189,062"
Toyota Corolla 2010 Gray,Toyota,Corolla,2010,local used,automatic,"₦ 6,000,000"
Toyota Avalon 2013 Silver,Toyota,Avalon,2013,foreign used,automatic,"₦ 13,700,000"
Lexus RX 2010 Black,Lexus,RX,2010,foreign used,automatic,"₦ 15,700,000"
Lexus GX 470 Sport Utility 2007 Blue,Lexus,GX 470,2007,local used,automatic,"₦ 6,999,999"
Lexus GX 470 2004 Gold,Lexus,GX 470,2004,local used,automatic,"₦ 12,600,000"
Toyota Corolla 2027 Silver,Toyota,Corolla,2027,local used,automatic,"₦ 5,000,000"
Toyota Camry 2006 Blue,Toyota,Camry,2006,local used,automatic,"₦ 4,400,000"
Toyota Camry LE 4dr Sedan (2.5L 4cyl 6A) 2013 Gray,Toyota,Camry LE,2013,foreign used,automatic,"₦ 13,000,000"
Honda CR-V 1997 Green,Honda,CR-V,1997,local used,automatic,"₦ 2,500,000"
Toyota Camry SE 4dr Sedan (2.5L 4cyl 6A) 2016 Gray,Toyota,Camry SE,2016,foreign used,automatic,"₦ 16,500,000"
Lexus RX 2010 Gray,Lexus,RX,2010,local used,automatic,"₦ 12,980,000"
Toyota Corolla 2012 Silver,Toyota,Corolla,2012,local used,automatic,"₦ 9,200,000"
Toyota Corolla 2006 Blue,Toyota,Corolla,2006,local used,automatic,"₦ 5,062,500"
Hyundai Santa Fe GLS 4dr SUV AWD (3.3L 6cyl 6A) 2015 Brown,Hyundai,Santa Fe,2015,foreign used,automatic,"₦ 13,999,999"
Toyota Venza AWD 2012 Brown,Toyota,Venza AWD,2012,foreign used,automatic,"₦ 17,500,000"
Mercedes-Benz GLE-Class AMG GLE 43 4MATIC 2017 Gray,Mercedes-Benz,GLE-Class AMG,2017,foreign used,automatic,"₦ 52,000,000"
Lexus RX 350 F Sport AWD 2016 Black,Lexus,RX 350,2016,foreign used,automatic,"₦ 41,525,000"
Toyota Camry 2005 Black,Toyota,Camry,2005,local used,automatic,"₦ 3,700,000"
Toyota Camry XSE V6 FWD 2020 Black,Toyota,Camry XSE,2020,foreign used,automatic,"₦ 32,000,000"
Toyota Camry 2004 Silver,Toyota,Camry,2004,local used,automatic,"₦ 3,750,000"
Toyota Camry 2.4 WT-i 2005 Black,Toyota,Camry 2,2005,foreign used,automatic,"₦ 8,000,000"
Toyota Camry 2011 Silver,Toyota,Camry,2011,local used,automatic,"₦ 5,000,000"
Toyota Highlander 2010 Silver,Toyota,Highlander,2010,foreign used,automatic,"₦ 11,900,000"
Toyota Hilux 2021 White,Toyota,Hilux,2021,local used,manual,"₦ 47,000,000"
Honda Accord Sedan LX Automatic 2011 Burgundy,Honda,Accord Sedan,2011,local used,automatic,"₦ 5,200,000"
Toyota Camry 2010 Black,Toyota,Camry,2010,local used,automatic,"₦ 6,100,000"
Mercedes-Benz GLE-Class 2016 White,Mercedes-Benz,GLE-Class,2016,foreign used,automatic,"₦ 52,500,000"
Toyota Sienna XLE (3.5L 6cyl 8A) 2018 Black,Toyota,Sienna XLE,2018,foreign used,automatic,"₦ 30,000,000"
Toyota Tundra Limited 2022 Black,Toyota,Tundra Limited,2022,foreign used,automatic,"₦ 73,000,000"
Lexus ES 350 2009 White,Lexus,ES 350,2009,local used,automatic,"₦ 6,000,000"
Lexus RX 350 2010 White,Lexus,RX 350,2010,foreign used,automatic,"₦ 20,000,000"
Toyota Camry LE 4dr Sedan (2.4L 4cyl 5A) 2009 Silver,Toyota,Camry LE,2009,local used,automatic,"₦ 6,500,000"
Toyota Avalon 2014 Silver,Toyota,Avalon,2014,local used,automatic,"₦ 12,700,000"
Volkswagen Golf 1.6 FSi 2001 Silver,Volkswagen,Golf 1,2001,foreign used,automatic,"₦ 6,000,000"
Lexus RX 350 AWD 2013 Black,Lexus,RX 350,2013,foreign used,automatic,"₦ 24,000,000"
Toyota Corolla 2015 Gray,Toyota,Corolla,2015,local used,automatic,"₦ 10,000,000"
Toyota Camry 2005 Gold,Toyota,Camry,2005,local used,automatic,"₦ 3,850,000"
Toyota Camry 2008 Black,Toyota,Camry,2008,local used,automatic,"₦ 7,000,000"
Toyota Highlander 2020 Gray,Toyota,Highlander,2020,foreign used,automatic,"₦ 54,500,000"
Toyota Highlander 2005 Blue,Toyota,Highlander,2005,local used,automatic,"₦ 5,000,000"
Toyota Corolla Cross 2024 White,Toyota,Corolla Cross,2024,foreign used,automatic,"₦ 35,000,000"
Lexus RX 300 4WD 2000 Gold,Lexus,RX 300,2000,foreign used,automatic,"₦ 4,000,000"
Honda Accord 2012 Black,Honda,Accord,2012,local used,automatic,"₦ 5,000,000"
Toyota Hilux 2.0 VVT-i 2010 White,Toyota,Hilux 2,2010,local used,manual,"₦ 18,500,000"
Honda Accord 2.0 Comfort Automatic 2007 Gray,Honda,Accord 2,2007,local used,automatic,"₦ 2,900,000"
Volkswagen Golf GL 1.9 TDI Sedan 2004 Silver,Volkswagen,Golf GL,2004,foreign used,automatic,"₦ 6,300,000"
Toyota Highlander Limited 4dr SUV (3.5L 6cyl 6A) 2015 Maroon,Toyota,Highlander Limited,2015,foreign used,automatic,"₦ 28,500,000"
Toyota Camry 2004,Toyota,Camry,2004,local used,automatic,"₦ 2,600,000"
BYD Song Plus 2022 Gray,BYD,Song Plus,2022,foreign used,automatic,"₦ 35,500,000"
Volkswagen Golf 1.6 Comfortline 2005 Gray,Volkswagen,Golf 1,2005,foreign used,automatic,"₦ 6,500,000"
Toyota Corolla LE 4dr Sedan (1.8L 4cyl 4A) 2011 White,Toyota,Corolla LE,2011,local used,automatic,"₦ 6,500,000"
Toyota Avalon XLE Premium Sedan FWD (3.5L 6cyl 6A) 2017 Gold,Toyota,Avalon XLE,2017,foreign used,automatic,"₦ 20,550,000"
Mercedes-Benz E350 Base 4Matic Sedan AWD (3.5L 6cyl 7A) 2014 Blue,Mercedes-Benz,E350 Base,2014,foreign used,automatic,"₦ 19,999,999"
Toyota Hilux 2020 Black,Toyota,Hilux,2020,foreign used,automatic,"₦ 84,000,000"
Toyota Corolla 2008 Black,Toyota,Corolla,2008,local used,automatic,"₦ 5,950,000"
Rolls-Royce Cullinan Base 2020 White,Rolls-Royce,Cullinan Base,2020,foreign used,automatic,"₦ 590,000,000"
New Toyota Land Cruiser Prado 2025 Black,New,Toyota Land,2025,brand new,automatic,"₦ 150,000,000"
Mercedes-Benz 220 2021 Blue,Mercedes-Benz,220,2021,foreign used,automatic,"₦ 49,500,000"
Lexus TX TX 350 AWD 2024 Silver,Lexus,TX TX,2024,foreign used,automatic,"₦ 120,000,000"
Honda CR-V 2013 Gray,Honda,CR-V,2013,local used,automatic,"₦ 8,950,000"
Pontiac Vibe 2009 Red,Pontiac,Vibe,2009,local used,automatic,"₦ 5,650,000"
Audi A3 2024 Blue,Audi,A3,2024,foreign used,automatic,"₦ 48,000,000"
Toyota Corolla CE 2007 Red,Toyota,Corolla CE,2007,local used,automatic,"₦ 5,200,000"
Mercedes-Benz GLE-Class GLE 550 4MATIC 2015 White,Mercedes-Benz,GLE-Class GLE,2015,foreign used,automatic,"₦ 29,000,000"
Toyota Camry LE 4dr Sedan (2.5L 4cyl 6A) 2016 Gray,Toyota,Camry LE,2016,foreign used,automatic,"₦ 14,500,000"
Mercedes-Benz GLK-Class 350 2014 White,Mercedes-Benz,GLK-Class 350,2014,foreign used,automatic,"₦ 14,500,000"
Mercedes-Benz E350 2014 Gray,Mercedes-Benz,E350,2014,foreign used,automatic,"₦ 22,300,000"
Lexus RX 350 AWD 2018 Red,Lexus,RX 350,2018,foreign used,automatic,"₦ 36,000,000"
Toyota Venza LE 2010 Red,Toyota,Venza LE,2010,foreign used,automatic,"₦ 15,050,000"
Toyota Sienna SE Premium 8-Passenger 4dr Minivan (3.5L 6cyl 6A) 2015,Toyota,Sienna SE,2015,foreign used,automatic,"₦ 25,000,000"
Toyota Corolla Verso 1.6 2004 Red,Toyota,Corolla Verso,2004,foreign used,automatic,"₦ 9,000,000"
Mercedes-Benz E350 Base 4Matic Sedan AWD (3.5L 6cyl 7A) 2014 White,Mercedes-Benz,E350 Base,2014,foreign used,automatic,"₦ 17,500,000"
Toyota Sienna 2016 Gold,Toyota,Sienna,2016,foreign used,automatic,"₦ 19,500,000"
New Mercedes-Benz S-Class 2026 Blue,New,Mercedes-Benz S-Class,2026,brand new,automatic,"₦ 370,000,000"
Toyota Land Cruiser 2018 Black,Toyota,Land Cruiser,2018,local used,automatic,"₦ 79,500,000"
Kia Picanto 2010 Silver,Kia,Picanto,2010,foreign used,manual,"₦ 4,753,000"
Mercedes-Benz M Class 2011 Gray,Mercedes-Benz,M Class,2011,foreign used,automatic,"₦ 12,500,000"
New Jetour T2 2025 Black,New,Jetour T2,2025,brand new,automatic,"₦ 78,000,000"
Suzuki Baleno 2019 Blue,Suzuki,Baleno,2019,local used,automatic,"₦ 16,000,000"
New Lexus LX LX 600 2024 Black,New,Lexus LX,2024,brand new,automatic,"₦ 550,000,000"
Mercedes-Benz G-Class G 63 AMG 4MATIC 2020 Black,Mercedes-Benz,G-Class G,2020,local used,automatic,"₦ 220,000,000"
Mercedes-Benz GLE-Class AMG GLE 63 S AWD 2025 White,Mercedes-Benz,GLE-Class AMG,2025,foreign used,automatic,"₦ 320,000,000"
Mercedes-Benz CLA-Class CLA 250 4MATIC Sedan 2021 Black,Mercedes-Benz,CLA-Class CLA,2021,foreign used,automatic,"₦ 55,000,000"
Mercedes-Benz GLE-Class AMG GLE 63 S 4MATIC 2019 White,Mercedes-Benz,GLE-Class AMG,2019,local used,automatic,"₦ 73,000,000"
Honda Accord 2007 Gold,Honda,Accord,2007,foreign used,automatic,"₦ 2,700,000"
Honda Pilot 2010 Black,Honda,Pilot,2010,local used,automatic,"₦ 5,200,000"
Toyota Camry XLE V6 4dr Sedan (3.5L 6cyl 6A) 2013 White,Toyota,Camry XLE,2013,foreign used,automatic,"₦ 15,500,000"
Mercedes-Benz GLC-Class 2017 Black,Mercedes-Benz,GLC-Class,2017,foreign used,automatic,"₦ 45,000,000"
Toyota Venza V6 AWD 2012 Brown,Toyota,Venza V6,2012,foreign used,automatic,"₦ 17,500,000"
Mercedes-Benz C180 2002 Blue,Mercedes-Benz,C180,2002,local used,automatic,"₦ 2,500,000"
Lexus GX 470 2007 Black,Lexus,GX 470,2007,local used,automatic,"₦ 12,450,000"
Toyota Sienna SE FWD 8-Passenger 2013 Black,Toyota,Sienna SE,2013,foreign used,automatic,"₦ 14,500,000"
New Lexus LX LX 700h 2025 Black,New,Lexus LX,2025,brand new,automatic,"₦ 355,000,000"
Nissan Rogue 2016 Blue,Nissan,Rogue,2016,foreign used,automatic,"₦ 16,900,000"
New Toyota Hilux 2025 Black,New,Toyota Hilux,2025,brand new,automatic,"₦ 94,500,000"
Hyundai Elantra 2013 Black,Hyundai,Elantra,2013,local used,automatic,"₦ 6,100,000"
Mercedes-Benz GLE-Class 2016 Black,Mercedes-Benz,GLE-Class,2016,local used,automatic,"₦ 24,500,000"
Mercedes-Benz GLC-Class 2025 Black,Mercedes-Benz,GLC-Class,2025,foreign used,automatic,"₦ 160,000,000"
Toyota Camry LE AWD 2024 Black,Toyota,Camry LE,2024,foreign used,automatic,"₦ 41,500,000"
Toyota Hilux 2023 White,Toyota,Hilux,2023,foreign used,automatic,"₦ 92,000,000"
Lexus LX 2017 Black,Lexus,LX,2017,foreign used,automatic,"₦ 78,000,000"
Toyota Matrix 2004 Blue,Toyota,Matrix,2004,local used,automatic,"₦ 4,550,000"
Toyota Camry 2010 Green,Toyota,Camry,2010,local used,automatic,"₦ 6,150,000"
Honda Accord 2012 White,Honda,Accord,2012,local used,automatic,"₦ 5,500,000"
Lexus RX 350 2010 Black,Lexus,RX 350,2010,foreign used,automatic,"₦ 17,200,000"
Lexus RX 350 2010 Gray,Lexus,RX 350,2010,foreign used,automatic,"₦ 16,000,000"
Acura ZDX Base AWD 2010 Gray,Acura,ZDX Base,2010,foreign used,automatic,"₦ 18,500,000"
Mercedes-Benz GLE-Class 2016 White,Mercedes-Benz,GLE-Class,2016,foreign used,automatic,"₦ 50,000,000"
Toyota Avalon XLE Plus FWD Sedan (3.6L 6cyl 6A) 2016 Black,Toyota,Avalon XLE,2016,foreign used,automatic,"₦ 20,000,000"
Hyundai Sonata SE 2020 Blue,Hyundai,Sonata SE,2020,foreign used,automatic,"₦ 17,500,000"
Toyota Sienna 2006 Gray,Toyota,Sienna,2006,foreign used,automatic,"₦ 8,200,000"
Toyota Highlander 2001 Black,Toyota,Highlander,2001,local used,automatic,"₦ 4,900,000"
Mazda CX-9 2009 Blue,Mazda,CX-9,2009,local used,automatic,"₦ 5,500,000"
New Rolls-Royce Cullinan 2024 Black,New,Rolls-Royce Cullinan,2024,brand new,automatic,"₦ 1,590,000,000"
Toyota Corolla 2010 Gold,Toyota,Corolla,2010,local used,automatic,"₦ 6,300,000"
Mercedes-Benz GL-Class 2014 White,Mercedes-Benz,GL-Class,2014,foreign used,automatic,"₦ 74,500,000"
Lexus LX 570 AWD 2013 Black,Lexus,LX 570,2013,local used,automatic,"₦ 29,950,000"
Mercedes-Benz GLE-Class GLE 350 4MATIC 2020 Black,Mercedes-Benz,GLE-Class GLE,2020,foreign used,automatic,"₦ 69,500,000"
Lexus ES 350 2010 Black,Lexus,ES 350,2010,local used,automatic,"₦ 7,700,000"
Honda Accord 2008 Silver,Honda,Accord,2008,local used,automatic,"₦ 5,500,000"
BMW 535i 2012 Blue,BMW,535i,2012,foreign used,automatic,"₦ 18,500,000"
Rolls-Royce Ghost Standard 2013 Gray,Rolls-Royce,Ghost Standard,2013,foreign used,automatic,"₦ 385,000,000"
Hyundai Santa Fe 2015 Silver,Hyundai,Santa Fe,2015,foreign used,automatic,"₦ 20,000,000"
Lexus LX 2023 Gray,Lexus,LX,2023,local used,automatic,"₦ 205,000,000"
Toyota Corolla 2003 Gold,Toyota,Corolla,2003,local used,automatic,"₦ 3,950,000"
Toyota RAV4 2010 Black,Toyota,RAV4,2010,local used,automatic,"₦ 6,750,000"
Lexus ES 350 FWD 2014 Red,Lexus,ES 350,2014,foreign used,automatic,"₦ 16,800,000"
Toyota RAV4 Adventure AWD 2020 Black,Toyota,RAV4 Adventure,2020,foreign used,automatic,"₦ 45,700,000"
Mercedes-Benz AMG GT 2022 White,Mercedes-Benz,AMG GT,2022,foreign used,automatic,"₦ 195,000,000"
Toyota Sienna 2012 White,Toyota,Sienna,2012,local used,automatic,"₦ 9,800,000"
Honda Accord 2018 Black,Honda,Accord,2018,local used,automatic,"₦ 18,950,000"
New Toyota Hilux 2024 Red,New,Toyota Hilux,2024,brand new,automatic,"₦ 125,000,000"
Volkswagen Beetle 1968 Blue,Volkswagen,Beetle,1968,local used,manual,"₦ 4,000,000"
Hyundai Palisade Limited 2023 White,Hyundai,Palisade Limited,2023,foreign used,automatic,"₦ 92,000,000"
Toyota Highlander Limited 2012 Black,Toyota,Highlander Limited,2012,local used,automatic,"₦ 14,000,000"
Honda Accord 2.0 i-VTEC Automatic 2009 Black,Honda,Accord 2,2009,local used,automatic,"₦ 4,300,000"
Toyota Tacoma TRD PRO V6 4dr Access Cab 4WD 6.1 ft. SB (4.0L 6cyl 5A),,,,foreign used,automatic,"₦ 24,000,000"
Toyota Land Cruiser Prado 2017 Black,Toyota,Land Cruiser,2017,local used,automatic,"₦ 38,000,000"
Acura MDX Touring 4dr SUV AWD (3.5L 6cyl 5A) 2006 Red,Acura,MDX Touring,2006,local used,automatic,"₦ 2,520,000"
Dodge Caliber 2011 Black,Dodge,Caliber,2011,local used,,"₦ 2,950,000"
Toyota Tundra SR 5.7L V8 4x4 Double Cab 6.6 ft. box 145.7 in. WB 2016,Toyota,Tundra SR,2016,foreign used,,"₦ 44,000,000"
Toyota Land Cruiser Prado 2010 Silver,Toyota,Land Cruiser,2010,foreign used,automatic,"₦ 35,000,000"
Ford Edge 2011 Red,Ford,Edge,2011,foreign used,automatic,"₦ 8,900,000"
Nissan Pathfinder 2002 Silver,Nissan,Pathfinder,2002,local used,automatic,"₦ 2,950,000"
New Tesla Cybertruck 2024 Gray,New,Tesla Cybertruck,2024,brand new,automatic,"₦ 345,000,000"
Mercedes-Benz GLC-Class 2017 Brown,Mercedes-Benz,GLC-Class,2017,local used,automatic,"₦ 48,000,000"
Lexus RX 2017 White,Lexus,RX,2017,foreign used,automatic,"₦ 45,000,000"
Toyota Land Cruiser Prado 2014 Black,Toyota,Land Cruiser,2014,local used,automatic,"₦ 27,000,000"
Toyota Land Cruiser 2023 Blue,Toyota,Land Cruiser,2023,local used,automatic,"₦ 130,000,000"
Toyota Hilux 2019 White,Toyota,Hilux,2019,local used,automatic,"₦ 46,500,000"
Honda Accord EX-L 4dr Sedan FWD (2.4L 4cyl 2A) 2013 Gray,Honda,Accord EX-L,2013,foreign used,automatic,"₦ 14,000,000"
Toyota Sienna 2000 Silver,Toyota,Sienna,2000,local used,automatic,"₦ 3,480,000"
Lexus RX 350 AWD 2008 Blue,Lexus,RX 350,2008,local used,automatic,"₦ 7,199,999"
Mercedes-Benz C300 Base AWD 4Matic Sedan (2.0L 4cyl 7A) 2015 White,Mercedes-Benz,C300 Base,2015,foreign used,automatic,"₦ 19,500,000"
Toyota Venza V6 2010 Black,Toyota,Venza V6,2010,foreign used,automatic,"₦ 19,700,000"
Mercedes-Benz M Class ML 350 4Matic 2012 White,Mercedes-Benz,M Class,2012,local used,automatic,"₦ 18,000,000"
Toyota Camry XSE FWD (2.5L 4cyl 8AM) 2018 White,Toyota,Camry XSE,2018,foreign used,automatic,"₦ 31,500,000"
Toyota Camry 2008 Blue,Toyota,Camry,2008,local used,automatic,"₦ 3,990,000"
Hyundai Sonata 2015 Black,Hyundai,Sonata,2015,foreign used,automatic,"₦ 12,350,000"
Nissan X-Trail 2006 Silver,Nissan,X-Trail,2006,local used,automatic,"₦ 4,800,000"
Mercedes-Benz GLE-Class AMG GLE 53 4MATIC 2021 Red,Mercedes-Benz,GLE-Class AMG,2021,local used,automatic,"₦ 100,500,000"
Lexus LX 2022 Black,Lexus,LX,2022,foreign used,automatic,"₦ 208,000,000"
Mercedes-Benz GLK-Class 2015 Silver,Mercedes-Benz,GLK-Class,2015,foreign used,automatic,"₦ 18,200,000"
Mercedes-Benz C43 2023 White,Mercedes-Benz,C43,2023,foreign used,automatic,"₦ 120,000,000"
Mercedes-Benz GLE-Class AMG GLE 43 4MATIC 2018 Silver,Mercedes-Benz,GLE-Class AMG,2018,foreign used,automatic,"₦ 46,500,000"
Mercedes-Benz GLE-Class AMG GLE 53 4MATIC 2021 Black,Mercedes-Benz,GLE-Class AMG,2021,foreign used,automatic,"₦ 120,000,000"
Mercedes-Benz GL-Class 2014 Black,Mercedes-Benz,GL-Class,2014,local used,automatic,"₦ 14,000,000"
Toyota Camry 2014 Gold,Toyota,Camry,2014,foreign used,automatic,"₦ 17,718,750"
Toyota Highlander 2013 Black,Toyota,Highlander,2013,foreign used,automatic,"₦ 19,250,000"
Lexus IS 250 2008 Silver,Lexus,IS 250,2008,local used,automatic,"₦ 6,250,000"
Mercedes-Benz A-Class 2020 Gray,Mercedes-Benz,A-Class,2020,foreign used,automatic,"₦ 26,000,000"
Mercedes-Benz GL-Class 2009 Silver,Mercedes-Benz,GL-Class,2009,local used,automatic,"₦ 6,850,000"
Toyota FJ Cruiser Base 4x4 2007 Black,Toyota,FJ Cruiser,2007,local used,automatic,"₦ 8,500,000"
Toyota Camry XLE 4dr Sedan (2.4L 4cyl 5A) 2007 Silver,Toyota,Camry XLE,2007,foreign used,automatic,"₦ 9,300,000"
Toyota Camry 2010 Green,Toyota,Camry,2010,foreign used,automatic,"₦ 10,500,000"
Nissan Murano S 2011 Gold,Nissan,Murano S,2011,local used,automatic,"₦ 6,880,000"
Acura RDX 2007 Gray,Acura,RDX,2007,local used,automatic,"₦ 5,600,000"
Rolls-Royce Cullinan 2022 White,Rolls-Royce,Cullinan,2022,foreign used,automatic,"₦ 699,999,999"
New Toyota Hilux 2024 White,New,Toyota Hilux,2024,brand new,automatic,"₦ 112,000,000"
Toyota C-HR 2017 Red,Toyota,C-HR,2017,foreign used,automatic,"₦ 25,000,000"
Toyota Corolla 2015 Silver,Toyota,Corolla,2015,local used,automatic,"₦ 9,550,000"
Honda CR-V 2012 Silver,Honda,CR-V,2012,local used,automatic,"₦ 8,500,000"
Lexus RX 2002 White,Lexus,RX,2002,local used,automatic,"₦ 4,150,000"
Toyota Camry 2004 Blue,Toyota,Camry,2004,local used,automatic,"₦ 3,440,000"
Toyota Sienna LE AWD 2005 Gold,Toyota,Sienna LE,2005,foreign used,automatic,"₦ 11,500,000"
Toyota Sienna XLE AWD 2005 Gold,Toyota,Sienna XLE,2005,foreign used,automatic,"₦ 12,500,000"
Honda Pilot 2013 Gray,Honda,Pilot,2013,foreign used,automatic,"₦ 11,500,000"
Toyota Sienna LE FWD 2006 Silver,Toyota,Sienna LE,2006,foreign used,automatic,"₦ 12,500,000"
Toyota Camry LE FWD 2020 White,Toyota,Camry LE,2020,foreign used,automatic,"₦ 20,000,000"
Mercedes-Benz GL-Class GL450 4MATIC 4dr SUV AWD (3.0L 6cyl Turbo 7A),,,,foreign used,automatic,"₦ 30,500,000"
Toyota Highlander Limited 2019 White,Toyota,Highlander Limited,2019,foreign used,automatic,"₦ 35,000,000"
Toyota Corolla LE 4dr Sedan (1.8L 4cyl CVT) 2016 Red,Toyota,Corolla LE,2016,foreign used,automatic,"₦ 12,950,000"
Toyota Camry XLE V6 4dr Sedan (3.5L 6cyl 6AM) 2007 Gold,Toyota,Camry XLE,2007,local used,automatic,"₦ 4,950,000"
Toyota Corolla 2018 Silver,Toyota,Corolla,2018,foreign used,automatic,"₦ 15,300,000"
Toyota Corolla SE 2020 Black,Toyota,Corolla SE,2020,foreign used,automatic,"₦ 24,300,000"
Mercedes-Benz M Class 2011 Black,Mercedes-Benz,M Class,2011,local used,automatic,"₦ 9,300,000"
Mercedes-Benz G-Class G 63 AMG 4MATIC 2020 Gold,Mercedes-Benz,G-Class G,2020,local used,automatic,"₦ 236,000,000"
Toyota Land Cruiser LC300 2024 Black,Toyota,Land Cruiser,2024,foreign used,automatic,"₦ 145,000,000"
Mercedes-Benz GLE-Class 2024 Black,Mercedes-Benz,GLE-Class,2024,foreign used,automatic,"₦ 125,000,000"
Mercedes-Benz GLE-Class GLE 350 2017 White,Mercedes-Benz,GLE-Class GLE,2017,foreign used,automatic,"₦ 36,000,000"
Mercedes-Benz GLC-Class 2017 Red,Mercedes-Benz,GLC-Class,2017,foreign used,automatic,"₦ 53,000,000"
Toyota Tundra 2024 Gray,Toyota,Tundra,2024,foreign used,automatic,"₦ 95,000,000"
Mercedes-Benz GLE-Class AMG GLE 63 S 4MATIC 2016 Gray,Mercedes-Benz,GLE-Class AMG,2016,local used,automatic,"₦ 63,000,000"
BMW M2 3.0 RWD 2016 White,BMW,M2 3,2016,foreign used,automatic,"₦ 35,000,000"
Mercedes-Benz M Class ML350 4MATIC 4dr SUV AWD (3.5L 6cyl 7A) 2014,Mercedes-Benz,M Class,2014,foreign used,automatic,"₦ 17,600,000"
Lexus RX 350 F SPORT AWD 2024 White,Lexus,RX 350,2024,foreign used,automatic,"₦ 100,000,000"
Mercedes-Benz GLE-Class AMG GLE 43 4MATIC 2018 Gray,Mercedes-Benz,GLE-Class AMG,2018,foreign used,automatic,"₦ 43,000,000"
Jetour X70 Plus 2025 Black,Jetour,X70 Plus,2025,foreign used,automatic,"₦ 37,000,000"
Toyota Hilux 2021 White,Toyota,Hilux,2021,foreign used,automatic,"₦ 79,000,000"
Volkswagen Golf 2000 Silver,Volkswagen,Golf,2000,local used,manual,"₦ 2,580,000"
Toyota Camry 2003 Silver,Toyota,Camry,2003,local used,automatic,"₦ 3,306,000"
Lexus RX 2008 Silver,Lexus,RX,2008,local used,automatic,"₦ 6,950,000"
New Toyota Camry 2025 Black,New,Toyota Camry,2025,brand new,automatic,"₦ 85,000,000"
Toyota Sienna 2008 Gold,Toyota,Sienna,2008,local used,automatic,"₦ 6,480,000"
Honda Civic 2017 White,Honda,Civic,2017,local used,automatic,"₦ 8,900,000"
Jeep Compass Latitude 4dr SUV 4WD (2.4L 4cyl 6A) 2014 Red,Jeep,Compass Latitude,2014,local used,automatic,"₦ 6,960,937"
Mercedes-Benz CLK 2009 Silver,Mercedes-Benz,CLK,2009,local used,automatic,"₦ 3,850,000"
Toyota Corolla Verso 1.6 2007 Black,Toyota,Corolla Verso,2007,foreign used,automatic,"₦ 11,000,000"
Toyota Avalon Limited 4dr Sedan (3.5L 6cyl 6A) 2014 Gray,Toyota,Avalon Limited,2014,foreign used,automatic,"₦ 18,800,000"
Mercedes-Benz CLA-Class CLA 250 Sedan 2019 Black,Mercedes-Benz,CLA-Class CLA,2019,foreign used,automatic,"₦ 18,000,000"
Honda Civic 2008 Gray,Honda,Civic,2008,local used,automatic,"₦ 4,700,000"
Toyota Highlander Platinum AWD 2020 White,Toyota,Highlander Platinum,2020,foreign used,automatic,"₦ 69,000,000"
Toyota Hilux 2021 Black,Toyota,Hilux,2021,local used,automatic,"₦ 68,000,000"
Ford Explorer Limited 4dr SUV (3.5L 6cyl 6A) 2014 Black,Ford,Explorer Limited,2014,local used,automatic,"₦ 6,950,000"
Lexus ES 350 2007 Black,Lexus,ES 350,2007,local used,automatic,"₦ 5,500,000"
Honda Accord 2004 Gold,Honda,Accord,2004,local used,automatic,"₦ 3,300,000"
Mercedes-Benz GLC-Class 2016 Blue,Mercedes-Benz,GLC-Class,2016,local used,automatic,"₦ 19,000,000"
Hyundai Santa Fe 2017 Gray,Hyundai,Santa Fe,2017,foreign used,automatic,"₦ 20,800,000"
Toyota Venza 2011 Green,Toyota,Venza,2011,foreign used,automatic,"₦ 15,950,000"
Toyota Corolla 2020 White,Toyota,Corolla,2020,local used,automatic,"₦ 17,850,000"
Jeep Gladiator 2021 Off white,Jeep,Gladiator,2021,foreign used,automatic,"₦ 69,000,000"
Mercedes-Benz GLE-Class 2016 Gray,Mercedes-Benz,GLE-Class,2016,local used,automatic,"₦ 34,500,000"
Dodge Challenger 2018 White,Dodge,Challenger,2018,local used,automatic,"₦ 19,500,000"
Mercedes-Benz GLE-Class 2016 White,Mercedes-Benz,GLE-Class,2016,local used,automatic,"₦ 35,000,000"
Hyundai Sonata SE Sedan FWD (2.4L 4cyl 6A) 2012 Gray,Hyundai,Sonata SE,2012,foreign used,automatic,"₦ 10,000,000"
Hyundai Santa Fe GLS 4dr SUV AWD (3.3L 6cyl 6A) 2014 Blue,Hyundai,Santa Fe,2014,foreign used,automatic,"₦ 17,000,000"
Hyundai Sonata GLS 4dr Sedan (2.4L 4cyl 6A) 2014 Black,Hyundai,Sonata GLS,2014,local used,automatic,"₦ 6,800,000"
Hyundai Santa Fe 2014 Green,Hyundai,Santa Fe,2014,foreign used,automatic,"₦ 16,800,000"
Nissan Rogue S 2009 White,Nissan,Rogue S,2009,local used,automatic,"₦ 3,950,000"
New Ferrari 488 GTB 2025 Red,New,Ferrari 488,2025,brand new,automatic,"₦ 175,000,000"
Honda Civic 2010 Red,Honda,Civic,2010,local used,automatic,"₦ 4,700,000"
ZX Auto Grand Tiger 2012 White,ZX,Auto Grand,2012,foreign used,manual,"₦ 18,000,000"
Mercedes-Benz C230 2004 Gray,Mercedes-Benz,C230,2004,local used,automatic,"₦ 3,800,000"
Land Rover Range Rover Vogue 2016 Black,Land,Rover Range,2016,local used,automatic,"₦ 23,800,000"
Mercedes-Benz GLE-Class 2020 Gray,Mercedes-Benz,GLE-Class,2020,local used,automatic,"₦ 58,000,000"
BMW X5 2015 Black,BMW,X5,2015,foreign used,automatic,"₦ 16,280,000"
Toyota Land Cruiser 2015 Black,Toyota,Land Cruiser,2015,local used,automatic,"₦ 53,000,000"
Toyota Camry SE w/Special Edition Pkg (2.5L 4cyl 6A) 2016 Red,Toyota,Camry SE,2016,foreign used,automatic,"₦ 15,500,000"
Mercedes-Benz GLE-Class GLE 350 4MATIC 2021 White,Mercedes-Benz,GLE-Class GLE,2021,foreign used,automatic,"₦ 63,000,000"
Ford Edge SEL 4dr AWD (3.5L 6cyl 6A) 2008 Black,Ford,Edge SEL,2008,local used,automatic,"₦ 3,200,000"
Mercedes-Benz GLE-Class 2017 Blue,Mercedes-Benz,GLE-Class,2017,foreign used,automatic,"₦ 57,000,000"
Mercedes-Benz GLE-Class GLE 350d 4MATIC 2016 Black,Mercedes-Benz,GLE-Class GLE,2016,foreign used,automatic,"₦ 31,000,000"
Mercedes-Benz E350 2010 Gray,Mercedes-Benz,E350,2010,local used,automatic,"₦ 8,500,000"
Hyundai Elantra 2009 Green,Hyundai,Elantra,2009,local used,automatic,"₦ 3,990,000"
Lexus ES 2017 Gray,Lexus,ES,2017,foreign used,automatic,"₦ 27,000,000"
Toyota Corolla 2008 Black,Toyota,Corolla,2008,local used,automatic,"₦ 5,900,000"
Toyota RAV4 2006 Silver,Toyota,RAV4,2006,local used,automatic,"₦ 6,680,000"
Infiniti QX56 2012 Black,Infiniti,QX56,2012,local used,automatic,"₦ 18,500,000"
Lexus LX 2016 White,Lexus,LX,2016,foreign used,automatic,"₦ 119,000,000"
Mazda CX-7 2011 Purple,Mazda,CX-7,2011,local used,automatic,"₦ 3,950,000"
Honda Accord 2005 Silver,Honda,Accord,2005,local used,automatic,"₦ 3,480,000"
Toyota Highlander 2004 Gold,Toyota,Highlander,2004,local used,automatic,"₦ 4,880,000"
Rolls-Royce Cullinan Base 2021 White,Rolls-Royce,Cullinan Base,2021,foreign used,automatic,"₦ 760,000,000"
Mercedes-Benz G-Class G 63 AMG 2024 Blue,Mercedes-Benz,G-Class G,2024,foreign used,automatic,"₦ 385,000,000"
Mercedes-Benz S-Class S 550 2012 Black,Mercedes-Benz,S-Class S,2012,local used,automatic,"₦ 28,500,000"
Toyota Sienna LE 2008 Blue,Toyota,Sienna LE,2008,local used,automatic,"₦ 6,050,000"
Toyota Highlander 2005 White,Toyota,Highlander,2005,local used,automatic,"₦ 5,850,000"
Lexus RX 2018 Black,Lexus,RX,2018,foreign used,automatic,"₦ 41,500,000"
Toyota Hilux 2017 White,Toyota,Hilux,2017,local used,manual,"₦ 39,500,000"
Toyota Hilux 2012 White,Toyota,Hilux,2012,local used,manual,"₦ 16,500,000"
Mercedes-Benz C300 2009 White,Mercedes-Benz,C300,2009,foreign used,automatic,"₦ 15,000,000"
Mercedes-Benz GLK-Class 2011 White,Mercedes-Benz,GLK-Class,2011,foreign used,automatic,"₦ 20,000,000"
Toyota RAV4 XLE Premium 2026 Red,Toyota,RAV4 XLE,2026,foreign used,automatic,"₦ 63,000,000"
Toyota RAV4 XLE Premium 2025 Gray,Toyota,RAV4 XLE,2025,foreign used,automatic,"₦ 62,000,000"
Toyota Camry 2011 Gold,Toyota,Camry,2011,local used,automatic,"₦ 8,000,000"
Lexus RX 350 2010 Blue,Lexus,RX 350,2010,foreign used,automatic,"₦ 19,500,000"
Lexus IS 250 4WD 2015 Black,Lexus,IS 250,2015,foreign used,automatic,"₦ 18,500,000"
Hyundai Sonata 2012 Black,Hyundai,Sonata,2012,foreign used,automatic,"₦ 9,000,000"
New Lexus GX 2025 Black,New,Lexus GX,2025,brand new,automatic,"₦ 265,000,000"
Toyota Sienna 2005 Gold,Toyota,Sienna,2005,local used,automatic,"₦ 5,780,000"
Toyota Camry Automatic 1999 Silver,Toyota,Camry Automatic,1999,local used,automatic,"₦ 1,990,000"
Hyundai Sonata 2017 Silver,Hyundai,Sonata,2017,foreign used,automatic,"₦ 11,850,000"
Toyota Camry 2013 Gray,Toyota,Camry,2013,foreign used,automatic,"₦ 12,000,000"
Chevrolet Camaro 2015 Yellow,Chevrolet,Camaro,2015,foreign used,automatic,"₦ 27,500,000"
New Rolls-Royce Cullinan Black Badge 2024 Black,New,Rolls-Royce Cullinan,2024,brand new,automatic,"₦ 1,500,000,000"
BMW X5 2011 White,BMW,X5,2011,local used,automatic,"₦ 6,800,000"
Mercedes-Benz G-Class G63 AMG 4dr SUV 4WD (5.5L 8cyl Turbo 7A) 2014,Mercedes-Benz,G-Class G63,2014,local used,automatic,"₦ 63,000,000"
Toyota Hilux 2023 White,Toyota,Hilux,2023,local used,automatic,"₦ 48,000,000"
Toyota Hilux 2023 White,Toyota,Hilux,2023,foreign used,automatic,"₦ 59,000,000"
Toyota Highlander Platinum AWD 2024 Black,Toyota,Highlander Platinum,2024,foreign used,automatic,"₦ 135,000,000"
Dodge Challenger R/T 2011 Black,Dodge,Challenger R,2011,foreign used,automatic,"₦ 13,999,999"
Toyota Tundra 2025 Gray,Toyota,Tundra,2025,foreign used,,"₦ 175,000,000"
Hyundai Sonata 2016 Black,Hyundai,Sonata,2016,foreign used,automatic,"₦ 13,500,000"
Mercedes-Benz CLA-Class 2015 Black,Mercedes-Benz,CLA-Class,2015,foreign used,automatic,"₦ 16,999,999"
Hyundai Sonata Limited Sedan FWD (2.4L 4cyl 6A) 2013 Red,Hyundai,Sonata Limited,2013,foreign used,automatic,"₦ 7,599,999"
Mercedes-Benz C300 2012 Black,Mercedes-Benz,C300,2012,foreign used,automatic,"₦ 16,500,000"
Toyota Land Cruiser 2018 Gray,Toyota,Land Cruiser,2018,local used,automatic,"₦ 52,000,000"
Ford Edge SE 4dr AWD (2.0L 4cyl 6A) 2016 Red,Ford,Edge SE,2016,foreign used,automatic,"₦ 14,999,999"
Toyota Camry 2007 Silver,Toyota,Camry,2007,local used,automatic,"₦ 4,800,000"
Ford Edge SEL 4dr FWD 2017 Black,Ford,Edge SEL,2017,foreign used,automatic,"₦ 14,999,999"
Honda Element 2004 Green,Honda,Element,2004,local used,automatic,"₦ 4,400,000"
Mercedes-Benz GLE-Class 2022 Gray,Mercedes-Benz,GLE-Class,2022,foreign used,automatic,"₦ 169,000,000"
Toyota Land Cruiser 3.5 Petrol 4WD 2022 Yellow,Toyota,Land Cruiser,2022,local used,automatic,"₦ 165,000,000"
Toyota Highlander Limited 2021 Black,Toyota,Highlander Limited,2021,foreign used,automatic,"₦ 59,000,000"
Nissan Almera 2014 Black,Nissan,Almera,2014,local used,automatic,"₦ 4,400,000"
Mercedes-Benz M Class ML350 4MATIC 4dr SUV AWD (3.5L 6cyl 7A) 2014,Mercedes-Benz,M Class,2014,local used,automatic,"₦ 16,999,999"
Mercedes-Benz GLE-Class GLE 350 2018 White,Mercedes-Benz,GLE-Class GLE,2018,foreign used,automatic,"₦ 31,900,000"
Lexus IS 250 2008 Gray,Lexus,IS 250,2008,foreign used,automatic,"₦ 11,300,000"
Hyundai Santa Fe 2013 Silver,Hyundai,Santa Fe,2013,foreign used,automatic,"₦ 15,500,000"
Mercedes-Benz G-Class G 63 AMG 4MATIC 2019 White,Mercedes-Benz,G-Class G,2019,local used,automatic,"₦ 220,000,000"
Lexus RX 2011 Red,Lexus,RX,2011,foreign used,automatic,"₦ 19,000,000"
Audi Q5 2.0T Tech Premium AWD quattro 2018 Black,Audi,Q5 2,2018,foreign used,automatic,"₦ 45,000,000"
Mercedes-Benz C300 2016 Black,Mercedes-Benz,C300,2016,foreign used,automatic,"₦ 21,000,000"
Mercedes-Benz CLA-Class CLA 250 4MATIC Sedan 2016 White,Mercedes-Benz,CLA-Class CLA,2016,foreign used,automatic,"₦ 15,999,999"
Acura ILX Base FWD (2.0L 4cyl 5A) 2015 White,Acura,ILX Base,2015,foreign used,automatic,"₦ 11,999,999"
Toyota Land Cruiser Prado 4.0 Petrol TX-L 2014 Black,Toyota,Land Cruiser,2014,local used,automatic,"₦ 35,000,000"
Toyota Camry 2010 Silver,Toyota,Camry,2010,local used,automatic,"₦ 5,950,000"
Lexus IS 300 AWD 2016 Black,Lexus,IS 300,2016,foreign used,automatic,"₦ 20,999,999"
Ford Explorer 2013 Silver,Ford,Explorer,2013,local used,automatic,"₦ 11,000,000"
Toyota Hilux 2012 Gray,Toyota,Hilux,2012,local used,automatic,"₦ 20,000,000"
Mercedes-Benz GLE-Class GLE 400 4MATIC 2017 Silver,Mercedes-Benz,GLE-Class GLE,2017,foreign used,automatic,"₦ 29,999,999"
Volvo XC90 2013 Black,Volvo,XC90,2013,foreign used,automatic,"₦ 13,000,000"
Lexus IS 250 2008 Silver,Lexus,IS 250,2008,foreign used,automatic,"₦ 9,999,999"
Hyundai Elantra 2016 Silver,Hyundai,Elantra,2016,foreign used,automatic,"₦ 13,500,000"
Mercedes-Benz GLE-Class GLE 350 2017 Red,Mercedes-Benz,GLE-Class GLE,2017,foreign used,automatic,"₦ 24,999,999"
Mercedes-Benz GLK-Class 2012 Black,Mercedes-Benz,GLK-Class,2012,local used,automatic,"₦ 12,500,000"
Hyundai Sonata Sport 2.0T Sedan FWD (2.0L 4cyl 6A) 2017 Silver,Hyundai,Sonata Sport,2017,foreign used,automatic,"₦ 12,999,999"
Toyota Highlander 2021 Red,Toyota,Highlander,2021,local used,automatic,"₦ 43,000,000"
Dodge RAM 2013 White,Dodge,RAM,2013,local used,automatic,"₦ 15,500,000"
Ford Ranger Wildtrak 2014 Black,Ford,Ranger Wildtrak,2014,local used,automatic,"₦ 16,000,000"
Mercedes-Benz GLE-Class GLE 550 4MATIC 2017 Black,Mercedes-Benz,GLE-Class GLE,2017,foreign used,automatic,"₦ 29,999,999"
Honda Accord Sport 4dr Sedan FWD (2.4L 4cyl 2A) 2016 Black,Honda,Accord Sport,2016,foreign used,automatic,"₦ 15,450,000"
Mercedes-Benz E350 Base 4dr Sedan RWD (3.5L 6cyl 7A) 2014 Brown,Mercedes-Benz,E350 Base,2014,foreign used,automatic,"₦ 19,999,000"
Nissan X-Trail 2010 Black,Nissan,X-Trail,2010,local used,automatic,"₦ 5,870,000"
Dodge Caliber 1.8 L SE 2007 Red,Dodge,Caliber 1,2007,local used,automatic,"₦ 3,800,000"
Toyota Corolla 2010 Silver,Toyota,Corolla,2010,foreign used,automatic,"₦ 8,950,000"
Opel Zafira 2001,Opel,Zafira,2001,local used,automatic,"₦ 3,600,000"
Lexus IS 2008 Red,Lexus,IS,2008,local used,automatic,"₦ 8,000,000"
Lexus GX 2023 Silver,Lexus,GX,2023,foreign used,automatic,"₦ 116,000,000"
Mercedes-Benz GLC-Class 2016 Black,Mercedes-Benz,GLC-Class,2016,foreign used,automatic,"₦ 31,000,000"
Mercedes-Benz C43 4Matic Sedan AWD (3.0L V6 9AM) 2018 White,Mercedes-Benz,C43 4Matic,2018,foreign used,automatic,"₦ 60,000,000"
Mercedes-Benz GLE-Class GLE 350 4MATIC AWD 2025 Black,Mercedes-Benz,GLE-Class GLE,2025,foreign used,automatic,"₦ 130,000,000"
New Lexus LX LX 600 2025 White,New,Lexus LX,2025,brand new,automatic,"₦ 320,000,000"
Honda Accord 2014 White,Honda,Accord,2014,foreign used,automatic,"₦ 13,500,000"
Lexus RX 2006 Black,Lexus,RX,2006,local used,automatic,"₦ 7,600,000"
Honda Civic 2008 Silver,Honda,Civic,2008,local used,automatic,"₦ 4,000,000"
Toyota Highlander Limited 2012 Gray,Toyota,Highlander Limited,2012,local used,automatic,"₦ 14,500,000"
Lexus IS 250 4WD 2014 Gray,Lexus,IS 250,2014,foreign used,automatic,"₦ 21,700,000"
Kia Soul 2013 White,Kia,Soul,2013,local used,automatic,"₦ 5,500,000"
Lexus RX 2017 White,Lexus,RX,2017,foreign used,automatic,"₦ 45,500,000"
New Toyota Land Cruiser 2026 Black,New,Toyota Land,2026,brand new,automatic,"₦ 120,000,000"
Acura MDX 2015 White,Acura,MDX,2015,foreign used,automatic,"₦ 20,900,000"
Toyota Corolla 2007 Black,Toyota,Corolla,2007,local used,automatic,"₦ 4,000,000"
Kia Morning 2012 Silver,Kia,Morning,2012,foreign used,automatic,"₦ 6,200,000"
Toyota Highlander SE 4x4 V6 (3.5L 6cyl 8A) 2018 Red,Toyota,Highlander SE,2018,foreign used,automatic,"₦ 36,000,000"
Acura ILX 2022 Silver,Acura,ILX,2022,foreign used,automatic,"₦ 35,000,000"
Nissan Altima 2019 Silver,Nissan,Altima,2019,local used,automatic,"₦ 17,950,000"
Mercedes-Benz GLE-Class 2016 Black,Mercedes-Benz,GLE-Class,2016,local used,automatic,"₦ 17,700,000"
Mercedes-Benz M Class ML 350 4Matic 2013 Gray,Mercedes-Benz,M Class,2013,foreign used,automatic,"₦ 27,300,000"
Mercedes-Benz GLE-Class 2017 Black,Mercedes-Benz,GLE-Class,2017,foreign used,automatic,"₦ 57,000,000"
Lexus RX 350 FWD 2017 Blue,Lexus,RX 350,2017,foreign used,automatic,"₦ 39,000,000"
Mercedes-Benz GLE-Class GLE 450 4MATIC 2024 Black,Mercedes-Benz,GLE-Class GLE,2024,foreign used,automatic,"₦ 103,000,000"
Ford Escape Titanium 4x4 2016 White,Ford,Escape Titanium,2016,foreign used,automatic,"₦ 13,450,000"
Toyota Corolla 2015 White,Toyota,Corolla,2015,foreign used,automatic,"₦ 14,900,000"
Mercedes-Benz E350 2022 Black,Mercedes-Benz,E350,2022,foreign used,automatic,"₦ 89,000,000"
Ford Explorer 2012 Black,Ford,Explorer,2012,local used,automatic,"₦ 9,900,000"
Volkswagen Golf 1999 Red,Volkswagen,Golf,1999,foreign used,automatic,"₦ 5,580,000"
Honda Pilot EX-L 4dr SUV 4WD (3.5L 6cyl 5A) 2016 Black,Honda,Pilot EX-L,2016,local used,automatic,"₦ 23,000,000"
Mercedes-Benz G-Class G 63 AMG 4MATIC 2019 Gray,Mercedes-Benz,G-Class G,2019,local used,automatic,"₦ 245,000,000"
Rolls-Royce Cullinan Base 2019 Black,Rolls-Royce,Cullinan Base,2019,foreign used,automatic,"₦ 610,000,000"
BMW X6 2023 Gray,BMW,X6,2023,foreign used,automatic,"₦ 150,000,000"
Toyota 4-Runner SR5 4x4 2019 Silver,Toyota,4-Runner SR5,2019,foreign used,automatic,"₦ 49,000,000"
Mercedes-Benz V-Class 2018 Black,Mercedes-Benz,V-Class,2018,local used,automatic,"₦ 63,500,000"
Mercedes-Benz GLC-Class 2021 White,Mercedes-Benz,GLC-Class,2021,foreign used,automatic,"₦ 86,000,000"
Honda CR-V 2015 Black,Honda,CR-V,2015,local used,automatic,"₦ 9,850,000"
Toyota Avensis 2013 White,Toyota,Avensis,2013,foreign used,automatic,"₦ 11,000,000"
Mercedes-Benz GLE-Class GLE 450 4MATIC 2021 Silver,Mercedes-Benz,GLE-Class GLE,2021,foreign used,automatic,"₦ 90,000,000"
Lexus RX 350 F Sport AWD 2019 Silver,Lexus,RX 350,2019,foreign used,automatic,"₦ 36,000,000"
New Toyota Corolla LE 2023 Red,New,Toyota Corolla,2023,brand new,automatic,"₦ 30,000,000"
New Toyota Coaster 2023 White,New,Toyota Coaster,2023,brand new,manual,"₦ 129,000,000"
Toyota RAV4 2007 Gold,Toyota,RAV4,2007,local used,automatic,"₦ 6,950,000"
Honda Element 2004 Silver,Honda,Element,2004,local used,automatic,"₦ 3,800,000"
Toyota Corolla 2014 Gray,Toyota,Corolla,2014,local used,automatic,"₦ 10,980,000"
Mercedes-Benz GLE-Class AMG GLE 53 4MATIC 2022 Gray,Mercedes-Benz,GLE-Class AMG,2022,foreign used,automatic,"₦ 189,500,000"
Honda CR-V 2004 Blue,Honda,CR-V,2004,local used,automatic,"₦ 2,407,000"
New Lexus LX 2025 Black,New,Lexus LX,2025,brand new,automatic,"₦ 385,000,000"
Toyota Sienna LE 7 Passenger Mobility 2012 Red,Toyota,Sienna LE,2012,local used,automatic,"₦ 10,000,000"
Peugeot 406 2005 Silver,Peugeot,406,2005,local used,manual,"₦ 3,400,000"
BMW X7 2021 Black,BMW,X7,2021,local used,automatic,"₦ 65,000,000"
Lexus LX 2017 Black,Lexus,LX,2017,local used,automatic,"₦ 69,500,000"
Honda CR-V 2025 Gray,Honda,CR-V,2025,foreign used,automatic,"₦ 68,500,000"
Mercedes-Benz E350 2011 Black,Mercedes-Benz,E350,2011,local used,automatic,"₦ 6,900,000"
Lexus LX 570 2012 Black,Lexus,LX 570,2012,local used,automatic,"₦ 35,000,000"
Lexus ES 350 FWD 2017 Silver,Lexus,ES 350,2017,foreign used,automatic,"₦ 25,500,000"
Toyota Corolla 2007 Gray,Toyota,Corolla,2007,foreign used,automatic,"₦ 9,000,000"
Mercedes-Benz C300 2015 White,Mercedes-Benz,C300,2015,foreign used,automatic,"₦ 17,600,000"
Toyota Highlander XLE 2022 Red,Toyota,Highlander XLE,2022,foreign used,automatic,"₦ 62,000,000"
Mercedes-Benz GLE-Class GLE 350 2020 White,Mercedes-Benz,GLE-Class GLE,2020,foreign used,automatic,"₦ 69,000,000"
Hyundai Sonata 2014 White,Hyundai,Sonata,2014,local used,automatic,"₦ 5,700,000"
Toyota Highlander 2012 Black,Toyota,Highlander,2012,foreign used,automatic,"₦ 21,500,000"
Mercedes-Benz GLE-Class GLE 350 4MATIC 2019 Gray,Mercedes-Benz,GLE-Class GLE,2019,foreign used,automatic,"₦ 55,000,000"
Toyota Corolla 2005 Red,Toyota,Corolla,2005,local used,automatic,"₦ 4,300,000"
New Toyota Hilux 2025 Black,New,Toyota Hilux,2025,brand new,automatic,"₦ 112,000,000"
Honda Civic 2013 Silver,Honda,Civic,2013,local used,automatic,"₦ 5,950,000"
Lexus IS 2012 Gray,Lexus,IS,2012,foreign used,automatic,"₦ 13,000,000"
Mercedes-Benz AMG GT GT 63 S 4MATIC+ (4 dr) 2019 Red,Mercedes-Benz,AMG GT,2019,foreign used,automatic,"₦ 208,000,000"
Mercedes-Benz GLE-Class GLE 350 4MATIC AWD 2025 White,Mercedes-Benz,GLE-Class GLE,2025,foreign used,automatic,"₦ 135,000,000"
Toyota Land Cruiser Prado 2025 Gray,Toyota,Land Cruiser,2025,foreign used,automatic,"₦ 120,000,000"
Mercedes-Benz GLE-Class 2025 Black,Mercedes-Benz,GLE-Class,2025,foreign used,automatic,"₦ 199,500,000"
Toyota Tacoma 2025 Black,Toyota,Tacoma,2025,foreign used,automatic,"₦ 92,000,000"
Lexus LX 2023 Gray,Lexus,LX,2023,local used,automatic,"₦ 212,000,000"
Toyota Highlander 2016 White,Toyota,Highlander,2016,foreign used,automatic,"₦ 26,000,000"
Toyota Corolla Cross 2022 White,Toyota,Corolla Cross,2022,foreign used,automatic,"₦ 38,000,000"
Hyundai Elantra 2008 Silver,Hyundai,Elantra,2008,local used,automatic,"₦ 4,350,000"
Toyota Highlander 2007 White,Toyota,Highlander,2007,local used,automatic,"₦ 4,950,000"
Nissan Pathfinder 2006 Gray,Nissan,Pathfinder,2006,local used,automatic,"₦ 4,950,000"
Lexus RX 350 2016 White,Lexus,RX 350,2016,foreign used,automatic,"₦ 44,500,000"
Toyota Camry SE 2023 Black,Toyota,Camry SE,2023,foreign used,automatic,"₦ 34,999,999"
Nissan NP300 2000 White,Nissan,NP300,2000,local used,manual,"₦ 6,000,000"
JMC Boarding 2011 Silver,JMC,Boarding,2011,foreign used,manual,"₦ 19,000,000"
Ford Escape 2014 Gray,Ford,Escape,2014,foreign used,automatic,"₦ 11,000,000"
Nissan Pathfinder 2017 Blue,Nissan,Pathfinder,2017,foreign used,automatic,"₦ 17,500,000"
Lexus LX 2019 Black,Lexus,LX,2019,local used,automatic,"₦ 97,000,000"
New Toyota Hilux 2024 White,New,Toyota Hilux,2024,brand new,automatic,"₦ 63,700,000"
Toyota Corolla 2017 Blue,Toyota,Corolla,2017,foreign used,automatic,"₦ 16,000,000"
Toyota RAV4 3.5 Sport 4x4 2011 Silver,Toyota,RAV4 3,2011,local used,automatic,"₦ 8,950,000"
New Jetour T2 2025 Gray,New,Jetour T2,2025,brand new,automatic,"₦ 95,000,000"
Mercedes-Benz GLC-Class 2016 Red,Mercedes-Benz,GLC-Class,2016,foreign used,automatic,"₦ 36,500,000"
Toyota Tundra Limited CrewMax 4WD SB w/6.5' Bed 2025 Black,Toyota,Tundra Limited,2025,foreign used,automatic,"₦ 140,000,000"
Toyota Land Cruiser 2016 Black,Toyota,Land Cruiser,2016,local used,automatic,"₦ 35,000,000"
Toyota Land Cruiser Prado 2012 Black,Toyota,Land Cruiser,2012,local used,automatic,"₦ 26,000,000"
Mercedes-Benz GLE-Class 2016 Black,Mercedes-Benz,GLE-Class,2016,foreign used,automatic,"₦ 54,000,000"
Toyota Highlander Platinum AWD 2023 White,Toyota,Highlander Platinum,2023,foreign used,automatic,"₦ 77,500,000"
Toyota Camry LE FWD (2.5L 4cyl 8AM) 2018 White,Toyota,Camry LE,2018,foreign used,automatic,"₦ 20,000,000"
Peugeot 307 2004 Red,Peugeot,307,2004,local used,automatic,"₦ 2,500,000"
Honda CR-V 2006 Gold,Honda,CR-V,2006,local used,automatic,"₦ 2,500,000"
Toyota Land Cruiser Prado 4.0 Petrol TX-L 2017 Green,Toyota,Land Cruiser,2017,local used,automatic,"₦ 49,000,000"
Toyota Corolla S Manual 2012 Black,Toyota,Corolla S,2012,local used,manual,"₦ 4,680,000"
Toyota Highlander 2002 Gray,Toyota,Highlander,2002,local used,automatic,"₦ 5,500,000"
Hyundai Sonata 2019 Black,Hyundai,Sonata,2019,foreign used,automatic,"₦ 17,900,000"
Honda Accord 2004 Gray,Honda,Accord,2004,local used,automatic,"₦ 2,980,000"
Mercedes-Benz GLC-Class 2020 Black,Mercedes-Benz,GLC-Class,2020,foreign used,automatic,"₦ 57,500,000"
New Toyota Land Cruiser LC300 2024 Black,New,Toyota Land,2024,brand new,automatic,"₦ 172,500,000"
Toyota Corolla S Premium 4dr Sedan (1.8L 4cyl CVT) 2014 Black,Toyota,Corolla S,2014,foreign used,automatic,"₦ 12,100,000"
Lexus LX 470 Sport Utility 2004 White,Lexus,LX 470,2004,foreign used,automatic,"₦ 13,900,000"
Mercedes-Benz SLK-Class 2013 Silver,Mercedes-Benz,SLK-Class,2013,foreign used,automatic,"₦ 32,000,000"
Ford F-150 2018 Gray,Ford,F-150,2018,foreign used,automatic,"₦ 89,000,000"
Audi Q8 2022 Black,Audi,Q8,2022,foreign used,automatic,"₦ 85,000,000"
BMW X7 2022 Black,BMW,X7,2022,foreign used,automatic,"₦ 165,000,000"
BMW X5 M 2012 Gray,BMW,X5 M,2012,foreign used,automatic,"₦ 10,780,000"
Lexus ES 350 2008 Black,Lexus,ES 350,2008,local used,automatic,"₦ 6,950,000"
BMW X3 2013 Gold,BMW,X3,2013,local used,automatic,"₦ 12,000,000"
New Toyota Hilux 2025 White,New,Toyota Hilux,2025,brand new,automatic,"₦ 129,999,999"
Honda Civic 2010 Red,Honda,Civic,2010,local used,automatic,"₦ 4,200,000"
Toyota Camry 2003 Silver,Toyota,Camry,2003,local used,automatic,"₦ 3,480,000"
Lexus ES 350 2008 Black,Lexus,ES 350,2008,local used,automatic,"₦ 6,880,000"
Land Rover Lr3 2007 Black,Land,Rover Lr3,2007,local used,automatic,"₦ 6,680,000"
New Lamborghini Urus 2025 Black,New,Lamborghini Urus,2025,brand new,automatic,"₦ 1,600,000,000"
Mercedes-Benz GLE-Class 2020 Gray,Mercedes-Benz,GLE-Class,2020,foreign used,automatic,"₦ 95,000,000"
New Land Rover Range Rover Vogue 2025 Black,New,Land Rover,2025,brand new,automatic,"₦ 770,000,000"
Mercedes-Benz GLC-Class GLC 300 4MATIC AWD 2025 Black,Mercedes-Benz,GLC-Class GLC,2025,foreign used,automatic,"₦ 125,000,000"
New Land Rover Range Rover Vogue 2023 White,New,Land Rover,2023,brand new,automatic,"₦ 280,000,000"
Mercedes-Benz G-Class Base G 500 AWD 2008 Black,Mercedes-Benz,G-Class Base,2008,local used,automatic,"₦ 42,000,000"
Hyundai Santa Fe 2019 White,Hyundai,Santa Fe,2019,local used,automatic,"₦ 23,900,000"
Land Rover Range Rover Vogue 2023 Black,Land,Rover Range,2023,foreign used,automatic,"₦ 280,000,000"
BMW X3 xDrive35i 2013 White,BMW,X3 xDrive35i,2013,foreign used,automatic,"₦ 10,800,000"
BMW 6 Series 2016 Green,BMW,6 Series,2016,foreign used,automatic,"₦ 16,740,000"
Mercedes-Benz M Class 2008 White,Mercedes-Benz,M Class,2008,local used,automatic,"₦ 9,720,000"
Mercedes-Benz GLC-Class 2017 Gray,Mercedes-Benz,GLC-Class,2017,foreign used,automatic,"₦ 36,200,000"
Toyota Venza XLE 2022 Black,Toyota,Venza XLE,2022,foreign used,automatic,"₦ 44,000,000"
Lexus RX 2020 Black,Lexus,RX,2020,local used,automatic,"₦ 38,000,000"
Toyota Camry 2010 Silver,Toyota,Camry,2010,foreign used,automatic,"₦ 9,950,000"
Mercedes-Benz G-Class 2020 Black,Mercedes-Benz,G-Class,2020,local used,automatic,"₦ 489,000,000"
Honda City 2010 Gold,Honda,City,2010,local used,automatic,"₦ 4,890,000"
New Toyota Hilux GR SPORT II 2026 White,New,Toyota Hilux,2026,brand new,automatic,"₦ 119,000,000"
Hyundai Santa Fe 2014 Black,Hyundai,Santa Fe,2014,foreign used,automatic,"₦ 16,500,000"
Land Rover Range Rover Sport HST MHEV 2019 Black,Land,Rover Range,2019,foreign used,automatic,"₦ 85,000,000"
Rolls-Royce Wraith 6.6 RWD 2018 Black,Rolls-Royce,Wraith 6,2018,foreign used,automatic,"₦ 320,000,000"
Pontiac Vibe 2006 Red,Pontiac,Vibe,2006,foreign used,automatic,"₦ 8,800,000"
New Toyota Land Cruiser 2025 Black,New,Toyota Land,2025,brand new,automatic,"₦ 175,000,000"
Lexus RX 350 FWD 2018 Red,Lexus,RX 350,2018,local used,automatic,"₦ 33,900,000"
Honda Civic 2008 Silver,Honda,Civic,2008,local used,automatic,"₦ 4,500,000"
Lexus ES 2006 Black,Lexus,ES,2006,local used,automatic,"₦ 5,450,000"
Lexus LX 570 (5 seats) AWD 2020 Black,Lexus,LX 570,2020,local used,automatic,"₦ 112,000,000"
Toyota Fortuner 2023 Black,Toyota,Fortuner,2023,local used,automatic,"₦ 54,500,000"
Lexus RX 350 F Sport AWD 2016 Silver,Lexus,RX 350,2016,foreign used,automatic,"₦ 49,000,000"
Lexus RX 350 AWD 2026 Orange,Lexus,RX 350,2026,foreign used,automatic,"₦ 130,000,000"
Mercedes-Benz C300 Sport 4Matic Sedan AWD (2.0L 4cyll 7A) 2016 Black,Mercedes-Benz,C300 Sport,2016,foreign used,automatic,"₦ 25,500,000"
Peugeot 607 2005 Silver,Peugeot,607,2005,local used,manual,"₦ 3,300,000"
Toyota Sienna 2008 Gold,Toyota,Sienna,2008,foreign used,automatic,"₦ 8,900,000"
Ford Taurus 2011 Black,Ford,Taurus,2011,local used,automatic,"₦ 6,480,000"
Dodge Challenger 2014 Black,Dodge,Challenger,2014,local used,automatic,"₦ 12,500,000"
Ford F-150 2021 Blue,Ford,F-150,2021,foreign used,automatic,"₦ 72,500,000"
Mercedes-Benz E350 2022 Gold,Mercedes-Benz,E350,2022,local used,automatic,"₦ 65,000,000"
Hyundai Elantra 2012 Gray,Hyundai,Elantra,2012,foreign used,automatic,"₦ 10,700,000"
Toyota Land Cruiser 2020 Black,Toyota,Land Cruiser,2020,local used,automatic,"₦ 68,500,000"
Mercedes-Benz GLS-Class GLS 450 4MATIC 2020 Gray,Mercedes-Benz,GLS-Class GLS,2020,foreign used,automatic,"₦ 115,000,000"
Mercedes-Benz GLA 250 2015 Blue,Mercedes-Benz,GLA 250,2015,foreign used,automatic,"₦ 26,000,000"
New Toyota Hilux 2025 Black,New,Toyota Hilux,2025,brand new,automatic,"₦ 133,000,000"
Mercedes-Benz GLE-Class GLE 350d 4MATIC 2016 Red,Mercedes-Benz,GLE-Class GLE,2016,foreign used,automatic,"₦ 42,000,000"
Lexus RX 350 2015 Maroon,Lexus,RX 350,2015,foreign used,automatic,"₦ 26,000,000"
Mercedes-Benz GLE-Class GLE 350 2016 Black,Mercedes-Benz,GLE-Class GLE,2016,foreign used,automatic,"₦ 29,000,000"
Lexus ES 330 2006 Blue,Lexus,ES 330,2006,local used,automatic,"₦ 6,480,000"
Toyota Solara 2005 Gold,Toyota,Solara,2005,local used,automatic,"₦ 2,950,000"
Toyota Tacoma TRD Sport 2017 Gray,Toyota,Tacoma TRD,2017,foreign used,automatic,"₦ 39,000,000"
Hyundai Sonata 2011 Silver,Hyundai,Sonata,2011,local used,automatic,"₦ 7,850,000"
New Land Rover Range Rover 2025 Black,New,Land Rover,2025,brand new,automatic,"₦ 495,000,000"
Toyota Venza V6 AWD 2010 White,Toyota,Venza V6,2010,foreign used,automatic,"₦ 14,800,000"
Toyota Camry 2012 Black,Toyota,Camry,2012,foreign used,automatic,"₦ 11,300,000"
Toyota Venza Limited 2016 Black,Toyota,Venza Limited,2016,foreign used,automatic,"₦ 21,500,000"
Toyota RAV4 Automatic 2003 Red,Toyota,RAV4 Automatic,2003,local used,automatic,"₦ 5,000,000"
New Toyota Camry 2026 Black,New,Toyota Camry,2026,brand new,automatic,"₦ 83,000,000"
Lexus IS 2008 Silver,Lexus,IS,2008,local used,automatic,"₦ 10,125,000"
Toyota RAV4 2007 Red,Toyota,RAV4,2007,local used,automatic,"₦ 5,280,000"
Toyota Land Cruiser Prado 2010 Black,Toyota,Land Cruiser,2010,local used,automatic,"₦ 26,950,000"
Toyota Land Cruiser 2018 Black,Toyota,Land Cruiser,2018,local used,automatic,"₦ 69,500,000"
Honda Ridgeline 2008 Black,Honda,Ridgeline,2008,local used,automatic,"₦ 6,750,000"
Lexus RX 350 2007 White,Lexus,RX 350,2007,local used,automatic,"₦ 6,550,000"
Hyundai Tucson 2017 Gray,Hyundai,Tucson,2017,foreign used,automatic,"₦ 16,000,000"
Toyota Camry SE V6 4dr Sedan (3.5L 6cyl 6A) 2013 Red,Toyota,Camry SE,2013,local used,automatic,"₦ 11,500,000"
Toyota Avalon 2014 Black,Toyota,Avalon,2014,foreign used,automatic,"₦ 20,500,000"
Lexus RX 1998 Silver,Lexus,RX,1998,local used,automatic,"₦ 3,500,000"
Lexus RX 350 F Sport AWD 2016 Black,Lexus,RX 350,2016,foreign used,automatic,"₦ 49,999,999"
Lexus ES 350 FWD 2013 White,Lexus,ES 350,2013,local used,automatic,"₦ 7,200,000"
Mercedes-Benz C43 2018 Blue,Mercedes-Benz,C43,2018,foreign used,automatic,"₦ 42,000,000"
Mercedes-Benz G-Class G63 AMG Brabus G700 2024 Gray,Mercedes-Benz,G-Class G63,2024,foreign used,automatic,"₦ 650,000,000"
Toyota Highlander Sport 4x4 2009 Black,Toyota,Highlander Sport,2009,foreign used,automatic,"₦ 17,000,000"
Lexus RX 350 AWD 2016 Black,Lexus,RX 350,2016,foreign used,automatic,"₦ 44,500,000"
Toyota Land Cruiser Prado 2023 Black,Toyota,Land Cruiser,2023,local used,automatic,"₦ 78,000,000"
Mercedes-Benz M Class ML350 4MATIC 4dr SUV AWD (3.5L 6cyl 7A) 2015 Gray,Mercedes-Benz,M Class,2015,foreign used,automatic,"₦ 20,000,000"
Mercedes-Benz GLK-Class 350 2010 White,Mercedes-Benz,GLK-Class 350,2010,foreign used,automatic,"₦ 16,500,000"
Mercedes-Benz GLE-Class GLE 450 4MATIC 2020 Green,Mercedes-Benz,GLE-Class GLE,2020,foreign used,automatic,"₦ 90,000,000"
Volvo 244 1980 Burgundy,Volvo,244,1980,local used,automatic,"₦ 4,000,000"
Honda CR-V 2020 Silver,Honda,CR-V,2020,foreign used,automatic,"₦ 39,000,000"
Hyundai Sonata 2010 Silver,Hyundai,Sonata,2010,local used,automatic,"₦ 5,880,000"
Mercedes-Benz Vaneo 2005 Blue,Mercedes-Benz,Vaneo,2005,foreign used,manual,"₦ 4,600,000"
Mercedes-Benz S-Class S 580 4MATIC 2021 Black,Mercedes-Benz,S-Class S,2021,foreign used,automatic,"₦ 132,000,000"
New Mercedes-Benz G-Class 2025 Black,New,Mercedes-Benz G-Class,2025,brand new,automatic,"₦ 545,000,000"
Mercedes-Benz GLE-Class GLE 450 4MATIC 2020 White,Mercedes-Benz,GLE-Class GLE,2020,foreign used,automatic,"₦ 87,000,000"
Toyota Hilux 2022 Black,Toyota,Hilux,2022,local used,automatic,"₦ 68,000,000"
New Toyota Land Cruiser 2026 Black,New,Toyota Land,2026,brand new,automatic,"₦ 208,000,000"
Lexus GX 2017 White,Lexus,GX,2017,foreign used,automatic,"₦ 40,000,000"
Mercedes-Benz GLE-Class GLE 450 4MATIC 2022 White,Mercedes-Benz,GLE-Class GLE,2022,foreign used,automatic,"₦ 105,000,000"
Mercedes-Benz M Class ML63 AMG 4dr SUV AWD (5.5L 8cyl Turbo 7A) 2014,Mercedes-Benz,M Class,2014,foreign used,automatic,"₦ 39,500,000"
Hyundai Santa Fe Sport 2013 Silver,Hyundai,Santa Fe,2013,foreign used,automatic,"₦ 14,000,000"
Toyota Highlander XLE V6 4x4 (3.5L 6cyl 6A) 2016 White,Toyota,Highlander XLE,2016,foreign used,automatic,"₦ 28,500,000"
Toyota Camry 2011 White,Toyota,Camry,2011,foreign used,automatic,"₦ 11,500,000"
Changan UNI-K 2.0 Petrol AWD 2022 Black,Changan,UNI-K 2,2022,foreign used,automatic,"₦ 36,000,000"
Mercedes-Benz GLC-Class 2020 Black,Mercedes-Benz,GLC-Class,2020,foreign used,automatic,"₦ 79,000,000"
Mercedes-Benz GLE-Class GLE 400 4MATIC 2019 Black,Mercedes-Benz,GLE-Class GLE,2019,foreign used,automatic,"₦ 46,000,000"
Toyota Camry SE 4dr Sedan (2.5L 4cyl 6A) 2012 Silver,Toyota,Camry SE,2012,foreign used,automatic,"₦ 11,500,000"
Mitsubishi Spacestar 2001 Blue,Mitsubishi,Spacestar,2001,local used,manual,"₦ 1,950,000"
New Toyota Hilux 2024 White,New,Toyota Hilux,2024,brand new,manual,"₦ 53,500,000"
Toyota Camry 2007 Blue,Toyota,Camry,2007,local used,automatic,"₦ 4,400,000"
Toyota Avensis 2014 Blue,Toyota,Avensis,2014,local used,automatic,"₦ 5,700,000"
Mercedes-Benz C300 Sport 4Matic Sedan AWD (3.0L 6cyl 7A) 2010 White,Mercedes-Benz,C300 Sport,2010,foreign used,automatic,"₦ 12,500,000"
New Honda HR-V 2025 Black,New,Honda HR-V,2025,brand new,automatic,"₦ 60,000,000"
Mercedes-Benz AMG GT 2022 Silver,Mercedes-Benz,AMG GT,2022,foreign used,automatic,"₦ 155,000,000"
Mercedes-Benz SLK-Class 2013 Black,Mercedes-Benz,SLK-Class,2013,foreign used,automatic,"₦ 35,000,000"
Lexus LX 570 (5 seats) AWD 2021 Black,Lexus,LX 570,2021,foreign used,automatic,"₦ 157,000,000"
Mercedes-Benz E350 2021 Silver,Mercedes-Benz,E350,2021,foreign used,automatic,"₦ 86,000,000"
Mercedes-Benz GLA 250 2015 White,Mercedes-Benz,GLA 250,2015,foreign used,automatic,"₦ 24,500,000"
Toyota Corolla 2016 Black,Toyota,Corolla,2016,foreign used,automatic,"₦ 12,200,000"
Lexus IS 2010 Black,Lexus,IS,2010,foreign used,automatic,"₦ 9,500,000"
Hyundai Elantra 2019 Blue,Hyundai,Elantra,2019,foreign used,automatic,"₦ 14,300,000"
Toyota Highlander 2017 Gray,Toyota,Highlander,2017,foreign used,automatic,"₦ 26,500,000"
Toyota Camry 2009 Blue,Toyota,Camry,2009,foreign used,automatic,"₦ 8,200,000"
Toyota Tacoma 2025 Black,Toyota,Tacoma,2025,foreign used,automatic,"₦ 87,000,000"
Toyota Highlander 2009 Gold,Toyota,Highlander,2009,foreign used,automatic,"₦ 11,500,000"
Toyota Corolla 2011 Silver,Toyota,Corolla,2011,foreign used,automatic,"₦ 11,200,000"
New Geely SC7 2024 White,New,Geely SC7,2024,brand new,automatic,"₦ 56,000,000"
Toyota Hilux 2023 Black,Toyota,Hilux,2023,foreign used,automatic,"₦ 85,000,000"
Toyota Tacoma TRD Off Road 2018 Black,Toyota,Tacoma TRD,2018,foreign used,automatic,"₦ 39,000,000"
Chevrolet Silverado 2006 Silver,Chevrolet,Silverado,2006,local used,automatic,"₦ 4,950,000"
Nissan Almera Tino 2004 Silver,Nissan,Almera Tino,2004,foreign used,manual,"₦ 4,980,000"
New Toyota Land Cruiser 2026 Black,New,Toyota Land,2026,brand new,automatic,"₦ 235,000,000"
Toyota Sienna 2005 Blue,Toyota,Sienna,2005,local used,automatic,"₦ 4,900,000"
Honda Accord 2005 Silver,Honda,Accord,2005,local used,automatic,"₦ 2,700,000"
Volkswagen Golf 1999 Black,Volkswagen,Golf,1999,local used,manual,"₦ 2,950,000"
Mercedes-Benz GLS-Class GLS450 4Matic 2017 Blue,Mercedes-Benz,GLS-Class GLS450,2017,foreign used,automatic,"₦ 39,500,000"
Toyota Camry SE 4dr Sedan (2.5L 4cyl 6A) 2013 White,Toyota,Camry SE,2013,foreign used,automatic,"₦ 13,000,000"
Toyota Hilux 2020 White,Toyota,Hilux,2020,foreign used,automatic,"₦ 69,500,000"
Honda Accord 2014 Gray,Honda,Accord,2014,local used,automatic,"₦ 7,905,000"
Lexus RX 350 4WD 2021 Gray,Lexus,RX 350,2021,foreign used,automatic,"₦ 47,000,000"
Lexus RX 350 2018 Red,Lexus,RX 350,2018,foreign used,automatic,"₦ 42,000,000"
Lexus NX 2016,Lexus,NX,2016,foreign used,automatic,"₦ 31,000,000"
Pontiac Vibe 2009 Silver,Pontiac,Vibe,2009,local used,automatic,"₦ 6,180,000"
Mercedes-Benz M Class ML 350 4Matic 2008 White,Mercedes-Benz,M Class,2008,local used,automatic,"₦ 7,900,000"
Mercedes-Benz C43 2019 White,Mercedes-Benz,C43,2019,foreign used,automatic,"₦ 57,000,000"
New Mercedes-Benz GLC-Class 2025 Black,New,Mercedes-Benz GLC-Class,2025,brand new,automatic,"₦ 189,000,000"
Honda Accord 2019 Black,Honda,Accord,2019,foreign used,automatic,"₦ 21,500,000"
Toyota Camry XSE (2.5L 4cyl 8A) 2019 Burgundy,Toyota,Camry XSE,2019,foreign used,automatic,"₦ 29,500,000"
Toyota Land Cruiser 2023 Black,Toyota,Land Cruiser,2023,foreign used,automatic,"₦ 133,000,000"
Toyota Hilux 2015 Blue,Toyota,Hilux,2015,local used,automatic,"₦ 38,500,000"
Mercedes-Benz GLE-Class 2016 White,Mercedes-Benz,GLE-Class,2016,local used,automatic,"₦ 32,500,000"
Toyota Yaris 1.5 Sedan L 2020 Red,Toyota,Yaris 1,2020,foreign used,automatic,"₦ 18,500,000"
Toyota Sequoia 2025 Black,Toyota,Sequoia,2025,foreign used,automatic,"₦ 225,000,000"
Toyota Land Cruiser 2012 Black,Toyota,Land Cruiser,2012,local used,automatic,"₦ 31,000,000"
Lexus RX 350 2011 Gray,Lexus,RX 350,2011,foreign used,automatic,"₦ 21,500,000"
Toyota Highlander XLE 2021 Gray,Toyota,Highlander XLE,2021,foreign used,automatic,"₦ 59,500,000"
Ford Explorer 2014 Black,Ford,Explorer,2014,foreign used,automatic,"₦ 13,850,000"
Lexus RX 2005 Gold,Lexus,RX,2005,local used,automatic,"₦ 5,980,000"
Peugeot 206 2004 Silver,Peugeot,206,2004,local used,automatic,"₦ 2,900,000"
Hyundai Elantra 2014 Silver,Hyundai,Elantra,2014,local used,automatic,"₦ 8,300,000"
GMC Sierra 2014 Black,GMC,Sierra,2014,foreign used,automatic,"₦ 32,000,000"
Mercedes-Benz GLE-Class GLE 450 4MATIC 2020 Silver,Mercedes-Benz,GLE-Class GLE,2020,foreign used,automatic,"₦ 75,000,000"
Mercedes-Benz GLE-Class GLE 450 4MATIC 2020 Gray,Mercedes-Benz,GLE-Class GLE,2020,foreign used,automatic,"₦ 86,000,000"
Toyota Venza 2024 White,Toyota,Venza,2024,foreign used,automatic,"₦ 49,500,000"
Toyota Tundra 1794 2022 White,Toyota,Tundra 1794,2022,foreign used,automatic,"₦ 110,000,000"
Nissan Juke 1.0 Petrol FWD 2019 Gray,Nissan,Juke 1,2019,foreign used,automatic,"₦ 17,000,000"
Mazda CX-5 2019 Red,Mazda,CX-5,2019,foreign used,automatic,"₦ 36,500,000"
Lexus RX 350 2023 Black,Lexus,RX 350,2023,foreign used,automatic,"₦ 106,500,000"
Toyota Sienna 2006 Blue,Toyota,Sienna,2006,local used,automatic,"₦ 6,150,000"
Toyota Corolla 2016 Blue,Toyota,Corolla,2016,foreign used,automatic,"₦ 14,750,000"
Hyundai Sonata 2020 Blue,Hyundai,Sonata,2020,foreign used,automatic,"₦ 26,500,000"
New Toyota Corolla 2026 White,New,Toyota Corolla,2026,brand new,automatic,"₦ 48,800,000"
Toyota HiAce 2021 White,Toyota,HiAce,2021,foreign used,automatic,"₦ 72,000,000"
Lexus RX 350 F Sport AWD 2015 Black,Lexus,RX 350,2015,local used,automatic,"₦ 26,500,000"
Toyota Hilux Revo Double Cab Petrol 2.7 AWD 2020 White,Toyota,Hilux Revo,2020,foreign used,automatic,"₦ 68,000,000"
Toyota Camry LE 2022 Gray,Toyota,Camry LE,2022,foreign used,automatic,"₦ 30,000,000"
Hyundai Santa Fe 2014 Blue,Hyundai,Santa Fe,2014,foreign used,automatic,"₦ 14,450,000"
Toyota Camry 2003 Gray,Toyota,Camry,2003,local used,automatic,"₦ 2,990,000"
Toyota Hilux 2024 Black,Toyota,Hilux,2024,local used,automatic,"₦ 289,000,000"
Mitsubishi Outlander 2.4 2003 White,Mitsubishi,Outlander 2,2003,local used,automatic,"₦ 3,500,000"
Honda Pilot 2016 Black,Honda,Pilot,2016,local used,automatic,"₦ 12,000,000"
Toyota Land Cruiser 4.0 V6 GXR 2018 Gray,Toyota,Land Cruiser,2018,foreign used,automatic,"₦ 75,000,000"
Toyota Tundra Platinum CrewMax 6.5' Bed 2024 White,Toyota,Tundra Platinum,2024,foreign used,automatic,"₦ 150,000,000"
Lexus RX 350 AWD 2023 Silver,Lexus,RX 350,2023,foreign used,automatic,"₦ 126,000,000"
Lamborghini Urus Base 2019 Black,Lamborghini,Urus Base,2019,foreign used,automatic,"₦ 280,000,000"
Mercedes-Benz GLE-Class 2018 Black,Mercedes-Benz,GLE-Class,2018,foreign used,automatic,"₦ 46,500,000"
Ford Mustang 2022 Red,Ford,Mustang,2022,local used,automatic,"₦ 35,000,000"
Lexus LX 470 AWD 2002 Black,Lexus,LX 470,2002,local used,automatic,"₦ 7,850,000"
Lexus IS 2017 Black,Lexus,IS,2017,foreign used,automatic,"₦ 19,500,000"
Honda Accord 2014 Gold,Honda,Accord,2014,local used,automatic,"₦ 9,650,000"
Toyota RAV4 Limited 4dr SUV (2.5L 4cyl 6A) 2015 Orange,Toyota,RAV4 Limited,2015,foreign used,automatic,"₦ 24,800,000"
Hyundai Sonata SE Sedan FWD (2.4L 4cyl 6A) 2013 Blue,Hyundai,Sonata SE,2013,foreign used,automatic,"₦ 11,000,000"
Mercedes-Benz C300 Luxury 4dr AWD 4Matic Sedan (2.0L 4cyl 7A) 2015,Mercedes-Benz,C300 Luxury,2015,foreign used,automatic,"₦ 24,500,000"
Toyota Highlander Limited 4x4 V6 (3.5L 6cyl 8A) 2017 Black,Toyota,Highlander Limited,2017,foreign used,automatic,"₦ 35,000,000"
Mercedes-Benz GLE-Class AMG GLE 43 4MATIC 2017 White,Mercedes-Benz,GLE-Class AMG,2017,foreign used,automatic,"₦ 66,000,000"
Honda Civic DX 2dr Coupe 2000 Silver,Honda,Civic DX,2000,local used,automatic,"₦ 2,200,000"
New Lexus LX 2025 Gray,New,Lexus LX,2025,brand new,automatic,"₦ 345,000,000"
Nissan Rogue S 2008 Silver,Nissan,Rogue S,2008,local used,automatic,"₦ 5,950,000"
Toyota Camry 2014 Red,Toyota,Camry,2014,foreign used,automatic,"₦ 13,950,000"
Toyota Yaris 2007 Black,Toyota,Yaris,2007,local used,automatic,"₦ 3,990,000"
New Toyota Land Cruiser Prado 2.4 Petrol 2024 Black,New,Toyota Land,2024,brand new,automatic,"₦ 150,000,000"
Lexus GX 2024 Gray,Lexus,GX,2024,foreign used,automatic,"₦ 211,000,000"
New Mercedes-Benz G-Class 2025 Silver,New,Mercedes-Benz G-Class,2025,brand new,automatic,"₦ 590,000,000"
Hyundai Sonata 2015 Blue,Hyundai,Sonata,2015,foreign used,automatic,"₦ 13,500,000"
Ford Explorer Limited 4dr 4x4 (3.5L 6cyl 6A) 2012 Gray,Ford,Explorer Limited,2012,local used,automatic,"₦ 4,620,000"
Mercedes-Benz G-Class Base G 63 AMG AWD 2013 Black,Mercedes-Benz,G-Class Base,2013,local used,automatic,"₦ 61,000,000"
Toyota Land Cruiser Prado 2019 Black,Toyota,Land Cruiser,2019,local used,automatic,"₦ 58,500,000"
Mercedes-Benz C300 Luxury 4dr AWD 4Matic Sedan (2.0L 4cyl 7A) 2015,Mercedes-Benz,C300 Luxury,2015,foreign used,automatic,"₦ 21,000,000"
Toyota Hilux 2020 Black,Toyota,Hilux,2020,foreign used,automatic,"₦ 67,000,000"
New Lexus RX 350 RX 350 Luxury AWD 2025 Black,New,Lexus RX,2025,brand new,automatic,"₦ 159,000,000"
Toyota Highlander XLE 4x4 V6 (3.5L 6cyl 8A) 2018 Red,Toyota,Highlander XLE,2018,foreign used,automatic,"₦ 33,000,000"
Toyota Camry 2018 Red,Toyota,Camry,2018,foreign used,automatic,"₦ 36,500,000"
Toyota Corolla 2000 Blue,Toyota,Corolla,2000,local used,automatic,"₦ 2,580,000"
Toyota Hilux 2006 White,Toyota,Hilux,2006,local used,manual,"₦ 7,900,000"
New Land Rover Range Rover Vogue 2025 White,New,Land Rover,2025,brand new,automatic,"₦ 480,000,000"
Toyota Avensis 2003 Gray,Toyota,Avensis,2003,local used,automatic,"₦ 3,950,000"
Lexus RX 2012 White,Lexus,RX,2012,foreign used,automatic,"₦ 24,679,687"
Lexus RX 2001 Silver,Lexus,RX,2001,local used,automatic,"₦ 5,062,500"
BMW X6 2016 White,BMW,X6,2016,foreign used,automatic,"₦ 75,937,500"
Acura MDX 2005 Red,Acura,MDX,2005,local used,automatic,"₦ 3,796,875"
Toyota Corolla 2010 Gray,Toyota,Corolla,2010,local used,automatic,"₦ 8,859,375"
Toyota Coaster 2001 Beige,Toyota,Coaster,2001,foreign used,manual,"₦ 88,593,750"
Lexus GX 2015 Black,Lexus,GX,2015,local used,automatic,"₦ 36,703,125"
New Lexus GX 550 Luxury 4WD 2025 Gray,New,Lexus GX,2025,brand new,automatic,"₦ 230,000,000"
Lexus LX 570 (5 seats) AWD 2017 Gray,Lexus,LX 570,2017,foreign used,automatic,"₦ 93,000,000"
Mercedes-Benz GLC-Class 2025 Black,Mercedes-Benz,GLC-Class,2025,foreign used,automatic,"₦ 197,000,000"
Mercedes-Benz G-Class G 63 AMG 4MATIC 2019 Black,Mercedes-Benz,G-Class G,2019,foreign used,automatic,"₦ 239,000,000"
Mercedes-Benz GLC-Class 2024 Black,Mercedes-Benz,GLC-Class,2024,foreign used,automatic,"₦ 142,000,000"
Rover Land 2018 Blue,Rover,Land,2018,local used,automatic,"₦ 31,640,625"
Mercedes-Benz GLC-Class 2017 Black,Mercedes-Benz,GLC-Class,2017,foreign used,automatic,"₦ 40,000,000"
BMW F-Series 2016 Green,BMW,F-Series,2016,foreign used,automatic,"₦ 16,740,000"
Toyota Tacoma 2013 Black,Toyota,Tacoma,2013,local used,automatic,"₦ 15,400,000"
Hyundai Sonata 2016 Blue,Hyundai,Sonata,2016,local used,automatic,"₦ 9,950,000"
Mercedes-Benz G-Class 2008 Yellow,Mercedes-Benz,G-Class,2008,local used,automatic,"₦ 35,000,000"
Ford Edge 2012 Black,Ford,Edge,2012,foreign used,automatic,"₦ 6,950,000"
Lexus IS 200t 2016 White,Lexus,IS 200t,2016,local used,automatic,"₦ 13,000,000"
Mercedes-Benz GLE-Class GLE 350 2016 White,Mercedes-Benz,GLE-Class GLE,2016,foreign used,automatic,"₦ 33,000,000"
Toyota Camry XSE V6 FWD (3.5L 6cyl 8AM) 2018 White,Toyota,Camry XSE,2018,foreign used,automatic,"₦ 32,000,000"
Lexus RX 350 2022 White,Lexus,RX 350,2022,foreign used,automatic,"₦ 68,000,000"
Toyota Camry SE FWD (2.5L 4cyl 8AM) 2018 Gray,Toyota,Camry SE,2018,foreign used,automatic,"₦ 24,500,000"
Mitsubishi Outlander 2014 Black,Mitsubishi,Outlander,2014,local used,automatic,"₦ 6,950,000"
New Lexus LX 600 2025 Black,New,Lexus LX,2025,brand new,automatic,"₦ 540,000,000"
Mercedes-Benz E350 2014 White,Mercedes-Benz,E350,2014,foreign used,automatic,"₦ 21,900,000"
Toyota Camry 2005 Gray,Toyota,Camry,2005,local used,automatic,"₦ 3,700,000"
Honda CR-V 2018 Black,Honda,CR-V,2018,foreign used,automatic,"₦ 23,800,000"
Toyota Land Cruiser 4.6 V8 VX-R 2014 Black,Toyota,Land Cruiser,2014,local used,automatic,"₦ 50,000,000"
New Mercedes-Benz SL-Class AMG SL 63 AWD 2024 Blue,New,Mercedes-Benz SL-Class,2024,brand new,automatic,"₦ 460,000,000"
Mercedes-Benz M Class ML400 4MATIC 4dr SUV AWD (3.0L 6cyl Turbo 7A),,,,foreign used,automatic,"₦ 30,000,000"
Land Rover Range Rover Sport HSE Dynamic 4x4 2020 Gray,Land,Rover Range,2020,foreign used,automatic,"₦ 45,000,000"
Toyota Land Cruiser Prado 2014 Gray,Toyota,Land Cruiser,2014,local used,automatic,"₦ 35,900,000"
Toyota Camry 2019,Toyota,Camry,2019,foreign used,automatic,"₦ 20,500,000"
Toyota Highlander 2010 Blue,Toyota,Highlander,2010,local used,automatic,"₦ 9,450,000"
BMW 328i 2013 White,BMW,328i,2013,foreign used,automatic,"₦ 14,800,000"
Toyota Sienna 2007 Gold,Toyota,Sienna,2007,local used,automatic,"₦ 6,900,000"
Toyota Land Cruiser 2013 Black,Toyota,Land Cruiser,2013,local used,automatic,"₦ 47,000,000"
Toyota Land Cruiser Prado 2022 Black,Toyota,Land Cruiser,2022,local used,automatic,"₦ 16,000,000"
Hyundai Sonata 2013 Gray,Hyundai,Sonata,2013,foreign used,automatic,"₦ 10,700,000"
BMW 535i 2013 Blue,BMW,535i,2013,foreign used,automatic,"₦ 20,500,000"
Mercedes-Benz M Class 2012 Black,Mercedes-Benz,M Class,2012,local used,automatic,"₦ 13,200,000"
BMW X5 xDrive35i Sport Activity AWD (3.0L 6cyl 8A) 2013 Gold,BMW,X5 xDrive35i,2013,foreign used,automatic,"₦ 16,740,000"
Toyota Yaris 2010 Black,Toyota,Yaris,2010,local used,automatic,"₦ 5,450,000"
Toyota Highlander 2009 Silver,Toyota,Highlander,2009,local used,automatic,"₦ 9,750,000"
Mercedes-Benz E350 2012 Blue,Mercedes-Benz,E350,2012,local used,automatic,"₦ 9,450,000"
Toyota Corolla 2010 Gray,Toyota,Corolla,2010,local used,automatic,"₦ 6,650,000"
Toyota Sienna 2007 Gold,Toyota,Sienna,2007,local used,automatic,"₦ 6,650,000"
Toyota Camry STD 4dr Sedan (2.4L 4cyl 5M) 2004 Blue,Toyota,Camry STD,2004,local used,automatic,"₦ 4,500,000"
Toyota Camry 2014 Black,Toyota,Camry,2014,local used,automatic,"₦ 10,500,000"
Mercedes-Benz GLA 250 2015 Gray,Mercedes-Benz,GLA 250,2015,foreign used,automatic,"₦ 20,000,000"
Toyota RAV4 2014 Black,Toyota,RAV4,2014,local used,automatic,"₦ 13,500,000"
Toyota Sienna 2004 Gold,Toyota,Sienna,2004,local used,automatic,"₦ 5,680,000"
New Toyota Hilux 2024 Black,New,Toyota Hilux,2024,brand new,automatic,"₦ 64,500,000"
Toyota RAV4 2020 Black,Toyota,RAV4,2020,foreign used,automatic,"₦ 35,000,000"
Honda Accord 2013 Black,Honda,Accord,2013,local used,automatic,"₦ 8,700,000"
Toyota Land Cruiser Prado 2014 Black,Toyota,Land Cruiser,2014,local used,automatic,"₦ 25,000,000"
Toyota Camry XLE 4dr Sedan (2.5L 4cyl 6A) 2013 Gray,Toyota,Camry XLE,2013,foreign used,automatic,"₦ 14,000,000"
Toyota Land Cruiser Prado 2016 Black,Toyota,Land Cruiser,2016,local used,automatic,"₦ 32,000,000"
Toyota Corolla 2019 Red,Toyota,Corolla,2019,foreign used,automatic,"₦ 15,900,000"
Mercedes-Benz GLC-Class 2024 Silver,Mercedes-Benz,GLC-Class,2024,foreign used,automatic,"₦ 187,000,000"
Nissan Armada LE 2008 Black,Nissan,Armada LE,2008,foreign used,automatic,"₦ 10,000,000"
Infiniti QX60 PURE AWD 2023 Gray,Infiniti,QX60 PURE,2023,local used,automatic,"₦ 168,000,000"
Toyota Highlander XSE AWD 2023 Black,Toyota,Highlander XSE,2023,foreign used,automatic,"₦ 68,500,000"
Toyota Hilux 2015 White,Toyota,Hilux,2015,local used,manual,"₦ 19,500,000"
Toyota Fortuner 2019 Black,Toyota,Fortuner,2019,local used,automatic,"₦ 52,000,000"
New Toyota Land Cruiser 2026 White,New,Toyota Land,2026,brand new,manual,"₦ 124,000,000"
Mercedes-Benz GLC-Class 2016 Gray,Mercedes-Benz,GLC-Class,2016,foreign used,automatic,"₦ 26,500,000"
Lexus RX 350 2016 Black,Lexus,RX 350,2016,foreign used,automatic,"₦ 44,200,000"
Toyota Camry SE 4dr Sedan (2.5L 4cyl 6A) 2016 Black,Toyota,Camry SE,2016,foreign used,automatic,"₦ 14,500,000"
Mercedes-Benz GLC-Class 2016 Silver,Mercedes-Benz,GLC-Class,2016,foreign used,automatic,"₦ 29,500,000"
Hyundai Sonata 2021 Red,Hyundai,Sonata,2021,foreign used,automatic,"₦ 28,000,000"
Toyota Camry 2009 Gray,Toyota,Camry,2009,local used,automatic,"₦ 5,480,000"
New Toyota Land Cruiser 1958 2025 Black,New,Toyota Land,1958,brand new,automatic,"₦ 185,000,000"
Volkswagen Polo 1.2 2005 Black,Volkswagen,Polo 1,2005,local used,manual,"₦ 3,880,000"
Peugeot 406 2.0 2008 Blue,Peugeot,406 2,2008,local used,manual,"₦ 2,900,000"
Honda Accord 1999 Gold,Honda,Accord,1999,local used,automatic,"₦ 1,990,000"
Volkswagen Jetta 2005 Silver,Volkswagen,Jetta,2005,local used,automatic,"₦ 2,400,000"
Toyota Camry 2010 White,Toyota,Camry,2010,local used,automatic,"₦ 4,631,400"
New Mercedes-Benz G-Class 2025 Black,New,Mercedes-Benz G-Class,2025,brand new,automatic,"₦ 565,000,000"
Mercedes-Benz GLE-Class AMG GLE 63 S 4MATIC 2024 Silver,Mercedes-Benz,GLE-Class AMG,2024,foreign used,automatic,"₦ 335,000,000"
Mercedes-Benz C43 4Matic Cabriolet AWD (3.0L V6 9AM) 2017 White,Mercedes-Benz,C43 4Matic,2017,foreign used,automatic,"₦ 55,000,000"
Audi Q7 2007 White,Audi,Q7,2007,local used,automatic,"₦ 6,250,000"
Toyota Land Cruiser 2013 Black,Toyota,Land Cruiser,2013,local used,automatic,"₦ 34,000,000"
Honda Civic 2014 Gray,Honda,Civic,2014,local used,automatic,"₦ 7,850,000"
Mercedes-Benz GLB-Class GLB 250 4MATIC 2020 Silver,Mercedes-Benz,GLB-Class GLB,2020,local used,automatic,"₦ 45,000,000"
Mercedes-Benz GLE-Class AMG GLE 53 4MATIC 2022 Black,Mercedes-Benz,GLE-Class AMG,2022,foreign used,automatic,"₦ 125,000,000"
Lexus RX 350 AWD 2017 White,Lexus,RX 350,2017,foreign used,automatic,"₦ 39,000,000"
Jeep Wrangler 2014 Gray,Jeep,Wrangler,2014,local used,automatic,"₦ 14,500,000"
Toyota Land Cruiser Prado 4.0 2023 Black,Toyota,Land Cruiser,2023,local used,automatic,"₦ 55,500,000"
Land Rover Range Rover 2023 Black,Land,Rover Range,2023,local used,automatic,"₦ 340,000,000"
Rover Land 2008,Rover,Land,2008,local used,automatic,"₦ 7,900,000"
Toyota Avensis 2001 Blue,Toyota,Avensis,2001,local used,automatic,"₦ 3,990,000"
Mercedes-Benz GLE-Class GLE 350 2017 White,Mercedes-Benz,GLE-Class GLE,2017,foreign used,automatic,"₦ 31,000,000"
New Toyota Camry LE 2025 Black,New,Toyota Camry,2025,brand new,automatic,"₦ 107,000,000"
BMW 7 Series 760i xDrive AWD 2023 Silver,BMW,7 Series,2023,foreign used,automatic,"₦ 270,000,000"
Ford Edge 2021 Black,Ford,Edge,2021,foreign used,automatic,"₦ 29,000,000"
Mercedes-Benz GLC-Class 2018 Black,Mercedes-Benz,GLC-Class,2018,foreign used,automatic,"₦ 43,000,000"
New Lexus LX LX 700h 2025 Black,New,Lexus LX,2025,brand new,automatic,"₦ 365,000,000"
Mercedes-Benz E400 2018 White,Mercedes-Benz,E400,2018,foreign used,automatic,"₦ 50,000,000"
Toyota Camry 2020 Blue,Toyota,Camry,2020,local used,automatic,"₦ 18,800,000"
Toyota Tacoma 2023 Silver,Toyota,Tacoma,2023,foreign used,automatic,"₦ 55,000,000"
Hyundai Santa Fe 2010 Blue,Hyundai,Santa Fe,2010,local used,automatic,"₦ 6,750,000"
Toyota Camry 2018 Black,Toyota,Camry,2018,local used,automatic,"₦ 18,000,000"
Mercedes-Benz GLE-Class GLE 350 2016 Black,Mercedes-Benz,GLE-Class GLE,2016,foreign used,automatic,"₦ 36,000,000"
Mercedes-Benz GLE-Class GLE 450 4MATIC 2021 Blue,Mercedes-Benz,GLE-Class GLE,2021,foreign used,automatic,"₦ 87,000,000"
Mercedes-Benz C400 4Matic AWD Sedan (3.0L V6 7A) 2015 Silver,Mercedes-Benz,C400 4Matic,2015,foreign used,automatic,"₦ 29,500,000"
Land Rover Range Rover Velar P340 SE R-Dynamic 4x4 2019 Gold,Land,Rover Range,2019,foreign used,automatic,"₦ 55,000,000"
New Toyota Hilux 2025 White,New,Toyota Hilux,2025,brand new,manual,"₦ 55,000,000"
Nissan Vanette 2008 White,Nissan,Vanette,2008,foreign used,automatic,"₦ 4,000,000"
Lexus RX 2012 Gray,Lexus,RX,2012,local used,automatic,"₦ 15,000,000"
JMC Boarding 2011 Silver,JMC,Boarding,2011,foreign used,manual,"₦ 17,000,000"
Hyundai Palisade 2021 White,Hyundai,Palisade,2021,foreign used,automatic,"₦ 64,000,000"
Honda Pilot 2011 Gray,Honda,Pilot,2011,foreign used,automatic,"₦ 10,200,000"
Mercedes-Benz G-Class G 63 AMG 2021 Black,Mercedes-Benz,G-Class G,2021,foreign used,automatic,"₦ 290,000,000"
Mercedes-Benz M Class ML400 4MATIC 4dr SUV AWD (3.0L 6cyl Turbo 7A) Black,,,,foreign used,automatic,"₦ 33,500,000"
Land Rover Range Rover Vogue 2020 Gray,Land,Rover Range,2020,local used,automatic,"₦ 46,500,000"
Lexus ES 2007 Silver,Lexus,ES,2007,local used,automatic,"₦ 9,492,187"
Toyota Highlander 2012 Green,Toyota,Highlander,2012,local used,automatic,"₦ 23,414,062"
Hyundai Elantra SE 4dr Sedan (1.8L 4cyl 6A) 2014 Black,Hyundai,Elantra SE,2014,foreign used,automatic,"₦ 12,300,000"
Lexus TX TX 350 AWD 2024 Black,Lexus,TX TX,2024,foreign used,automatic,"₦ 155,000,000"
Mercedes-Benz GLE-Class AMG GLE 43 4MATIC 2018 Gray,Mercedes-Benz,GLE-Class AMG,2018,foreign used,automatic,"₦ 76,000,000"
Toyota Avalon 2019 Black,Toyota,Avalon,2019,foreign used,automatic,"₦ 46,828,125"
Mercedes-Benz M Class ML 350 4Matic 2013 Black,Mercedes-Benz,M Class,2013,foreign used,automatic,"₦ 23,500,000"
Toyota Camry 2010 Black,Toyota,Camry,2010,local used,automatic,"₦ 4,480,000"
Hyundai Sonata 2012 Gray,Hyundai,Sonata,2012,foreign used,automatic,"₦ 10,800,000"
New Toyota Fortuner 2025 Black,New,Toyota Fortuner,2025,brand new,automatic,"₦ 94,000,000"
Honda Accord 2004 Silver,Honda,Accord,2004,local used,automatic,"₦ 3,480,000"
Volkswagen Golf 2003 Silver,Volkswagen,Golf,2003,local used,manual,"₦ 1,980,000"
Toyota Hilux 2024 Black,Toyota,Hilux,2024,foreign used,automatic,"₦ 84,000,000"
Mercedes-Benz E300 2017 Black,Mercedes-Benz,E300,2017,local used,automatic,"₦ 22,000,008"
Toyota Tundra 2025 Black,Toyota,Tundra,2025,foreign used,automatic,"₦ 97,500,000"
Toyota Camry 2025 Gray,Toyota,Camry,2025,foreign used,automatic,"₦ 68,000,000"
Toyota Hilux 2019,Toyota,Hilux,2019,local used,automatic,"₦ 47,500,000"
Toyota Camry 2008 Silver,Toyota,Camry,2008,local used,automatic,"₦ 5,850,000"
Toyota Sequoia 2006 Silver,Toyota,Sequoia,2006,local used,automatic,"₦ 6,000,000"
Land Rover Range Rover Sport 2023 Gray,Land,Rover Range,2023,foreign used,automatic,"₦ 189,843,750"
Toyota Camry 2007 Green,Toyota,Camry,2007,local used,automatic,"₦ 5,500,000"
Toyota Highlander Limited V6 4x2 (3.5L 6cyl 6A) 2016 White,Toyota,Highlander Limited,2016,foreign used,automatic,"₦ 24,000,000"
Toyota Tundra 2012 Black,Toyota,Tundra,2012,local used,automatic,"₦ 36,000,000"
Mercedes-Benz GLE-Class AMG GLE 43 4MATIC 2019 White,Mercedes-Benz,GLE-Class AMG,2019,foreign used,automatic,"₦ 68,000,000"
Mercedes-Benz GLE-Class GLE 350 2017 Red,Mercedes-Benz,GLE-Class GLE,2017,foreign used,automatic,"₦ 40,000,000"
Lexus RX 350 2010 White,Lexus,RX 350,2010,foreign used,automatic,"₦ 19,500,000"
Toyota Corolla 2005 Blue,Toyota,Corolla,2005,local used,automatic,"₦ 5,180,000"
Toyota Corolla 2008 Silver,Toyota,Corolla,2008,local used,automatic,"₦ 5,800,000"
Ford Maverick 2023,Ford,Maverick,2023,foreign used,automatic,"₦ 72,000,000"
Toyota Camry LE FWD 2020 Red,Toyota,Camry LE,2020,foreign used,automatic,"₦ 28,500,000"
Toyota Hilux 2021 Black,Toyota,Hilux,2021,foreign used,automatic,"₦ 78,000,000"
Toyota Highlander XLE V6 4x4 (3.5L 6cyl 6A) 2016 Black,Toyota,Highlander XLE,2016,local used,automatic,"₦ 23,800,000"
Toyota Agya 2023 White,Toyota,Agya,2023,foreign used,automatic,"₦ 82,000,000"
New Toyota Land Cruiser 2026 Black,New,Toyota Land,2026,brand new,automatic,"₦ 205,000,000"
BMW X3 2013 White,BMW,X3,2013,local used,automatic,"₦ 12,000,000"
Lexus RX 2013 Black,Lexus,RX,2013,local used,automatic,"₦ 13,500,000"
Mercedes-Benz CLA-Class 2014 Gray,Mercedes-Benz,CLA-Class,2014,foreign used,automatic,"₦ 12,000,000"
Lexus RX 350 2WD 2020 Gold,Lexus,RX 350,2020,foreign used,automatic,"₦ 42,000,000"
Toyota Hilux 2022 White,Toyota,Hilux,2022,foreign used,automatic,"₦ 77,000,000"
Toyota Highlander XLE AWD 2020 Silver,Toyota,Highlander XLE,2020,foreign used,automatic,"₦ 53,000,000"
Mercedes-Benz GLE-Class AMG GLE 43 4MATIC 2018 Gray,Mercedes-Benz,GLE-Class AMG,2018,foreign used,automatic,"₦ 45,000,000"
Ford Focus 2013 White,Ford,Focus,2013,local used,automatic,"₦ 4,500,000"
Toyota Corolla 2007 Gray,Toyota,Corolla,2007,local used,automatic,"₦ 3,500,000"
Honda Civic 2006 Blue,Honda,Civic,2006,local used,automatic,"₦ 5,200,000"
Toyota Corolla 2017 White,Toyota,Corolla,2017,foreign used,automatic,"₦ 13,450,000"
Lexus RX 2016 White,Lexus,RX,2016,foreign used,automatic,"₦ 47,000,000"
Mercedes-Benz GLE-Class 2016 Black,Mercedes-Benz,GLE-Class,2016,foreign used,automatic,"₦ 68,000,000"
Toyota Highlander 2007 Gold,Toyota,Highlander,2007,local used,automatic,"₦ 5,600,000"
Nissan Altima 2011 Silver,Nissan,Altima,2011,local used,automatic,"₦ 4,480,000"
Honda Ridgeline 2008 Black,Honda,Ridgeline,2008,foreign used,automatic,"₦ 11,800,000"
New Mercedes-Benz G-Class 2025 Black,New,Mercedes-Benz G-Class,2025,brand new,automatic,"₦ 870,000,000"
Cadillac Escalade 2022 White,Cadillac,Escalade,2022,foreign used,automatic,"₦ 148,000,000"
Honda Crosstour 2011 White,Honda,Crosstour,2011,local used,automatic,"₦ 4,900,000"
Toyota Highlander 2009 Black,Toyota,Highlander,2009,local used,automatic,"₦ 7,850,000"
Toyota Picnic 2.0 FWD 2004 Blue,Toyota,Picnic 2,2004,local used,manual,"₦ 4,650,000"
Mercedes-Benz C400 2016 Black,Mercedes-Benz,C400,2016,foreign used,automatic,"₦ 33,000,000"
Dodge Challenger 2017 Red,Dodge,Challenger,2017,foreign used,automatic,"₦ 29,500,000"
Acura ZDX Base AWD 2011 Silver,Acura,ZDX Base,2011,foreign used,automatic,"₦ 19,200,000"
Mercedes-Benz GLK-Class 350 SUV 2013 White,Mercedes-Benz,GLK-Class 350,2013,foreign used,automatic,"₦ 25,000,000"
Toyota RAV4 LE 4dr SUV AWD (2.5L 4cyl 6A) 2014 Gray,Toyota,RAV4 LE,2014,local used,automatic,"₦ 13,500,000"
Toyota Avalon 2006 Gray,Toyota,Avalon,2006,local used,automatic,"₦ 3,980,000"
Toyota Sienna 2010 Green,Toyota,Sienna,2010,local used,automatic,"₦ 6,900,000"
Toyota Camry 2004 Red,Toyota,Camry,2004,local used,automatic,"₦ 3,900,000"
Lexus LX 600 2023 White,Lexus,LX 600,2023,foreign used,automatic,"₦ 235,000,000"
Hyundai Tucson 2019 Black,Hyundai,Tucson,2019,foreign used,automatic,"₦ 23,800,000"
New Toyota Land Cruiser 2024 Black,New,Toyota Land,2024,brand new,automatic,"₦ 215,000,000"
Mercedes-Benz GLE-Class 2022 Black,Mercedes-Benz,GLE-Class,2022,foreign used,automatic,"₦ 68,500,000"
Rolls-Royce Phantom Base EWB 2014 Gray,Rolls-Royce,Phantom Base,2014,foreign used,automatic,"₦ 540,000,000"
BMW X5 xDrive35i Sport Activity 2012 Gray,BMW,X5 xDrive35i,2012,foreign used,automatic,"₦ 10,780,000"
Ford Flex 2015,Ford,Flex,2015,foreign used,automatic,"₦ 15,000,000"
Infiniti QX60 2015 Silver,Infiniti,QX60,2015,local used,automatic,"₦ 10,000,000"
Lexus RX 330 2004 Black,Lexus,RX 330,2004,foreign used,automatic,"₦ 8,900,000"
Mercedes-Benz C450 2016 Black,Mercedes-Benz,C450,2016,local used,automatic,"₦ 19,000,000"
Toyota Camry SE 4dr Sedan (2.5L 4cyl 6A) 2015 White,Toyota,Camry SE,2015,foreign used,automatic,"₦ 15,500,000"
Mercedes-Benz C300 Luxury Sedan RWD (2.0L 4cyl 7A) 2016 White,Mercedes-Benz,C300 Luxury,2016,foreign used,automatic,"₦ 21,500,000"
Mercedes-Benz GLC-Class 2017 White,Mercedes-Benz,GLC-Class,2017,foreign used,automatic,"₦ 34,000,000"
Mercedes-Benz GLE-Class AMG GLE 43 4MATIC 2017 White,Mercedes-Benz,GLE-Class AMG,2017,foreign used,automatic,"₦ 56,000,000"
Lexus RX 2022,Lexus,RX,2022,foreign used,automatic,"₦ 84,000,000"
Kia Optima 2015 White,Kia,Optima,2015,foreign used,automatic,"₦ 11,500,000"
Honda Ridgeline 2007 Gray,Honda,Ridgeline,2007,local used,automatic,"₦ 7,900,000"
Land Rover Range Rover Sport 2013 Gray,Land,Rover Range,2013,local used,automatic,"₦ 10,500,000"
Toyota Corolla 2014 Black,Toyota,Corolla,2014,foreign used,automatic,"₦ 12,780,000"
Volkswagen Passat 2013 Silver,Volkswagen,Passat,2013,local used,automatic,"₦ 6,000,000"
New Mercedes-Benz GLC-Class 2025 Black,New,Mercedes-Benz GLC-Class,2025,brand new,automatic,"₦ 167,000,000"
Toyota Sequoia 2009 Black,Toyota,Sequoia,2009,local used,automatic,"₦ 11,500,000"
Hyundai Elantra 2013 Silver,Hyundai,Elantra,2013,foreign used,automatic,"₦ 9,350,000"
Honda Accord 2019 White,Honda,Accord,2019,local used,automatic,"₦ 15,500,000"
Nissan Almera 2015 Gray,Nissan,Almera,2015,local used,automatic,"₦ 5,850,000"
Mercedes-Benz G-Class 2015 Black,Mercedes-Benz,G-Class,2015,local used,automatic,"₦ 66,500,000"
Mercedes-Benz C300 Sport 4dr AWD 4Matic Sedan (2.0L 4cyl 7A) 2015 White,Mercedes-Benz,C300 Sport,2015,foreign used,automatic,"₦ 17,700,000"
Mercedes-Benz C300 2020 White,Mercedes-Benz,C300,2020,foreign used,automatic,"₦ 33,500,000"
Zeekr 9X 2025 Black,Zeekr,9X,2025,foreign used,automatic,"₦ 150,000,000"
New Mercedes-Benz GLE-Class AMG GLE 63 S AWD 2025 White,New,Mercedes-Benz GLE-Class,2025,brand new,automatic,"₦ 295,000,000"
Volkswagen Golf 1999 Green,Volkswagen,Golf,1999,local used,manual,"₦ 1,900,000"
Hyundai Sonata 2010 Silver,Hyundai,Sonata,2010,local used,automatic,"₦ 7,000,000"
Toyota Camry 2008 White,Toyota,Camry,2008,local used,automatic,"₦ 5,480,000"
Peugeot 206 2003 Silver,Peugeot,206,2003,foreign used,manual,"₦ 3,700,000"
Toyota Land Cruiser 2014 Black,Toyota,Land Cruiser,2014,local used,automatic,"₦ 25,500,000"
Mercedes-Benz S-Class 2024 White,Mercedes-Benz,S-Class,2024,foreign used,automatic,"₦ 128,000,000"
Lexus RX 2018 White,Lexus,RX,2018,foreign used,automatic,"₦ 46,500,000"
Toyota Hilux 2020 White,Toyota,Hilux,2020,local used,automatic,"₦ 47,500,000"
Lexus RX 2014 Gold,Lexus,RX,2014,foreign used,automatic,"₦ 19,950,000"
Lexus RX 350 F Sport AWD 2016 Black,Lexus,RX 350,2016,foreign used,automatic,"₦ 48,000,000"
New Toyota Tundra Platinum CrewMax 6.5' Bed 2023 Gray,New,Toyota Tundra,2023,brand new,automatic,"₦ 155,000,000"
Lexus RX 2005 Gold,Lexus,RX,2005,local used,automatic,"₦ 7,900,000"
BMW 7 Series 760i xDrive AWD 2023 Gray,BMW,7 Series,2023,foreign used,automatic,"₦ 320,000,000"
Lexus GX 460 2010 Black,Lexus,GX 460,2010,local used,automatic,"₦ 21,900,000"
Mercedes-Benz C300 2008 Gold,Mercedes-Benz,C300,2008,local used,automatic,"₦ 7,700,000"
Toyota Venza 2024 Black,Toyota,Venza,2024,foreign used,automatic,"₦ 49,000,000"
Lexus LX 570 AWD 2016 Gray,Lexus,LX 570,2016,local used,automatic,"₦ 68,000,000"
Mazda CX-9 2008 Black,Mazda,CX-9,2008,local used,automatic,"₦ 4,580,000"
Toyota Sienna 1999 Gold,Toyota,Sienna,1999,local used,automatic,"₦ 3,580,000"
Toyota Corolla 2014 Gray,Toyota,Corolla,2014,local used,automatic,"₦ 9,200,000"
Lexus RX 2013 Silver,Lexus,RX,2013,foreign used,automatic,"₦ 23,200,000"
Nissan Altima 2.5 S 4dr Sedan (2.5L 4cyl CVT) 2014 White,Nissan,Altima 2,2014,foreign used,automatic,"₦ 9,000,000"
Nissan 350Z 2005 Blue,Nissan,350Z,2005,local used,automatic,"₦ 13,500,000"
Mercedes-Benz M Class ML 350 4Matic 2010 Blue,Mercedes-Benz,M Class,2010,foreign used,automatic,"₦ 13,900,000"
Chevrolet Trax 2015 White,Chevrolet,Trax,2015,foreign used,automatic,"₦ 16,390,000"
Toyota 4-Runner 2011 Black,Toyota,4-Runner,2011,local used,automatic,"₦ 24,500,000"
Hyundai Sonata 2015 Black,Hyundai,Sonata,2015,local used,automatic,"₦ 10,350,000"
Toyota Camry 2002 Red,Toyota,Camry,2002,local used,automatic,"₦ 2,400,000"
Toyota Corolla S 4dr Sedan (1.8L 4cyl 4A) 2011 Gray,Toyota,Corolla S,2011,foreign used,automatic,"₦ 9,500,000"
Lexus LX 570 AWD 2021 White,Lexus,LX 570,2021,local used,automatic,"₦ 114,000,000"
Toyota RAV4 Limited 4dr SUV (2.5L 4cyl 6A) 2015 Gray,Toyota,RAV4 Limited,2015,foreign used,automatic,"₦ 21,000,000"
Toyota Corolla 2020 Gray,Toyota,Corolla,2020,foreign used,automatic,"₦ 19,500,000"
Land Rover Range Rover Evoque 2015 White,Land,Rover Range,2015,foreign used,automatic,"₦ 20,000,000"
New Toyota Camry XSE 2025 Black,New,Toyota Camry,2025,brand new,automatic,"₦ 99,000,000"
Hyundai Sonata 2011 Red,Hyundai,Sonata,2011,local used,automatic,"₦ 7,700,000"
Kia Rio 2014 Gray,Kia,Rio,2014,local used,manual,"₦ 3,580,000"
Peugeot 206 2005 Silver,Peugeot,206,2005,local used,manual,"₦ 3,280,000"
Toyota Corolla 2015 Black,Toyota,Corolla,2015,local used,automatic,"₦ 9,700,000"
Toyota Hilux 2019 Black,Toyota,Hilux,2019,local used,automatic,"₦ 59,000,000"
Honda Jazz 2009 Red,Honda,Jazz,2009,local used,automatic,"₦ 5,500,000"
Ford Focus Wagon 2001 Silver,Ford,Focus Wagon,2001,local used,manual,"₦ 1,950,000"
Kia Sorento 2015 Gray,Kia,Sorento,2015,local used,automatic,"₦ 8,200,000"
Land Rover Range Rover Vogue 2014 Black,Land,Rover Range,2014,local used,automatic,"₦ 27,000,000"
Lexus LX LX 700h 2025 Black,Lexus,LX LX,2025,foreign used,automatic,"₦ 350,000,000"
BMW X6 2016 Gray,BMW,X6,2016,local used,automatic,"₦ 30,000,000"
Toyota Sienna 2015 Black,Toyota,Sienna,2015,local used,automatic,"₦ 11,350,000"
Car 2020 White,Car,,2020,foreign used,automatic,"₦ 30,000,000"
Toyota Camry SE V6 4dr Sedan (3.0L 6cyl 4A) 2003 Blue,Toyota,Camry SE,2003,local used,automatic,"₦ 4,400,000"
Toyota Avalon XLE Sedar FWD (3.5L 6cyl 6A) 2013 Black,Toyota,Avalon XLE,2013,foreign used,automatic,"₦ 20,000,000"
Lexus ES 350 FWD 2013 White,Lexus,ES 350,2013,foreign used,automatic,"₦ 19,999,999"
New Toyota Hilux 2025 Black,New,Toyota Hilux,2025,brand new,automatic,"₦ 225,000,000"
Toyota Tundra Automatic 2003 Gray,Toyota,Tundra Automatic,2003,local used,automatic,"₦ 4,900,000"
Nissan Rogue S 2008 Silver,Nissan,Rogue S,2008,local used,automatic,"₦ 5,950,000"
Ford Focus 2012 Gray,Ford,Focus,2012,local used,automatic,"₦ 4,950,000"
Hyundai Tucson 2012 Gray,Hyundai,Tucson,2012,foreign used,automatic,"₦ 9,900,000"
Toyota Venza 2010 Gray,Toyota,Venza,2010,local used,automatic,"₦ 9,400,000"
New Infiniti QX80 2025 Black,New,Infiniti QX80,2025,brand new,automatic,"₦ 320,000,000"
Ford Fusion 2017 Black,Ford,Fusion,2017,foreign used,automatic,"₦ 16,200,000"
Lexus RX 2023 Black,Lexus,RX,2023,foreign used,automatic,"₦ 102,000,000"
Lamborghini Urus 2021 Black,Lamborghini,Urus,2021,foreign used,automatic,"₦ 340,000,000"
Mercedes-Benz C300 2011 Black,Mercedes-Benz,C300,2011,foreign used,automatic,"₦ 15,500,000"
Pontiac Vibe AWD 2006 Brown,Pontiac,Vibe AWD,2006,local used,automatic,"₦ 5,300,000"
Toyota Land Cruiser 2017 Black,Toyota,Land Cruiser,2017,local used,automatic,"₦ 79,500,000"
Lexus ES 2013 Gray,Lexus,ES,2013,local used,automatic,"₦ 13,750,000"
GAC GS8 2020 Black,GAC,GS8,2020,foreign used,automatic,"₦ 36,000,000"
Toyota Corolla 2014 Blue,Toyota,Corolla,2014,foreign used,automatic,"₦ 15,500,000"
Lexus RX 350 AWD 2009 Silver,Lexus,RX 350,2009,foreign used,automatic,"₦ 12,500,000"
Ford F-150 2015 Black,Ford,F-150,2015,foreign used,automatic,"₦ 28,500,000"
Toyota Venza 2009 White,Toyota,Venza,2009,local used,automatic,"₦ 10,900,000"
Mercedes-Benz Brabus G 800 2013 Black,Mercedes-Benz,Brabus G,2013,foreign used,automatic,"₦ 335,000,000"
New Rolls-Royce Cullinan 2026 Black,New,Rolls-Royce Cullinan,2026,brand new,automatic,"₦ 172,000,000"
Lexus RX 330 2006 Gray,Lexus,RX 330,2006,local used,automatic,"₦ 4,950,000"
Toyota Camry 2018 Silver,Toyota,Camry,2018,local used,automatic,"₦ 15,900,000"
Toyota Corolla Hatchback 2019 Blue,Toyota,Corolla Hatchback,2019,local used,automatic,"₦ 24,450,000"
Land Rover Range Rover Vogue 2023 Gray,Land,Rover Range,2023,local used,automatic,"₦ 190,000,000"
Land Rover Range Rover Velar 2020 Black,Land,Rover Range,2020,foreign used,automatic,"₦ 45,000,000"
Lexus GX 460 2012 Gold,Lexus,GX 460,2012,foreign used,automatic,"₦ 34,500,000"
Toyota Matrix 2010 Orange,Toyota,Matrix,2010,local used,automatic,"₦ 6,850,000"
Toyota Land Cruiser 2020 Black,Toyota,Land Cruiser,2020,local used,automatic,"₦ 87,000,000"
Toyota Land Cruiser Prado 2020,Toyota,Land Cruiser,2020,local used,automatic,"₦ 68,500,000"
Mercedes-Benz GLK-Class 350 4MATIC 2013 White,Mercedes-Benz,GLK-Class 350,2013,foreign used,automatic,"₦ 23,800,000"
Jeep Wrangler 2011 Silver,Jeep,Wrangler,2011,foreign used,automatic,"₦ 29,000,000"
Nissan Rogue S 2009 Blue,Nissan,Rogue S,2009,local used,automatic,"₦ 5,700,000"
Toyota Land Cruiser Prado 2022 Green,Toyota,Land Cruiser,2022,local used,automatic,"₦ 14,900,000"
Toyota Corolla 2003 Gray,Toyota,Corolla,2003,local used,automatic,"₦ 4,000,000"
Honda Accord 2008 Black,Honda,Accord,2008,local used,automatic,"₦ 3,880,000"
Mercedes-Benz GLE-Class GLE 350 2017 Black,Mercedes-Benz,GLE-Class GLE,2017,foreign used,automatic,"₦ 34,000,000"
Lexus LX 2017 Gray,Lexus,LX,2017,local used,automatic,"₦ 70,000,000"
Mercedes-Benz C43 2024 White,Mercedes-Benz,C43,2024,foreign used,automatic,"₦ 94,000,000"
Mercedes-Benz GLK-Class 2011 Silver,Mercedes-Benz,GLK-Class,2011,foreign used,automatic,"₦ 15,000,000"
Hyundai Santa Fe 2017 Black,Hyundai,Santa Fe,2017,foreign used,automatic,"₦ 19,500,000"
Toyota Hilux 2017 White,Toyota,Hilux,2017,foreign used,automatic,"₦ 61,000,000"
BMW M6 2016 Green,BMW,M6,2016,foreign used,automatic,"₦ 16,740,000"
Lexus IS 250 2008 Gray,Lexus,IS 250,2008,local used,automatic,"₦ 7,500,000"
Toyota Highlander 2008 Black,Toyota,Highlander,2008,local used,automatic,"₦ 6,950,000"
Lexus GX 2015 Black,Lexus,GX,2015,foreign used,automatic,"₦ 36,000,000"
Lexus ES 350 2007 White,Lexus,ES 350,2007,local used,automatic,"₦ 4,500,000"
New Jetour T2 i-DM 2025 White,New,Jetour T2,2025,brand new,automatic,"₦ 69,500,000"
Pontiac Vibe Automatic 2004 Gray,Pontiac,Vibe Automatic,2004,local used,automatic,"₦ 4,500,000"
Toyota Camry 2010 Blue,Toyota,Camry,2010,local used,automatic,"₦ 4,980,000"
Mercedes-Benz S-Class S 500 4MATIC 2024 Black,Mercedes-Benz,S-Class S,2024,foreign used,automatic,"₦ 170,000,000"
Lexus RX 350L 4WD 2020 White,Lexus,RX 350L,2020,foreign used,automatic,"₦ 78,500,000"
Hyundai Santa Fe SE AWD 2016 Black,Hyundai,Santa Fe,2016,foreign used,automatic,"₦ 23,000,000"
Mercedes-Benz E400 2015 Black,Mercedes-Benz,E400,2015,local used,automatic,"₦ 17,000,000"
Kia Morning 2012 White,Kia,Morning,2012,local used,automatic,"₦ 5,850,000"
Toyota Camry 2008 Black,Toyota,Camry,2008,local used,automatic,"₦ 5,600,000"
Honda CR-V 2008 Black,Honda,CR-V,2008,local used,automatic,"₦ 4,800,000"
Toyota Corolla 2009 Black,Toyota,Corolla,2009,foreign used,automatic,"₦ 9,000,000"
Toyota Camry LE 4dr Sedan (2.4L 4cyl 5A) 2007 Gray,Toyota,Camry LE,2007,foreign used,automatic,"₦ 8,900,000"
Toyota Highlander Limited Platinum 4dr SUV AWD (3.5L 6cyl 6A) 2014,Toyota,Highlander Limited,2014,local used,automatic,"₦ 12,500,000"
Toyota Sienna 2016 Silver,Toyota,Sienna,2016,foreign used,automatic,"₦ 22,000,000"
Honda CR-V 2012 Brown,Honda,CR-V,2012,local used,automatic,"₦ 7,700,000"
Toyota Matrix XR Hatchback AWD (1.8L 4cyl 4A) 2005 Black,Toyota,Matrix XR,2005,local used,automatic,"₦ 5,750,000"
Toyota RAV4 LE 2021 Red,Toyota,RAV4 LE,2021,foreign used,automatic,"₦ 32,500,000"
Mercedes-Benz GLE-Class GLE 350 2017 Gray,Mercedes-Benz,GLE-Class GLE,2017,foreign used,automatic,"₦ 42,500,000"
Honda Accord 2.4 Exec Automatic 2007 Blue,Honda,Accord 2,2007,local used,automatic,"₦ 2,600,000"
Lexus RX 2008 Silver,Lexus,RX,2008,local used,automatic,"₦ 7,000,000"
Mercedes-Benz SLK-Class 2016 Silver,Mercedes-Benz,SLK-Class,2016,foreign used,automatic,"₦ 27,000,000"
Mercedes-Benz E230 1995 Black,Mercedes-Benz,E230,1995,local used,manual,"₦ 3,000,000"
Toyota Camry 2003 Gold,Toyota,Camry,2003,local used,automatic,"₦ 4,300,000"
Toyota Corolla 2006 Silver,Toyota,Corolla,2006,foreign used,automatic,"₦ 4,680,000"
Mitsubishi L200 2013 White,Mitsubishi,L200,2013,local used,manual,"₦ 4,900,000"
Toyota Highlander 2008 Black,Toyota,Highlander,2008,local used,automatic,"₦ 13,500,000"
Honda Civic 2010 Silver,Honda,Civic,2010,local used,automatic,"₦ 4,800,000"
Mercedes-Benz S-Class 2026 White,Mercedes-Benz,S-Class,2026,foreign used,automatic,"₦ 210,000,000"
Toyota Camry XLE 4dr Sedan (3.5L 6cyl 6A) 2015 Black,Toyota,Camry XLE,2015,foreign used,automatic,"₦ 16,800,000"
Toyota Highlander XLE 4x4 V6 (3.5L 6cyl 8A) 2017 Gray,Toyota,Highlander XLE,2017,foreign used,automatic,"₦ 32,500,000"
Toyota Land Cruiser 2010 Black,Toyota,Land Cruiser,2010,local used,automatic,"₦ 23,000,000"
Hummer H1 2006,Hummer,H1,2006,foreign used,automatic,"₦ 18,000,000"
Mercedes-Benz C450 2016 Black,Mercedes-Benz,C450,2016,foreign used,automatic,"₦ 31,000,000"
Mercedes-Benz GLE-Class GLE 450 4MATIC 2021 Black,Mercedes-Benz,GLE-Class GLE,2021,foreign used,automatic,"₦ 34,000,000"
Toyota RAV4 Limited 4dr SUV AWD (2.5L 4cyl 6A) 2015 Red,Toyota,RAV4 Limited,2015,local used,automatic,"₦ 13,900,000"
Chevrolet Suburban 2021 Gray,Chevrolet,Suburban,2021,foreign used,automatic,"₦ 120,000,000"
Mercedes-Benz GLK-Class 350 4MATIC 2013 Black,Mercedes-Benz,GLK-Class 350,2013,foreign used,automatic,"₦ 21,000,000"
Toyota Camry 2013 Silver,Toyota,Camry,2013,foreign used,automatic,"₦ 13,900,000"
Toyota Corolla 2015 Black,Toyota,Corolla,2015,foreign used,automatic,"₦ 13,000,000"
Toyota Corolla S Plus 4dr Sedan (1.8L 4cyl CVT) 2014 Gray,Toyota,Corolla S,2014,foreign used,automatic,"₦ 15,000,000"
Mitsubishi L200 2014 Black,Mitsubishi,L200,2014,local used,manual,"₦ 14,500,000"
Lexus ES 330 2005 Black,Lexus,ES 330,2005,local used,automatic,"₦ 3,500,000"
Lexus GX 2015 White,Lexus,GX,2015,local used,automatic,"₦ 24,500,000"
Lexus RX 350 2008 Black,Lexus,RX 350,2008,local used,automatic,"₦ 4,500,000"
Mercedes-Benz GL-Class GL 450 2012 Black,Mercedes-Benz,GL-Class GL,2012,local used,automatic,"₦ 9,900,000"
Toyota Corolla 2018 Black,Toyota,Corolla,2018,foreign used,automatic,"₦ 19,900,000"
Toyota Venza 2009 Brown,Toyota,Venza,2009,local used,automatic,"₦ 11,500,000"
Toyota 4-Runner 2006 Silver,Toyota,4-Runner,2006,local used,automatic,"₦ 7,500,000"
Toyota Land Cruiser 2025 Black,Toyota,Land Cruiser,2025,local used,automatic,"₦ 165,000,000"
Lexus ES 2014 White,Lexus,ES,2014,foreign used,automatic,"₦ 21,000,000"
Mercedes-Benz C300 Sport 4Matic Sedan AWD (3.0L 6cyl 7A) 2011 Gray,Mercedes-Benz,C300 Sport,2011,foreign used,automatic,"₦ 12,500,000"
Hyundai Sonata 2009 Silver,Hyundai,Sonata,2009,local used,automatic,"₦ 3,700,000"
Honda Accord 2008 Gold,Honda,Accord,2008,local used,automatic,"₦ 4,950,000"
IVM G40 2020 Red,IVM,G40,2020,local used,automatic,"₦ 30,000,000"
Mercedes-Benz E350 2012 Gold,Mercedes-Benz,E350,2012,foreign used,automatic,"₦ 13,250,000"
Toyota Land Cruiser 2014 Black,Toyota,Land Cruiser,2014,local used,automatic,"₦ 34,500,000"
Toyota Camry SE 4dr Sedan (2.5L 4cyl 6A) 2013 White,Toyota,Camry SE,2013,foreign used,automatic,"₦ 11,650,000"
Toyota Highlander 4x4 2005 White,Toyota,Highlander 4x4,2005,local used,automatic,"₦ 5,700,000"
Lexus GX 460 Luxury 2016 White,Lexus,GX 460,2016,foreign used,automatic,"₦ 41,000,000"
Mercedes-Benz M Class ML350 4MATIC 4dr SUV AWD (3.5L 6cyl 7A) 2014,Mercedes-Benz,M Class,2014,foreign used,automatic,"₦ 23,000,000"
Mercedes-Benz C300 2008 Black,Mercedes-Benz,C300,2008,foreign used,automatic,"₦ 9,000,000"
Toyota Highlander Limited 2012 Gray,Toyota,Highlander Limited,2012,foreign used,automatic,"₦ 20,000,000"
Hyundai Sonata 2016 Silver,Hyundai,Sonata,2016,foreign used,automatic,"₦ 14,000,000"
Mercedes-Benz M Class ML 350 4Matic 2011 Black,Mercedes-Benz,M Class,2011,foreign used,automatic,"₦ 14,000,000"
Mercedes-Benz GLC-Class 2016 Black,Mercedes-Benz,GLC-Class,2016,foreign used,automatic,"₦ 26,000,000"
Mercedes-Benz GLE-Class AMG GLE 53 4MATIC 2022 Black,Mercedes-Benz,GLE-Class AMG,2022,foreign used,automatic,"₦ 150,000,000"
Mercedes-Benz GLA 250 2018 Blue,Mercedes-Benz,GLA 250,2018,foreign used,automatic,"₦ 29,000,000"
Toyota Sienna Limited 7 Passenger 2011 Gray,Toyota,Sienna Limited,2011,foreign used,automatic,"₦ 10,500,000"
New Lexus LX 2024 Black,New,Lexus LX,2024,brand new,automatic,"₦ 529,000,000"
Kia Rio 2012 Silver,Kia,Rio,2012,local used,manual,"₦ 2,980,000"
Toyota Corolla 2003 Silver,Toyota,Corolla,2003,local used,automatic,"₦ 3,700,000"
Toyota 4-Runner SR5 Premium 4WD 2023 White,Toyota,4-Runner SR5,2023,foreign used,automatic,"₦ 79,000,000"
Toyota Corolla 2019 Silver,Toyota,Corolla,2019,foreign used,automatic,"₦ 20,000,000"
Mercedes-Benz GLE-Class GLE 450 4MATIC 2020 Black,Mercedes-Benz,GLE-Class GLE,2020,foreign used,automatic,"₦ 98,500,000"
Mercedes-Benz GLE-Class AMG GLE 53 4MATIC 2021 Gold,Mercedes-Benz,GLE-Class AMG,2021,foreign used,automatic,"₦ 147,000,000"
Toyota Corolla 2015 Gray,Toyota,Corolla,2015,foreign used,automatic,"₦ 13,900,000"
Mercedes-Benz GLC-Class GLC 300 4MATIC AWD 2025 White,Mercedes-Benz,GLC-Class GLC,2025,foreign used,automatic,"₦ 97,000,000"
Land Rover Range Rover Vogue 2015 Black,Land,Rover Range,2015,local used,automatic,"₦ 18,800,000"
Toyota Highlander SE 4x4 V6 (3.5L 6cyl 8A) 2017 Gray,Toyota,Highlander SE,2017,foreign used,automatic,"₦ 32,000,000"
Toyota Highlander XLE 4dr SUV AWD (3.5L 6cyl 6A) 2015 Silver,Toyota,Highlander XLE,2015,local used,automatic,"₦ 22,500,000"
Mercedes-Benz C300 2016 White,Mercedes-Benz,C300,2016,foreign used,automatic,"₦ 29,000,000"
New Geely Emgrand X7 2024 Black,New,Geely Emgrand,2024,brand new,automatic,"₦ 69,000,000"
Hyundai Tucson SEL AWD 2020 Blue,Hyundai,Tucson SEL,2020,foreign used,automatic,"₦ 30,000,000"
Mercedes-Benz GLE-Class 2017 White,Mercedes-Benz,GLE-Class,2017,foreign used,automatic,"₦ 68,500,000"
Lexus IS 250 AWD 2006 Silver,Lexus,IS 250,2006,foreign used,automatic,"₦ 14,800,000"
New Toyota Hilux 2025 Black,New,Toyota Hilux,2025,brand new,automatic,"₦ 269,000,000"
Toyota Avensis Wagon 1.8 VVT-i 2000 Green,Toyota,Avensis Wagon,2000,local used,automatic,"₦ 2,880,000"
Toyota Corolla Verso 2004 Silver,Toyota,Corolla Verso,2004,local used,automatic,"₦ 4,000,000"
Mercedes-Benz S-Class S 450 4MATIC (W222) 2020 Black,Mercedes-Benz,S-Class S,2020,foreign used,automatic,"₦ 107,000,000"
Mercedes-Benz GLC-Class 2017 Blue,Mercedes-Benz,GLC-Class,2017,foreign used,automatic,"₦ 58,000,000"
Mercedes-Benz E350 2022 Black,Mercedes-Benz,E350,2022,foreign used,automatic,"₦ 79,500,000"
Dodge Charger 2019 Red,Dodge,Charger,2019,foreign used,automatic,"₦ 36,500,000"
Mercedes-Benz GL-Class 2013 Black,Mercedes-Benz,GL-Class,2013,local used,automatic,"₦ 17,000,000"
Mercedes-Benz GLC-Class 2017 White,Mercedes-Benz,GLC-Class,2017,foreign used,automatic,"₦ 26,500,000"
Land Rover Lr4 2015 Black,Land,Rover Lr4,2015,local used,automatic,"₦ 11,000,000"
Audi A8 L 6.3 Quattro 2012 Black,Audi,A8 L,2012,local used,automatic,"₦ 25,000,000"
Lexus IS 350 2009 Silver,Lexus,IS 350,2009,foreign used,automatic,"₦ 8,800,000"
Toyota Highlander 2010 Silver,Toyota,Highlander,2010,local used,automatic,"₦ 9,950,000"
Toyota Sienna 2010 Silver,Toyota,Sienna,2010,local used,automatic,"₦ 10,000,000"
Mercedes-Benz GLC-Class 2016 White,Mercedes-Benz,GLC-Class,2016,foreign used,automatic,"₦ 23,500,000"
Mercedes-Benz GLC-Class 2016 Gray,Mercedes-Benz,GLC-Class,2016,foreign used,automatic,"₦ 27,000,000"
Toyota Venza 2010 White,Toyota,Venza,2010,foreign used,automatic,"₦ 18,500,000"
Lexus RX 350 2016 Red,Lexus,RX 350,2016,foreign used,automatic,"₦ 48,000,000"
Mercedes-Benz GLE-Class GLE 350 2016 White,Mercedes-Benz,GLE-Class GLE,2016,foreign used,automatic,"₦ 34,800,000"
Toyota Corolla 2010 Silver,Toyota,Corolla,2010,local used,automatic,"₦ 6,700,000"
Hyundai Elantra 2014 Red,Hyundai,Elantra,2014,foreign used,automatic,"₦ 13,800,000"
Toyota Tundra Hybrid 2024 Blue,Toyota,Tundra Hybrid,2024,foreign used,automatic,"₦ 115,000,000"
Toyota Camry XSE FWD (2.5L 4cyl 8AM) 2018 Blue,Toyota,Camry XSE,2018,foreign used,automatic,"₦ 30,000,000"
Mercedes-Benz M Class ML350 4dr SUV (3.5L 6cyl 7A) 2014 Brown,Mercedes-Benz,M Class,2014,foreign used,automatic,"₦ 23,900,000"
Ford F-150 2012 Gray,Ford,F-150,2012,foreign used,automatic,"₦ 21,000,000"
Toyota Tundra 2023 Black,Toyota,Tundra,2023,local used,automatic,"₦ 195,000,000"
Mercedes-Benz 300E 1995 Gray,Mercedes-Benz,300E,1995,local used,automatic,"₦ 4,000,000"
BMW 740 2018 Blue,BMW,740,2018,foreign used,automatic,"₦ 55,600,000"
Mercedes-Benz GLC-Class AMG GLC 43 AWD 2024 Black,Mercedes-Benz,GLC-Class AMG,2024,foreign used,automatic,"₦ 195,000,000"
Mercedes-Benz GLE-Class GLE 580 4MATIC 2020 Black,Mercedes-Benz,GLE-Class GLE,2020,foreign used,automatic,"₦ 118,000,000"
Porsche Panamera 4 2012 Black,Porsche,Panamera 4,2012,foreign used,automatic,"₦ 20,000,000"
Nissan 370Z 2017 Red,Nissan,370Z,2017,foreign used,manual,"₦ 45,000,000"
BMW X3 2008 White,BMW,X3,2008,local used,automatic,"₦ 5,950,000"
Toyota Hilux 2014 White,Toyota,Hilux,2014,local used,automatic,"₦ 26,900,000"
Toyota Camry LE 4dr Sedan (2.5L 4cyl 6A) 2015,Toyota,Camry LE,2015,foreign used,automatic,"₦ 14,200,000"
Toyota Sienna 2014 Gray,Toyota,Sienna,2014,foreign used,automatic,"₦ 14,000,000"
Toyota Sienna 2013 Gray,Toyota,Sienna,2013,foreign used,automatic,"₦ 14,000,000"
Mercedes-Benz C300 2012 Black,Mercedes-Benz,C300,2012,foreign used,automatic,"₦ 11,500,000"
New Mercedes-Benz 500SE 2022 Black,New,Mercedes-Benz 500SE,2022,brand new,,"₦ 130,000,000"
Mercedes-Benz M Class ML 350 4Matic 2012 Gray,Mercedes-Benz,M Class,2012,foreign used,automatic,"₦ 25,500,000"
Lexus RX 2016 Black,Lexus,RX,2016,local used,automatic,"₦ 28,500,000"
Mercedes-Benz GLC-Class 2017 Black,Mercedes-Benz,GLC-Class,2017,foreign used,automatic,"₦ 14,200,000"
Mercedes-Benz E300 2017 White,Mercedes-Benz,E300,2017,local used,automatic,"₦ 19,000,000"
Mercedes-Benz E350 2015,Mercedes-Benz,E350,2015,local used,automatic,"₦ 6,800,000"
Ford Explorer 2013 Silver,Ford,Explorer,2013,local used,automatic,"₦ 5,900,000"
Pontiac Vibe 2005,Pontiac,Vibe,2005,local used,automatic,"₦ 4,800,000"
Honda CR-V 2013 Gray,Honda,CR-V,2013,local used,automatic,"₦ 8,550,000"
Honda Pilot 2009 Gray,Honda,Pilot,2009,foreign used,automatic,"₦ 10,700,000"
Nissan Maxima 2002 Gold,Nissan,Maxima,2002,local used,automatic,"₦ 2,990,000"
Nissan Murano S 2005 Black,Nissan,Murano S,2005,local used,automatic,"₦ 2,980,000"
Lexus RX 2010 Red,Lexus,RX,2010,local used,automatic,"₦ 10,000,000"
Mercedes-Benz GLK-Class 2011 Black,Mercedes-Benz,GLK-Class,2011,local used,automatic,"₦ 12,500,000"
New Mercedes-Benz G-Class 2025 Black,New,Mercedes-Benz G-Class,2025,brand new,automatic,"₦ 548,000,000"
Toyota Highlander 2014 Gold,Toyota,Highlander,2014,foreign used,automatic,"₦ 23,500,000"
Mercedes-Benz GLE-Class AMG GLE 53 4MATIC 2024 Black,Mercedes-Benz,GLE-Class AMG,2024,foreign used,automatic,"₦ 250,000,000"
Mercedes-Benz GLB-Class GLB 250 4MATIC 2021 Black,Mercedes-Benz,GLB-Class GLB,2021,foreign used,automatic,"₦ 68,500,000"
Mercedes-Benz GLC-Class 2018 Black,Mercedes-Benz,GLC-Class,2018,foreign used,automatic,"₦ 33,800,000"
Toyota Land Cruiser Prado 2016 Black,Toyota,Land Cruiser,2016,local used,automatic,"₦ 30,800,000"
BMW 535i 2012 Silver,BMW,535i,2012,foreign used,automatic,"₦ 8,075,000"
Toyota Yaris 1.5 Liftback 2008 Silver,Toyota,Yaris 1,2008,local used,automatic,"₦ 4,150,000"
Toyota Camry 2010 Red,Toyota,Camry,2010,local used,automatic,"₦ 6,650,000"
Hyundai Elantra 2013 White,Hyundai,Elantra,2013,local used,automatic,"₦ 6,750,000"
Jeep Wrangler Willys Sport 2021 Gray,Jeep,Wrangler Willys,2021,foreign used,automatic,"₦ 63,000,000"
Jeep Wrangler Sport 4x4 2020 Gray,Jeep,Wrangler Sport,2020,foreign used,automatic,"₦ 64,500,000"
Toyota Highlander Limited Platinum 4x4 V6 (3.5L 6cyl 8A) 2018 Black,Toyota,Highlander Limited,2018,foreign used,automatic,"₦ 29,000,000"
Honda CR-V 2003,Honda,CR-V,2003,local used,automatic,"₦ 2,800,000"
Toyota Highlander 2008 Gray,Toyota,Highlander,2008,local used,automatic,"₦ 8,400,000"
Mercedes-Benz CLA-Class 2016 White,Mercedes-Benz,CLA-Class,2016,local used,automatic,"₦ 11,300,000"
Toyota Avalon XLE 4dr Sedan (3.5L 6cyl 6A) 2014 White,Toyota,Avalon XLE,2014,foreign used,automatic,"₦ 15,000,000"
Acura MDX 2015 Gray,Acura,MDX,2015,foreign used,automatic,"₦ 15,500,000"
Lexus ES 2012 Black,Lexus,ES,2012,foreign used,automatic,"₦ 14,800,000"
Mercedes-Benz GLK-Class Base GLK 350 4dr AWD 4MATIC (3.5L 6cyl 7A) 2015,Mercedes-Benz,GLK-Class Base,2015,local used,automatic,"₦ 13,000,000"
Lexus ES 2015 Black,Lexus,ES,2015,foreign used,automatic,"₦ 22,000,000"
Toyota Camry 2015 Gold,Toyota,Camry,2015,foreign used,automatic,"₦ 17,000,000"
Ford Escape 2018 Gray,Ford,Escape,2018,foreign used,automatic,"₦ 16,500,000"
Mercedes-Benz GLE-Class GLE 450 4MATIC 2022 Black,Mercedes-Benz,GLE-Class GLE,2022,foreign used,automatic,"₦ 90,000,000"
Jetour T2 2024 Gray,Jetour,T2,2024,foreign used,automatic,"₦ 44,000,000"
Toyota Corolla 2003 Black,Toyota,Corolla,2003,local used,manual,"₦ 2,400,000"
Toyota Avalon 2018 Gold,Toyota,Avalon,2018,foreign used,automatic,"₦ 19,000,000"
Hyundai Genesis 2008 Red,Hyundai,Genesis,2008,foreign used,automatic,"₦ 8,250,000"
Toyota Highlander 2006,Toyota,Highlander,2006,local used,automatic,"₦ 4,950,000"
Toyota RAV4 V6 2007 Green,Toyota,RAV4 V6,2007,foreign used,automatic,"₦ 10,000,000"
Lexus RX 350 FWD 2017 Blue,Lexus,RX 350,2017,foreign used,automatic,"₦ 39,999,000"
Toyota Avensis 2003 Gold,Toyota,Avensis,2003,local used,automatic,"₦ 2,480,000"
Toyota Camry 2.4 LE 2008 Green,Toyota,Camry 2,2008,local used,automatic,"₦ 6,000,000"
Lexus ES 2006 Black,Lexus,ES,2006,local used,automatic,"₦ 5,300,000"
Land Rover Defender 2022 Blue,Land,Rover Defender,2022,foreign used,automatic,"₦ 185,000,000"
Toyota Land Cruiser 2014 Black,Toyota,Land Cruiser,2014,local used,automatic,"₦ 31,500,000"
Lexus LX 570 AWD 2018 Gold,Lexus,LX 570,2018,foreign used,automatic,"₦ 113,000,000"
Ford Escape 2004 Black,Ford,Escape,2004,local used,manual,"₦ 2,950,000"
BMW 535i 2012 Maroon,BMW,535i,2012,local used,automatic,"₦ 13,000,000"
Toyota Land Cruiser Prado 2016 Black,Toyota,Land Cruiser,2016,local used,automatic,"₦ 37,500,000"
Toyota Avalon 2015 Blue,Toyota,Avalon,2015,local used,automatic,"₦ 13,850,000"
Toyota Tundra 2004 Black,Toyota,Tundra,2004,local used,automatic,"₦ 6,900,000"
Toyota Tundra 2010 Gray,Toyota,Tundra,2010,local used,automatic,"₦ 22,500,000"
BMW 520i 2012 Black,BMW,520i,2012,local used,automatic,"₦ 10,950,000"
Lexus GX 460 Luxury 2017 Silver,Lexus,GX 460,2017,foreign used,automatic,"₦ 41,000,000"
Toyota Highlander XLE FWD 2024 Black,Toyota,Highlander XLE,2024,foreign used,automatic,"₦ 80,000,000"
Toyota RAV4 2008 Red,Toyota,RAV4,2008,local used,automatic,"₦ 6,770,000"
Toyota Camry 2013 Silver,Toyota,Camry,2013,foreign used,automatic,"₦ 12,500,000"
Toyota Sequoia 2004,Toyota,Sequoia,2004,local used,automatic,"₦ 4,990,000"
Peugeot 206 2005 Blue,Peugeot,206,2005,local used,automatic,"₦ 2,900,000"
Lexus RX 350 F SPORT AWD 2023 Silver,Lexus,RX 350,2023,foreign used,automatic,"₦ 117,000,000"
Mercedes-Benz GLK-Class 2013 Black,Mercedes-Benz,GLK-Class,2013,foreign used,automatic,"₦ 17,700,000"
Nissan 370Z 2024 Yellow,Nissan,370Z,2024,foreign used,manual,"₦ 52,000,000"
Lexus GX 2014 Gray,Lexus,GX,2014,foreign used,automatic,"₦ 36,500,000"
Lexus GX 2015 Black,Lexus,GX,2015,foreign used,automatic,"₦ 31,000,000"
Mercedes-Benz C200 2017 White,Mercedes-Benz,C200,2017,foreign used,automatic,"₦ 23,000,000"
Ford F-150 SuperCrew 2008 White,Ford,F-150 SuperCrew,2008,foreign used,automatic,"₦ 13,800,000"
Ford Fusion SEL 2012 White,Ford,Fusion SEL,2012,foreign used,automatic,"₦ 11,998,999"
Honda Pilot 2008 Black,Honda,Pilot,2008,local used,automatic,"₦ 4,500,000"
Toyota Camry 2016 White,Toyota,Camry,2016,foreign used,automatic,"₦ 15,300,000"
Toyota Highlander 2010 Gray,Toyota,Highlander,2010,foreign used,automatic,"₦ 13,800,000"
Lexus RX 2006 Silver,Lexus,RX,2006,local used,automatic,"₦ 6,800,000"
Mercedes-Benz C300 2010 White,Mercedes-Benz,C300,2010,local used,automatic,"₦ 4,700,000"
Lexus RX 2007 Gold,Lexus,RX,2007,local used,automatic,"₦ 6,200,000"
Mercedes-Benz C300 2009 Black,Mercedes-Benz,C300,2009,local used,automatic,"₦ 4,800,000"
Toyota Camry SE 4dr Sedan (2.5L 4cyl 6A) 2016 Gray,Toyota,Camry SE,2016,foreign used,automatic,"₦ 14,000,000"
Toyota Camry SE V6 4dr Sedan (3.5L 6cyl 6A) 2012 Black,Toyota,Camry SE,2012,foreign used,automatic,"₦ 14,650,000"
Mercedes-Benz C43 2019 White,Mercedes-Benz,C43,2019,foreign used,automatic,"₦ 60,000,000"
Hyundai Tucson Eco AWD 2016 Black,Hyundai,Tucson Eco,2016,foreign used,automatic,"₦ 16,500,000"
Lexus GX 460 Base 2020 Black,Lexus,GX 460,2020,foreign used,automatic,"₦ 42,000,000"
New Toyota Land Cruiser Prado 2.4 Petrol 2025 Black,New,Toyota Land,2025,brand new,automatic,"₦ 100,000,000"
Lexus GX 460 Luxury 2019 Black,Lexus,GX 460,2019,foreign used,automatic,"₦ 41,000,000"
Toyota Corolla 2006 Black,Toyota,Corolla,2006,local used,automatic,"₦ 4,450,000"
Acura MDX w/Technology & Ent. Pkgs SH-AWD 2017 Gray,Acura,MDX w,2017,foreign used,automatic,"₦ 22,800,000"
Toyota Corolla LE 4dr Sedan (1.8L 4cyl 4A) 2012 Black,Toyota,Corolla LE,2012,foreign used,automatic,"₦ 11,500,000"
Toyota Camry 2016 Gray,Toyota,Camry,2016,local used,automatic,"₦ 11,400,000"
Toyota Land Cruiser 2009 Black,Toyota,Land Cruiser,2009,local used,automatic,"₦ 18,000,000"
Nissan Rogue S 2008 Gray,Nissan,Rogue S,2008,foreign used,automatic,"₦ 8,599,999"
Honda Accord 2000 Silver,Honda,Accord,2000,local used,manual,"₦ 1,800,000"
Toyota Highlander 2005,Toyota,Highlander,2005,local used,automatic,"₦ 5,600,000"
Mercedes-Benz GLK-Class 2014 Black,Mercedes-Benz,GLK-Class,2014,local used,automatic,"₦ 12,000,000"
Toyota Highlander Limited 4dr SUV AWD (3.5L 6cyl 6A) 2015 Silver,Toyota,Highlander Limited,2015,foreign used,automatic,"₦ 27,999,999"
Toyota Highlander Limited 2011 Gray,Toyota,Highlander Limited,2011,foreign used,automatic,"₦ 17,500,000"
Honda Accord 2013 Black,Honda,Accord,2013,foreign used,automatic,"₦ 12,900,000"
Toyota Camry LE 4dr Sedan (2.4L 4cyl 4A) 2004 Silver,Toyota,Camry LE,2004,local used,automatic,"₦ 3,500,000"
Lexus RX 2011 Silver,Lexus,RX,2011,local used,automatic,"₦ 11,000,000"
Toyota RAV4 2015 Red,Toyota,RAV4,2015,foreign used,automatic,"₦ 17,000,000"
Hyundai Accent 2013 White,Hyundai,Accent,2013,foreign used,automatic,"₦ 12,700,000"
Honda Accord EX 4dr Sedan (2.4L 4cyl CVT) 2015 Black,Honda,Accord EX,2015,foreign used,automatic,"₦ 11,550,000"
Lexus RX 350 2010 Silver,Lexus,RX 350,2010,foreign used,automatic,"₦ 19,500,000"
Toyota Camry SE Limited Edition 4dr Sedan (2.5L 4cyl 6A) 2012 White,Toyota,Camry SE,2012,foreign used,automatic,"₦ 14,500,000"
Mercedes-Benz GLE-Class GLE 350 4MATIC 2020 White,Mercedes-Benz,GLE-Class GLE,2020,foreign used,automatic,"₦ 68,000,000"
Toyota Camry SE 4dr Sedan (2.5L 4cyl 6A) 2014 Gray,Toyota,Camry SE,2014,foreign used,automatic,"₦ 11,300,000"
Lexus RX 350 2011 Black,Lexus,RX 350,2011,foreign used,automatic,"₦ 17,000,000"
Suzuki US 2013 White,Suzuki,US,2013,foreign used,manual,"₦ 4,200,000"
Mercedes-Benz GLC-Class 2018 Silver,Mercedes-Benz,GLC-Class,2018,foreign used,automatic,"₦ 40,000,000"
New Denza Z9 2025 Black,New,Denza Z9,2025,brand new,automatic,"₦ 160,000,000"
Toyota Camry 2008 Silver,Toyota,Camry,2008,local used,automatic,"₦ 6,800,000"
Honda Accord 2005 Blue,Honda,Accord,2005,local used,automatic,"₦ 2,450,000"
Mercedes-Benz E-Class 2019 Red,Mercedes-Benz,E-Class,2019,foreign used,automatic,"₦ 36,000,000"
Mercedes-Benz GLE-Class AMG GLE 43 4MATIC 2017 Gray,Mercedes-Benz,GLE-Class AMG,2017,foreign used,automatic,"₦ 37,000,000"
Rover Land 2015 Blue,Rover,Land,2015,foreign used,automatic,"₦ 35,000,000"
Toyota Avalon 2013 Gray,Toyota,Avalon,2013,foreign used,automatic,"₦ 17,000,000"
Toyota Camry 2009 Silver,Toyota,Camry,2009,local used,automatic,"₦ 6,850,000"
Lexus ES 350 2008 Red,Lexus,ES 350,2008,local used,automatic,"₦ 6,800,000"
Lexus RX 2019 White,Lexus,RX,2019,local used,automatic,"₦ 32,000,000"
Suzuki Grand Vitara 2008 Red,Suzuki,Grand Vitara,2008,local used,manual,"₦ 3,400,000"
Lexus ES 2003 Green,Lexus,ES,2003,local used,automatic,"₦ 4,500,000"
Toyota Camry 2008 Black,Toyota,Camry,2008,foreign used,automatic,"₦ 7,950,000"
Toyota Camry XLE 4dr Sedan (3.5L 6cyl 6A) 2014 Silver,Toyota,Camry XLE,2014,foreign used,automatic,"₦ 14,000,000"
Lexus RX 350 2010 Silver,Lexus,RX 350,2010,local used,automatic,"₦ 12,800,000"
New BYD Song Plus DM-i 2025 Blue,New,BYD Song,2025,brand new,automatic,"₦ 77,000,000"
Mercedes-Benz C350 2010 Black,Mercedes-Benz,C350,2010,local used,automatic,"₦ 5,800,000"
Acura MDX 2015 Silver,Acura,MDX,2015,foreign used,automatic,"₦ 17,000,000"
Toyota Yaris 2008 Black,Toyota,Yaris,2008,local used,automatic,"₦ 5,200,000"
Honda CR-V 2013 Gray,Honda,CR-V,2013,local used,automatic,"₦ 8,800,000"
Opel Zafira 2005 Blue,Opel,Zafira,2005,foreign used,automatic,"₦ 8,950,000"
Toyota Camry LE 4dr Sedan (2.5L 4cyl 6AM) 2010 Black,Toyota,Camry LE,2010,foreign used,automatic,"₦ 5,700,000"
Volkswagen Vento 2006 Silver,Volkswagen,Vento,2006,local used,automatic,"₦ 3,300,000"
Mercedes-Benz GLK-Class 2014 Black,Mercedes-Benz,GLK-Class,2014,local used,automatic,"₦ 6,500,000"
Honda CR-V 2000 Blue,Honda,CR-V,2000,local used,automatic,"₦ 3,950,000"
Toyota Camry LE 4dr Sedan (2.4L 4cyl 5A) 2008 Red,Toyota,Camry LE,2008,local used,automatic,"₦ 5,500,000"
Toyota Highlander 2016 Gray,Toyota,Highlander,2016,foreign used,automatic,"₦ 26,500,000"
Mercedes-Benz GLA 250 2015 Red,Mercedes-Benz,GLA 250,2015,foreign used,automatic,"₦ 22,000,000"
Mazda 5 2.0L Active 2007 Gray,Mazda,5 2,2007,local used,automatic,"₦ 3,100,000"
Toyota Highlander 2012 Silver,Toyota,Highlander,2012,foreign used,automatic,"₦ 18,500,000"
Mercedes-Benz GL-Class GL 450 2010 Silver,Mercedes-Benz,GL-Class GL,2010,local used,automatic,"₦ 7,000,000"
Toyota Sienna 2009 White,Toyota,Sienna,2009,foreign used,automatic,"₦ 13,500,000"
Lexus GX 2016 Black,Lexus,GX,2016,local used,automatic,"₦ 27,000,000"
Toyota 4-Runner 2007 Black,Toyota,4-Runner,2007,local used,automatic,"₦ 7,200,000"
Toyota Avensis 2013 Black,Toyota,Avensis,2013,local used,automatic,"₦ 5,200,000"
Mercedes-Benz GLE-Class 2016 Black,Mercedes-Benz,GLE-Class,2016,local used,automatic,"₦ 18,700,000"
Toyota Corolla S 4dr Sedan (1.8L 4cyl CVT) 2016 Red,Toyota,Corolla S,2016,foreign used,automatic,"₦ 13,998,999"
Toyota RAV4 2015 Black,Toyota,RAV4,2015,foreign used,automatic,"₦ 22,500,000"
Honda Civic 2007 Silver,Honda,Civic,2007,foreign used,automatic,"₦ 4,500,000"
Toyota Camry XSE FWD (2.5L 4cyl 8AM) 2018 Black,Toyota,Camry XSE,2018,foreign used,automatic,"₦ 28,500,000"
Ford Ecosport 2021 Blue,Ford,Ecosport,2021,foreign used,automatic,"₦ 16,500,000"
Mercedes-Benz E350 2016 Black,Mercedes-Benz,E350,2016,foreign used,automatic,"₦ 17,800,000"
Toyota Venza AWD 2010 White,Toyota,Venza AWD,2010,foreign used,automatic,"₦ 13,500,000"
Toyota Corolla S 4dr Sedan (1.8L 4cyl 4A) 2010 Gray,Toyota,Corolla S,2010,foreign used,automatic,"₦ 9,500,000"
Toyota Camry 2004 Green,Toyota,Camry,2004,local used,automatic,"₦ 3,300,000"
Lexus RX 2010 Black,Lexus,RX,2010,local used,automatic,"₦ 13,200,000"
Volvo XC90 2008 Green,Volvo,XC90,2008,local used,automatic,"₦ 4,850,000"
BMW 528i 2014 White,BMW,528i,2014,foreign used,automatic,"₦ 13,500,000"
Lexus GX 460 Luxury 2018 Black,Lexus,GX 460,2018,foreign used,automatic,"₦ 41,000,000"
Mercedes-Benz A-Class 2019 Beige,Mercedes-Benz,A-Class,2019,foreign used,automatic,"₦ 35,000,000"
Toyota Corolla 2000 Green,Toyota,Corolla,2000,local used,automatic,"₦ 2,350,000"
Toyota RAV4 2.5 4x4 2010 Gray,Toyota,RAV4 2,2010,foreign used,automatic,"₦ 10,850,000"
Hyundai Elantra Sport Sedan FWD (2.0L 4cyl 6A) 2016 Orange,Hyundai,Elantra Sport,2016,foreign used,automatic,"₦ 15,500,000"
Toyota Corolla S Special Edition 4dr Sedan (1.8L 4cyl 4A) 2013 Silver,Toyota,Corolla S,2013,local used,automatic,"₦ 10,000,000"
Toyota Sienna 2006 Blue,Toyota,Sienna,2006,foreign used,automatic,"₦ 8,500,000"
Toyota Sienna 2001 Green,Toyota,Sienna,2001,local used,automatic,"₦ 2,600,000"
Toyota Camry SE Limited Edition 4dr Sedan (2.5L 4cyl 6A) 2012 Silver,Toyota,Camry SE,2012,foreign used,automatic,"₦ 13,000,000"
Mercedes-Benz GLE-Class GLE 350d 4MATIC 2018 White,Mercedes-Benz,GLE-Class GLE,2018,foreign used,automatic,"₦ 34,499,999"
Toyota Corolla 2015 Black,Toyota,Corolla,2015,foreign used,automatic,"₦ 14,500,000"
Lexus GX 470 Sport Utility 2006 White,Lexus,GX 470,2006,local used,automatic,"₦ 8,000,000"
Toyota Hilux 2012,Toyota,Hilux,2012,local used,manual,"₦ 15,000,000"
Lexus RX 2004 Blue,Lexus,RX,2004,local used,automatic,"₦ 6,200,000"
Toyota Camry SE 4dr Sedan (2.4L 4cyl 5A) 2008 White,Toyota,Camry SE,2008,local used,automatic,"₦ 7,150,000"
Toyota Tundra 2014 Silver,Toyota,Tundra,2014,foreign used,automatic,"₦ 34,000,000"
Toyota Highlander 2020 Silver,Toyota,Highlander,2020,local used,automatic,"₦ 38,000,000"
Toyota Camry 2009 Black,Toyota,Camry,2009,foreign used,automatic,"₦ 5,600,000"
Toyota Venza 2009 Gray,Toyota,Venza,2009,local used,automatic,"₦ 11,500,000"
Rover Land 2016 Silver,Rover,Land,2016,foreign used,automatic,"₦ 17,500,000"
Toyota Highlander Limited V6 AWD 2003 Green,Toyota,Highlander Limited,2003,local used,automatic,"₦ 5,800,000"
Toyota Highlander 2004 Gold,Toyota,Highlander,2004,local used,automatic,"₦ 4,500,000"
Toyota Highlander XLE 4x4 V6 (3.5L 6cyl 8A) 2018 Gray,Toyota,Highlander XLE,2018,foreign used,automatic,"₦ 28,000,000"
Toyota Sienna 2005 Red,Toyota,Sienna,2005,foreign used,automatic,"₦ 9,999,000"
Toyota Corolla LE 4dr Sedan (1.8L 4cyl 4A) 2010 Black,Toyota,Corolla LE,2010,local used,automatic,"₦ 5,750,000"
Toyota Matrix Hatchback 1.8 16V AWD 2007 Blue,Toyota,Matrix Hatchback,2007,local used,automatic,"₦ 4,400,000"
Toyota Tacoma Double Cab V6 Automatic 2012 Gray,Toyota,Tacoma Double,2012,foreign used,automatic,"₦ 24,500,000"
Cadillac Escalade 2022 Black,Cadillac,Escalade,2022,foreign used,automatic,"₦ 195,000,000"
Mercedes-Benz GLE-Class AMG GLE 53 4MATIC 2021 White,Mercedes-Benz,GLE-Class AMG,2021,foreign used,automatic,"₦ 110,000,000"
Mazda CX-9 2008 Blue,Mazda,CX-9,2008,local used,automatic,"₦ 6,500,000"
Audi Q7 2.0T Premium AWD quattro 2017 Silver,Audi,Q7 2,2017,local used,automatic,"₦ 29,500,000"
Toyota RAV4 2.4 2008 Red,Toyota,RAV4 2,2008,local used,automatic,"₦ 7,250,000"
Toyota Highlander 2012 Gray,Toyota,Highlander,2012,foreign used,automatic,"₦ 18,500,000"
Honda Civic 2022 Blue,Honda,Civic,2022,foreign used,automatic,"₦ 30,500,000"
Lexus GX 470 2007 Gold,Lexus,GX 470,2007,local used,automatic,"₦ 7,900,000"
Lexus GX 470 Sport Utility 2005 Gray,Lexus,GX 470,2005,local used,automatic,"₦ 7,000,000"
Toyota Venza 2011 Black,Toyota,Venza,2011,local used,automatic,"₦ 11,500,000"
Honda Ridgeline 2008,Honda,Ridgeline,2008,local used,automatic,"₦ 6,150,000"
Lexus RX 350 2008,Lexus,RX 350,2008,foreign used,automatic,"₦ 15,500,000"
Toyota Venza XLE 4dr Wagon (2.7L 4cyl 6A) 2014 Silver,Toyota,Venza XLE,2014,foreign used,automatic,"₦ 18,950,000"
Lexus UX 2022 Silver,Lexus,UX,2022,foreign used,automatic,"₦ 55,000,000"
Toyota RAV4 2012 White,Toyota,RAV4,2012,foreign used,automatic,"₦ 13,000,000"
Toyota 4-Runner 2017 Gray,Toyota,4-Runner,2017,foreign used,automatic,"₦ 30,500,000"
Toyota Venza XLE 4dr Wagon (2.7L 4cyl 6A) 2014 Silver,Toyota,Venza XLE,2014,foreign used,automatic,"₦ 15,850,000"
Hyundai Sonata Sport PZEV 4dr Sedan (2.4L 4cyl 6A) 2015 Silver,Hyundai,Sonata Sport,2015,foreign used,automatic,"₦ 13,800,000"
Toyota Venza V6 AWD 2010 White,Toyota,Venza V6,2010,foreign used,automatic,"₦ 16,000,000"
Toyota Highlander 2004 Red,Toyota,Highlander,2004,local used,automatic,"₦ 4,700,000"
Ford Fusion SE FWD 2018 Gold,Ford,Fusion SE,2018,foreign used,automatic,"₦ 12,000,000"
Lexus RX 350 2011 Gold,Lexus,RX 350,2011,local used,automatic,"₦ 13,900,000"
Toyota Camry LE 4dr Sedan (2.4L 4cyl 5A) 2008 Black,Toyota,Camry LE,2008,local used,automatic,"₦ 4,950,000"
Toyota Sienna LE AWD 2006 Green,Toyota,Sienna LE,2006,local used,automatic,"₦ 6,650,000"
Toyota Highlander XLE 4dr SUV (3.5L 6cyl 6A) 2015 White,Toyota,Highlander XLE,2015,foreign used,automatic,"₦ 25,500,000"
New Toyota Land Cruiser Prado 2025 Black,New,Toyota Land,2025,brand new,automatic,"₦ 155,000,000"
New Lexus LX 2024 Black,New,Lexus LX,2024,brand new,automatic,"₦ 570,000,000"
Toyota Corolla LE 4dr Sedan (1.8L 4cyl 4A) 2013 Gray,Toyota,Corolla LE,2013,foreign used,automatic,"₦ 11,350,000"
Lexus GX 460 Luxury 2016 Black,Lexus,GX 460,2016,local used,automatic,"₦ 34,000,000"
Kia Optima EX 4dr Sedan (2.4L 4cyl 6A) 2015 Black,Kia,Optima EX,2015,local used,automatic,"₦ 6,500,000"
Toyota Camry XLE 4dr Sedan (2.5L 4cyl 6AM) 2010 Blue,Toyota,Camry XLE,2010,local used,automatic,"₦ 6,200,000"
Ford Explorer 2012 Blue,Ford,Explorer,2012,local used,automatic,"₦ 7,800,000"
Honda Accord 2007 White,Honda,Accord,2007,local used,automatic,"₦ 3,300,000"
Ford Edge 2012 Black,Ford,Edge,2012,local used,automatic,"₦ 5,150,000"
Toyota Echo Sedan 2005 Black,Toyota,Echo Sedan,2005,local used,automatic,"₦ 4,200,000"
Ford F-150 2014 Black,Ford,F-150,2014,local used,automatic,"₦ 7,800,000"
Hyundai Sonata Limited 2.0T 4dr Sedan (2.0L 4cyl Turbo 6A) 2015 Orange,Hyundai,Sonata Limited,2015,local used,automatic,"₦ 9,300,000"
Toyota Camry SE 4dr Sedan (2.5L 4cyl 6A) 2013 Maroon,Toyota,Camry SE,2013,foreign used,automatic,"₦ 12,750,000"
Toyota Venza 2014 Gray,Toyota,Venza,2014,foreign used,automatic,"₦ 22,000,000"
Lexus RX 350 AWD 2017 Black,Lexus,RX 350,2017,foreign used,automatic,"₦ 46,500,000"
Ford Edge 2008 Orange,Ford,Edge,2008,local used,automatic,"₦ 6,000,000"
Toyota RAV4 2008 White,Toyota,RAV4,2008,foreign used,automatic,"₦ 13,800,000"
Hyundai Tucson Limited AWD 2020 Red,Hyundai,Tucson Limited,2020,local used,automatic,"₦ 21,350,000"
Toyota RAV4 Limited AWD (2.5L 4cyl 6A) 2016 Gold,Toyota,RAV4 Limited,2016,foreign used,automatic,"₦ 23,000,000"
Toyota Corolla 2005 Blue,Toyota,Corolla,2005,local used,automatic,"₦ 4,400,000"
Hyundai Elantra 2019 Gray,Hyundai,Elantra,2019,foreign used,automatic,"₦ 15,500,000"
Honda Accord 2003 Black,Honda,Accord,2003,local used,automatic,"₦ 2,900,000"
Mercedes-Benz M Class 2015 White,Mercedes-Benz,M Class,2015,foreign used,automatic,"₦ 24,500,000"
Kia Sportage EX 4dr SUV (2.4L 4cyl 6A) 2013 Red,Kia,Sportage EX,2013,local used,automatic,"₦ 7,500,000"
Mercedes-Benz GLE-Class GLE 350 2017 Black,Mercedes-Benz,GLE-Class GLE,2017,foreign used,automatic,"₦ 38,500,000"
Toyota Camry SE w/Special Edition Pkg (2.5L 4cyl 6A) 2016 Gray,Toyota,Camry SE,2016,foreign used,automatic,"₦ 16,200,000"
Toyota Sienna XLE 7 Passenger 2011 Red,Toyota,Sienna XLE,2011,foreign used,automatic,"₦ 14,700,000"
Hyundai Tucson Limited AWD 2017 Black,Hyundai,Tucson Limited,2017,foreign used,automatic,"₦ 19,000,000"
New BYD Leopard 8 2.0 Hybrid AWD 2025 Gray,New,BYD Leopard,2025,brand new,automatic,"₦ 165,000,000"
Toyota Corolla 2020 White,Toyota,Corolla,2020,foreign used,automatic,"₦ 28,500,000"
Toyota Highlander Limited 4x4 V6 (3.5L 6cyl 8A) 2018 Gray,Toyota,Highlander Limited,2018,foreign used,automatic,"₦ 28,000,000"
Toyota Corolla LE 2006 Blue,Toyota,Corolla LE,2006,local used,automatic,"₦ 4,100,000"
Toyota Sienna 2010 Blue,Toyota,Sienna,2010,local used,automatic,"₦ 6,000,000"
Volkswagen Golf TDI S 4dr Hatchback (2.0L 4cyl Turbodiesel 6AM) 2015,Volkswagen,Golf TDI,2015,foreign used,automatic,"₦ 12,300,000"
New Toyota Land Cruiser LC300 2023 White,New,Toyota Land,2023,brand new,automatic,"₦ 199,999,999"
Mercedes-Benz G-Class G 63 AMG 4MATIC 2020 White,Mercedes-Benz,G-Class G,2020,foreign used,automatic,"₦ 299,999,999"
Lexus GX 460 Luxury 2019 Black,Lexus,GX 460,2019,local used,automatic,"₦ 43,000,000"
Toyota RAV4 2010 White,Toyota,RAV4,2010,local used,automatic,"₦ 7,500,000"
Ford Edge 2008 Black,Ford,Edge,2008,local used,automatic,"₦ 3,750,000"
Toyota Avalon 2013 Burgundy,Toyota,Avalon,2013,foreign used,automatic,"₦ 18,000,000"
Toyota RAV4 Automatic 2004 Silver,Toyota,RAV4 Automatic,2004,local used,automatic,"₦ 4,450,000"
Mercedes-Benz S-Class 2007 Black,Mercedes-Benz,S-Class,2007,local used,automatic,"₦ 8,300,000"
Honda CR-V 2008 Maroon,Honda,CR-V,2008,local used,automatic,"₦ 6,500,000"
Toyota Hilux 2014 White,Toyota,Hilux,2014,local used,manual,"₦ 17,000,000"
Toyota Camry 2016 Gray,Toyota,Camry,2016,foreign used,automatic,"₦ 13,800,000"
Toyota 4-Runner 2000 Green,Toyota,4-Runner,2000,local used,automatic,"₦ 4,200,000"
Ford Edge Limited 4dr FWD (3.5L 6cyl 6A) 2008 White,Ford,Edge Limited,2008,local used,automatic,"₦ 4,450,000"
Toyota RAV4 SE AWD (2.5L 4cyl 6A) 2016 Blue,Toyota,RAV4 SE,2016,foreign used,automatic,"₦ 23,750,000"
Toyota Sienna LE FWD 2006 Red,Toyota,Sienna LE,2006,local used,automatic,"₦ 6,000,000"
Toyota Camry 2000 Red,Toyota,Camry,2000,local used,automatic,"₦ 2,300,000"
Toyota Avalon Limited 2021 Black,Toyota,Avalon Limited,2021,foreign used,automatic,"₦ 31,000,000"
Lexus RX 2017 Blue,Lexus,RX,2017,local used,automatic,"₦ 29,500,000"
Toyota Camry XLE V6 4dr Sedan (3.5L 6cyl 6A) 2013 Black,Toyota,Camry XLE,2013,foreign used,automatic,"₦ 13,650,000"
Toyota Corolla LE 4dr Sedan (1.8L 4cyl 4A) 2013 Gray,Toyota,Corolla LE,2013,local used,automatic,"₦ 8,250,000"
Toyota Corolla S 4dr Sedan (1.8L 4cyl CVT) 2015 White,Toyota,Corolla S,2015,foreign used,automatic,"₦ 11,850,000"
Toyota Camry XLE 4dr Sedan (2.5L 4cyl 6AM) 2010 Gray,Toyota,Camry XLE,2010,local used,automatic,"₦ 8,500,000"
Lexus ES 350 2010 White,Lexus,ES 350,2010,local used,automatic,"₦ 11,500,000"
Mercedes-Benz GLE-Class AMG GLE 63 S 4MATIC 2019 White,Mercedes-Benz,GLE-Class AMG,2019,foreign used,automatic,"₦ 69,000,000"
Toyota Yaris 2007 Silver,Toyota,Yaris,2007,local used,automatic,"₦ 6,300,000"
Toyota Yaris 1.5 Liftback 2008 Gray,Toyota,Yaris 1,2008,foreign used,manual,"₦ 6,000,000"
Lexus RX 2010 Black,Lexus,RX,2010,local used,automatic,"₦ 11,500,000"
Toyota Camry LE 4dr Sedan (2.5L 4cyl 6A) 2012 Silver,Toyota,Camry LE,2012,local used,automatic,"₦ 9,000,000"
Mercedes-Benz GLK-Class 350 4MATIC 2010 Blue,Mercedes-Benz,GLK-Class 350,2010,local used,automatic,"₦ 9,500,000"
Lexus RX 350 F Sport AWD 2017 White,Lexus,RX 350,2017,foreign used,automatic,"₦ 43,000,000"
Mercedes-Benz GLK-Class 350 4MATIC 2010 Black,Mercedes-Benz,GLK-Class 350,2010,foreign used,automatic,"₦ 12,500,000"
Honda CR-V EX-L FWD 2018 Silver,Honda,CR-V EX-L,2018,foreign used,automatic,"₦ 27,500,000"
New Jetour T2 i-DM 2026 Silver,New,Jetour T2,2026,brand new,automatic,"₦ 92,000,000"
Toyota Land Cruiser 4.5 V8 TD 2018 White,Toyota,Land Cruiser,2018,local used,automatic,"₦ 45,000,000"
Mercedes-Benz M Class 2014 White,Mercedes-Benz,M Class,2014,foreign used,automatic,"₦ 24,500,000"
Toyota Corolla CE 2006 Gray,Toyota,Corolla CE,2006,local used,automatic,"₦ 4,450,000"
Toyota Camry LE V6 4dr Sedan (3.5L 6cyl 6AM) 2010 Black,Toyota,Camry LE,2010,local used,automatic,"₦ 4,650,000"
Acura MDX Touring Package 2004 Gold,Acura,MDX Touring,2004,local used,automatic,"₦ 3,500,000"
Hyundai Santa Fe Limited Ultimate AWD 2018 Gray,Hyundai,Santa Fe,2018,foreign used,automatic,"₦ 25,000,000"
Toyota Land Cruiser 2024 Gray,Toyota,Land Cruiser,2024,foreign used,automatic,"₦ 175,999,999"
Hyundai Santa Fe 2014 Black,Hyundai,Santa Fe,2014,foreign used,automatic,"₦ 16,500,000"
New Cadillac Escalade 2025 Gray,New,Cadillac Escalade,2025,brand new,automatic,"₦ 325,000,000"
Toyota Camry LE 4dr Sedan (2.4L 4cyl 5A) 2007 Gray,Toyota,Camry LE,2007,foreign used,automatic,"₦ 9,000,000"
Toyota Avalon 2015 Silver,Toyota,Avalon,2015,local used,automatic,"₦ 13,800,000"
Toyota Highlander 2023 Red,Toyota,Highlander,2023,foreign used,automatic,"₦ 65,000,000"
Honda Accord 2012 Gray,Honda,Accord,2012,foreign used,automatic,"₦ 10,800,000"
Toyota Camry 2014 Red,Toyota,Camry,2014,local used,automatic,"₦ 12,500,000"
Ford Fusion S 2010 Silver,Ford,Fusion S,2010,local used,automatic,"₦ 2,300,000"
Toyota Camry 2008 Red,Toyota,Camry,2008,local used,automatic,"₦ 5,200,000"
Pontiac Vibe 2006 Red,Pontiac,Vibe,2006,local used,automatic,"₦ 4,800,000"
Lexus RX 350 F Sport AWD 2018 Blue,Lexus,RX 350,2018,local used,automatic,"₦ 38,500,000"
Mercedes-Benz GLK-Class 2013 Silver,Mercedes-Benz,GLK-Class,2013,foreign used,automatic,"₦ 17,500,000"
Toyota Corolla 2015,Toyota,Corolla,2015,foreign used,automatic,"₦ 14,700,000"
Toyota RAV4 2012 Black,Toyota,RAV4,2012,foreign used,automatic,"₦ 22,000,000"
Lexus RX 350 2010 Black,Lexus,RX 350,2010,foreign used,automatic,"₦ 18,500,000"
Honda Crosstour 3.5 AWD 2011 Gray,Honda,Crosstour 3,2011,local used,automatic,"₦ 6,200,000"
Toyota Camry LE 4dr Sedan w/Prod. End 11/13 (2.5L 4cyl 6A) 2014 Gray,Toyota,Camry LE,2014,foreign used,automatic,"₦ 13,500,000"
Mitsubishi Pajero 3.8 V6 GLS/GLX 2010 Black,Mitsubishi,Pajero 3,2010,local used,automatic,"₦ 12,500,000"
Toyota Highlander V6 2005 Silver,Toyota,Highlander V6,2005,local used,automatic,"₦ 5,600,000"
Toyota Avalon 2016 Gold,Toyota,Avalon,2016,foreign used,automatic,"₦ 20,000,000"
Mercedes-Benz C300 Luxury 4Matic Sedan AWD (2.0L 4cyl 7A) 2016 White,Mercedes-Benz,C300 Luxury,2016,foreign used,automatic,"₦ 24,000,000"
Toyota RAV4 XLE FWD 2020 Silver,Toyota,RAV4 XLE,2020,foreign used,automatic,"₦ 37,800,000"
Lexus RX 350 AWD 2014 Black,Lexus,RX 350,2014,foreign used,automatic,"₦ 24,500,000"
Toyota Corolla LE 2005 Gray,Toyota,Corolla LE,2005,local used,automatic,"₦ 5,000,000"
Toyota Land Cruiser Prado 2.7 VVT-i 2015 Black,Toyota,Land Cruiser,2015,local used,automatic,"₦ 33,500,000"
New BYD Song Pro DM-i 2025 Gray,New,BYD Song,2025,brand new,automatic,"₦ 76,000,000"
Toyota 4-Runner Limited 4x4 2018 Gray,Toyota,4-Runner Limited,2018,foreign used,automatic,"₦ 40,000,000"
Honda CR-V 2000 Black,Honda,CR-V,2000,local used,automatic,"₦ 2,650,000"
Honda Ridgeline 2008 Silver,Honda,Ridgeline,2008,local used,automatic,"₦ 4,850,000"
Toyota RAV4 Limited V6 4x4 2007 Green,Toyota,RAV4 Limited,2007,foreign used,automatic,"₦ 10,500,000"
Mercedes-Benz CLA-Class CLA 200 d 4MATIC Sedan 2016 White,Mercedes-Benz,CLA-Class CLA,2016,foreign used,automatic,"₦ 21,000,000"
New Cadillac Escalade 2025 Black,New,Cadillac Escalade,2025,brand new,automatic,"₦ 219,000,000"
Honda Accord Sedan EX 2004 Red,Honda,Accord Sedan,2004,local used,automatic,"₦ 3,300,000"
Toyota Camry 2.4 LE 2008 Silver,Toyota,Camry 2,2008,local used,automatic,"₦ 6,800,000"
Toyota Highlander Sport 2009 Gray,Toyota,Highlander Sport,2009,local used,automatic,"₦ 9,900,000"
Toyota RAV4 2010 Black,Toyota,RAV4,2010,foreign used,automatic,"₦ 14,000,000"
Toyota Corolla 2009 Gold,Toyota,Corolla,2009,foreign used,automatic,"₦ 10,300,000"
Toyota Camry 2019 Blue,Toyota,Camry,2019,foreign used,automatic,"₦ 23,500,000"
Toyota Corolla XLE 4dr Sedan (1.8L 4cyl 4A) 2009 Black,Toyota,Corolla XLE,2009,foreign used,automatic,"₦ 10,500,000"
Hyundai Sonata GLS Sedan FWD (2.4L 4cyl 6A) 2013 White,Hyundai,Sonata GLS,2013,local used,automatic,"₦ 10,000,000"
Lexus RX 2017 Blue,Lexus,RX,2017,local used,automatic,"₦ 28,500,000"
Toyota Highlander V6 4x4 2005 Green,Toyota,Highlander V6,2005,local used,automatic,"₦ 6,000,000"
Lexus ES 2013 Gray,Lexus,ES,2013,local used,automatic,"₦ 13,250,000"
Toyota Highlander 2013 White,Toyota,Highlander,2013,foreign used,automatic,"₦ 17,900,000"
Lexus RX 2019 Black,Lexus,RX,2019,foreign used,automatic,"₦ 38,000,000"
Honda Pilot EX-L 4x2 (3.5L 6cyl 5A) 2008 Burgundy,Honda,Pilot EX-L,2008,local used,automatic,"₦ 7,600,000"
Mercedes-Benz GLA 250 2016 Black,Mercedes-Benz,GLA 250,2016,foreign used,automatic,"₦ 24,800,000"
Lexus IS 250 2008 Black,Lexus,IS 250,2008,foreign used,automatic,"₦ 11,600,000"
Mercedes-Benz GLE-Class 2017 White,Mercedes-Benz,GLE-Class,2017,foreign used,automatic,"₦ 38,000,000"
Mazda CX-7 2007 White,Mazda,CX-7,2007,local used,automatic,"₦ 3,890,000"
Honda Civic 2008 Silver,Honda,Civic,2008,local used,automatic,"₦ 3,850,999"
Toyota Matrix 2007 Silver,Toyota,Matrix,2007,local used,automatic,"₦ 7,000,000"
Lexus IS 250 2008 White,Lexus,IS 250,2008,local used,automatic,"₦ 7,150,000"
Toyota Camry 2008 Silver,Toyota,Camry,2008,foreign used,automatic,"₦ 9,500,000"
Mercedes-Benz M Class ML350 4MATIC 4dr SUV AWD (3.5L 6cyl 7A) 2014 White,Mercedes-Benz,M Class,2014,foreign used,automatic,"₦ 29,000,000"
Toyota Highlander 2015 Red,Toyota,Highlander,2015,local used,automatic,"₦ 17,000,000"
Hyundai Tucson 2017 Black,Hyundai,Tucson,2017,foreign used,automatic,"₦ 17,950,000"
Mercedes-Benz GLK-Class 2014 Silver,Mercedes-Benz,GLK-Class,2014,local used,automatic,"₦ 10,900,000"
Honda Accord 2020,Honda,Accord,2020,foreign used,automatic,"₦ 22,000,000"
Toyota Hilux 2025 Black,Toyota,Hilux,2025,foreign used,automatic,"₦ 72,000,000"
Toyota Camry XSE 2023 White,Toyota,Camry XSE,2023,foreign used,automatic,"₦ 45,000,000"
Land Rover Range Rover Vogue 2018 Black,Land,Rover Range,2018,local used,automatic,"₦ 35,000,000"
Toyota Camry SE V6 4dr Sedan (3.5L 6cyl 6A) 2012 Gray,Toyota,Camry SE,2012,foreign used,automatic,"₦ 15,000,000"
Ford F-150 FX2 4dr SuperCab 6.5 ft. SB (5.0L 8cyl 6A) 2014 Black,Ford,F-150 FX2,2014,foreign used,automatic,"₦ 21,500,000"
Volkswagen Passat 2013,Volkswagen,Passat,2013,local used,automatic,"₦ 9,500,000"
Mercedes-Benz E350 2021,Mercedes-Benz,E350,2021,foreign used,automatic,"₦ 75,500,000"
Hyundai Sonata 2019 Red,Hyundai,Sonata,2019,local used,automatic,"₦ 13,500,000"
Land Rover Range Rover Velar 2018 Gray,Land,Rover Range,2018,local used,automatic,"₦ 27,000,000"
Lexus ES 350 2009 Silver,Lexus,ES 350,2009,foreign used,automatic,"₦ 9,300,000"
Lexus RX 2006 Silver,Lexus,RX,2006,local used,automatic,"₦ 6,900,000"
Lexus ES 2013 Gray,Lexus,ES,2013,local used,automatic,"₦ 14,500,000"
Toyota 4-Runner 2012 Black,Toyota,4-Runner,2012,local used,automatic,"₦ 21,000,000"
Honda Pilot EX-L 4dr SUV 4WD (3.5L 6cyl 5A) 2016 Blue,Honda,Pilot EX-L,2016,foreign used,automatic,"₦ 24,000,000"
Toyota Camry 2.4 GLi Automatic 2006 Silver,Toyota,Camry 2,2006,local used,automatic,"₦ 3,700,000"
Lexus RX 2015 Gray,Lexus,RX,2015,foreign used,automatic,"₦ 23,500,000"
Lexus RX 2022 Blue,Lexus,RX,2022,foreign used,automatic,"₦ 78,000,000"
Toyota Corolla 2009 Red,Toyota,Corolla,2009,local used,automatic,"₦ 6,200,000"
Ford Edge 2007,Ford,Edge,2007,local used,automatic,"₦ 3,800,000"
Lexus GX 460 Luxury 2015 Burgundy,Lexus,GX 460,2015,foreign used,automatic,"₦ 31,500,000"
Honda Accord 2006 Silver,Honda,Accord,2006,local used,automatic,"₦ 2,800,000"
Toyota Venza V6 AWD 2010 Brown,Toyota,Venza V6,2010,foreign used,automatic,"₦ 15,500,000"
Toyota Corolla 2009 White,Toyota,Corolla,2009,foreign used,automatic,"₦ 9,700,000"
Lexus IS 250 2008 White,Lexus,IS 250,2008,foreign used,automatic,"₦ 11,300,000"
Toyota Camry LE 4dr Sedan (2.5L 4cyl 6A) 2011 Gray,Toyota,Camry LE,2011,local used,automatic,"₦ 6,500,000"
Lexus ES 350 2011 Black,Lexus,ES 350,2011,local used,automatic,"₦ 11,000,000"
Honda Accord Crosstour 2011 Silver,Honda,Accord Crosstour,2011,local used,automatic,"₦ 4,950,000"
Toyota Camry 2006 Green,Toyota,Camry,2006,local used,automatic,"₦ 4,500,000"
Toyota Corolla 2019 Silver,Toyota,Corolla,2019,foreign used,automatic,"₦ 21,000,000"
Mercedes-Benz C300 2009 White,Mercedes-Benz,C300,2009,local used,automatic,"₦ 6,500,000"
Honda Accord 2008 Black,Honda,Accord,2008,local used,automatic,"₦ 4,150,000"
Lexus RX 2016 Black,Lexus,RX,2016,foreign used,automatic,"₦ 34,500,000"
Lexus RX 2010 Gray,Lexus,RX,2010,foreign used,automatic,"₦ 18,000,000"
Toyota Camry 2017 White,Toyota,Camry,2017,foreign used,automatic,"₦ 15,500,000"
Toyota Camry 2017 Gray,Toyota,Camry,2017,local used,automatic,"₦ 14,500,000"
Toyota Camry 2014 Red,Toyota,Camry,2014,foreign used,automatic,"₦ 12,800,000"
Lexus RX 350 2007 White,Lexus,RX 350,2007,foreign used,automatic,"₦ 13,500,000"
Toyota Camry 2008 Blue,Toyota,Camry,2008,local used,automatic,"₦ 4,800,000"
Toyota RAV4 2015 Black,Toyota,RAV4,2015,foreign used,automatic,"₦ 22,500,000"
Toyota Highlander 2020 Gray,Toyota,Highlander,2020,foreign used,automatic,"₦ 38,500,000"
Ford F-150 SuperCrew 2008 Red,Ford,F-150 SuperCrew,2008,local used,automatic,"₦ 8,000,000"
Toyota Corolla 2005 Black,Toyota,Corolla,2005,local used,automatic,"₦ 4,000,000"
Lexus RX 350 F Sport AWD 2016 Black,Lexus,RX 350,2016,foreign used,automatic,"₦ 48,000,000"
Toyota Corolla SE 2020 Black,Toyota,Corolla SE,2020,foreign used,automatic,"₦ 27,500,000"
Mercedes-Benz GLK-Class Base GLK 350 4dr 4x2 (3.5L 6cyl 7A) 2015 Gray,Mercedes-Benz,GLK-Class Base,2015,foreign used,automatic,"₦ 25,000,000"
Toyota Camry SE V6 4dr Sedan (3.5L 6cyl 6A) 2012 White,Toyota,Camry SE,2012,foreign used,automatic,"₦ 14,800,000"
Toyota C-HR XLE FWD 2020 White,Toyota,C-HR XLE,2020,local used,automatic,"₦ 17,000,000"
Honda CR-V 2008 Green,Honda,CR-V,2008,local used,automatic,"₦ 4,950,000"
Hyundai Sonata Limited 4dr Sedan (2.4L 4cyl 6A) 2015 Gray,Hyundai,Sonata Limited,2015,foreign used,automatic,"₦ 14,500,000"
Toyota Corolla 2013 Silver,Toyota,Corolla,2013,foreign used,automatic,"₦ 11,700,000"
Toyota Camry LE 4dr Sedan (2.5L 4cyl 6AM) 2010 Silver,Toyota,Camry LE,2010,local used,automatic,"₦ 7,500,000"
Toyota Camry XSE FWD 2020 White,Toyota,Camry XSE,2020,foreign used,automatic,"₦ 35,000,000"
Toyota RAV4 2010 Brown,Toyota,RAV4,2010,foreign used,automatic,"₦ 11,500,000"
Toyota Camry SE 4dr Sedan (2.5L 4cyl 6A) 2012 White,Toyota,Camry SE,2012,foreign used,automatic,"₦ 11,700,000"
Toyota Highlander 2013 Gray,Toyota,Highlander,2013,foreign used,automatic,"₦ 17,200,000"
Lexus RX 2010 White,Lexus,RX,2010,foreign used,automatic,"₦ 17,200,000"
Toyota Matrix 2006 Brown,Toyota,Matrix,2006,local used,automatic,"₦ 5,600,000"
Mercedes-Benz E350 2010 Silver,Mercedes-Benz,E350,2010,local used,automatic,"₦ 10,000,000"
Acura MDX 2004 Silver,Acura,MDX,2004,local used,automatic,"₦ 2,980,000"
Lexus RX 350 FWD 2017 White,Lexus,RX 350,2017,local used,automatic,"₦ 33,500,000"
Lexus RX 2013,Lexus,RX,2013,foreign used,automatic,"₦ 23,500,000"
Lexus RX 330 2006 Ivory,Lexus,RX 330,2006,local used,automatic,"₦ 5,750,000"
Toyota Highlander 2006 Black,Toyota,Highlander,2006,foreign used,automatic,"₦ 12,850,000"
Hyundai Sonata Limited w/Brown Leather PZEV 4dr Sedan (2.4L 4cyl 6A),,,,foreign used,automatic,"₦ 16,000,000"
Mercedes-Benz GLK-Class 350 4MATIC 2012 Gray,Mercedes-Benz,GLK-Class 350,2012,foreign used,automatic,"₦ 16,500,000"
Mercedes-Benz GLC-Class 2017 White,Mercedes-Benz,GLC-Class,2017,foreign used,automatic,"₦ 56,000,000"
Toyota Hilux 2.0 VVT-i 2009 White,Toyota,Hilux 2,2009,local used,manual,"₦ 9,000,000"
Lexus RX 2006 Black,Lexus,RX,2006,local used,automatic,"₦ 4,500,000"
Toyota Sienna LE 8 Passenger 2010 Blue,Toyota,Sienna LE,2010,local used,automatic,"₦ 10,500,000"
Toyota Corolla S 4dr Sedan (1.8L 4cyl CVT) 2016 White,Toyota,Corolla S,2016,local used,automatic,"₦ 11,500,000"
Toyota Yaris 2003 Green,Toyota,Yaris,2003,foreign used,manual,"₦ 4,700,000"
Acura MDX SUV 4dr AWD (3.7 6cyl 5A) 2008 Red,Acura,MDX SUV,2008,local used,automatic,"₦ 5,300,000"
Toyota RAV4 2015 Black,Toyota,RAV4,2015,local used,automatic,"₦ 13,000,000"
Toyota Camry LE 4dr Sedan (2.4L 4cyl 5A) 2009 Black,Toyota,Camry LE,2009,local used,automatic,"₦ 5,500,000"
Lexus RX 350 AWD 2014 Silver,Lexus,RX 350,2014,foreign used,automatic,"₦ 22,500,000"
Toyota Highlander Limited 4x4 V6 (3.5L 6cyl 8A) 2017 Silver,Toyota,Highlander Limited,2017,foreign used,automatic,"₦ 29,000,000"
Toyota Camry 2021 White,Toyota,Camry,2021,foreign used,automatic,"₦ 30,000,000"
Toyota Corolla LE 4dr Sedan (1.8L 4 cyl 4A) 2009 Black,Toyota,Corolla LE,2009,local used,automatic,"₦ 5,550,000"
New Toyota Crown Limited AWD 2024 Blue,New,Toyota Crown,2024,brand new,automatic,"₦ 135,000,000"
Toyota Corolla LE 2005 Silver,Toyota,Corolla LE,2005,foreign used,automatic,"₦ 8,250,000"
Toyota Corolla LE 4dr Sedan (1.8L 4cyl 4A) 2012 Gray,Toyota,Corolla LE,2012,foreign used,automatic,"₦ 10,500,000"
Mercedes-Benz GLE-Class GLE 350 2018 White,Mercedes-Benz,GLE-Class GLE,2018,local used,automatic,"₦ 37,000,000"
Mercedes-Benz GL-Class GL 450 2010 White,Mercedes-Benz,GL-Class GL,2010,foreign used,automatic,"₦ 11,000,000"
Toyota Highlander 2021 Black,Toyota,Highlander,2021,local used,automatic,"₦ 37,000,000"
Peugeot 307 2007 Blue,Peugeot,307,2007,local used,manual,"₦ 3,200,000"
Toyota Avalon 2003 Silver,Toyota,Avalon,2003,local used,automatic,"₦ 2,900,000"
Infiniti FX35 2005 Gray,Infiniti,FX35,2005,local used,automatic,"₦ 3,200,000"
Daihatsu Terios 1.5 2008 Gray,Daihatsu,Terios 1,2008,foreign used,automatic,"₦ 5,500,000"
Toyota RAV4 LE 4dr SUV AWD (2.5L 4cyl 6A) 2015 White,Toyota,RAV4 LE,2015,local used,automatic,"₦ 13,500,000"
Toyota Land Cruiser 4.0 V6 DLX 2013 Black,Toyota,Land Cruiser,2013,local used,automatic,"₦ 36,000,000"
Lexus RX 330 2005 Black,Lexus,RX 330,2005,foreign used,automatic,"₦ 10,500,000"
Honda Accord 2015 Matt Black,Honda,Accord,2015,foreign used,automatic,"₦ 13,500,000"
Mercedes-Benz GLE-Class 2018 Blue,Mercedes-Benz,GLE-Class,2018,foreign used,automatic,"₦ 35,000,000"
Lexus GX 2016 White,Lexus,GX,2016,foreign used,automatic,"₦ 42,000,000"
Mercedes-Benz Sprinter 2013 Black,Mercedes-Benz,Sprinter,2013,local used,automatic,"₦ 20,000,000"
Toyota Camry 2013,Toyota,Camry,2013,local used,automatic,"₦ 7,900,000"
Lexus IS 2008 Red,Lexus,IS,2008,local used,automatic,"₦ 6,200,000"
Toyota Camry LE 4dr Sedan (2.5L 4cyl 6A) 2016 Black,Toyota,Camry LE,2016,local used,automatic,"₦ 10,350,000"
Toyota Camry 2017 Black,Toyota,Camry,2017,foreign used,automatic,"₦ 19,500,000"
Land Rover Range Rover Vogue 2018 Silver,Land,Rover Range,2018,foreign used,automatic,"₦ 82,000,000"
Toyota Highlander Limited V6 4x4 (3.5L 6cyl 6A) 2016 Gold,Toyota,Highlander Limited,2016,foreign used,automatic,"₦ 29,500,000"
Nissan Navara 2010 Black,Nissan,Navara,2010,local used,manual,"₦ 7,000,000"
Toyota Highlander 2008 Black,Toyota,Highlander,2008,local used,automatic,"₦ 7,850,000"
Toyota Highlander 2012 Black,Toyota,Highlander,2012,local used,automatic,"₦ 7,000,000"
Honda Pilot 2012 Gray,Honda,Pilot,2012,local used,automatic,"₦ 7,800,000"
Acura MDX Sport 4dr AWD (3.7L 6cyl 5A) 2008 Silver,Acura,MDX Sport,2008,local used,automatic,"₦ 5,900,000"
Lexus RX 350 2008 Gray,Lexus,RX 350,2008,foreign used,automatic,"₦ 12,500,000"
Mercedes-Benz E350 2014 Black,Mercedes-Benz,E350,2014,foreign used,automatic,"₦ 19,500,000"
Toyota Camry XLE FWD (2.5L 4cyl 8AM) 2018 Silver,Toyota,Camry XLE,2018,foreign used,automatic,"₦ 26,500,000"
Mercedes-Benz GLE-Class GLE 350 2017 Blue,Mercedes-Benz,GLE-Class GLE,2017,local used,automatic,"₦ 28,000,000"
Toyota Corolla Verso 2006 Gray,Toyota,Corolla Verso,2006,foreign used,manual,"₦ 7,800,000"
Hyundai Tucson Eco AWD 2017 Black,Hyundai,Tucson Eco,2017,foreign used,automatic,"₦ 17,000,000"
New Denza N9 2025 Brown,New,Denza N9,2025,brand new,automatic,"₦ 170,000,000"
Ford Focus 1.6 Ambiente 2005 Silver,Ford,Focus 1,2005,local used,manual,"₦ 1,750,000"
Mercedes-Benz M Class 2014 Silver,Mercedes-Benz,M Class,2014,foreign used,automatic,"₦ 25,500,000"
Lexus ES 350 FWD 2015 Gray,Lexus,ES 350,2015,foreign used,automatic,"₦ 19,000,000"
New Toyota Grand Highlander 2024 White,New,Toyota Grand,2024,brand new,automatic,"₦ 155,000,000"
New Lexus TX 2025 Black,New,Lexus TX,2025,brand new,automatic,"₦ 139,000,000"
New Toyota Land Cruiser 2024 White,New,Toyota Land,2024,brand new,automatic,"₦ 140,000,000"
Lexus GX 460 2010 Maroon,Lexus,GX 460,2010,foreign used,automatic,"₦ 32,000,000"
Volkswagen Golf 2002 Silver,Volkswagen,Golf,2002,foreign used,automatic,"₦ 6,500,000"
Acura MDX 2009 Black,Acura,MDX,2009,local used,automatic,"₦ 4,900,000"
Toyota Venza 2010 Silver,Toyota,Venza,2010,local used,automatic,"₦ 9,200,000"
Toyota Hilux 2013 White,Toyota,Hilux,2013,local used,manual,"₦ 16,500,000"
Toyota Highlander XLE V6 4x2 (3.5L 6cyl 6A) 2016 Silver,Toyota,Highlander XLE,2016,foreign used,automatic,"₦ 23,800,000"
Lexus ES 2015 Silver,Lexus,ES,2015,foreign used,automatic,"₦ 20,000,000"
Toyota Land Cruiser Prado 2.7 i 2011 Black,Toyota,Land Cruiser,2011,local used,automatic,"₦ 31,000,000"
Mercedes-Benz GLK-Class 350 4MATIC 2013 Silver,Mercedes-Benz,GLK-Class 350,2013,foreign used,automatic,"₦ 21,900,000"
Toyota Sienna 2012 Burgundy,Toyota,Sienna,2012,foreign used,automatic,"₦ 14,750,000"
Toyota Camry LE 4dr Sedan (2.5L 4cyl 6A) 2012 Gold,Toyota,Camry LE,2012,foreign used,automatic,"₦ 11,500,000"
Toyota Corolla LE 4dr Sedan (1.8L 4cyl 4A) 2013 Gold,Toyota,Corolla LE,2013,foreign used,automatic,"₦ 12,800,000"
Mercedes-Benz GLE-Class 2019,Mercedes-Benz,GLE-Class,2019,foreign used,automatic,"₦ 50,000,000"
Toyota Corolla 2016 Black,Toyota,Corolla,2016,local used,automatic,"₦ 12,000,000"
Toyota Camry 2008 Gold,Toyota,Camry,2008,local used,automatic,"₦ 4,800,000"
JAC T6 2015 White,JAC,T6,2015,foreign used,automatic,"₦ 12,500,000"
Lexus RX 2009 White,Lexus,RX,2009,local used,automatic,"₦ 11,950,000"
Toyota Corolla LE 2006 Silver,Toyota,Corolla LE,2006,local used,automatic,"₦ 5,850,000"
Toyota Corolla LE 4dr Sedan (1.8L 4 cyl 4A) 2009 Black,Toyota,Corolla LE,2009,local used,automatic,"₦ 8,800,000"
Honda City 2008 Black,Honda,City,2008,local used,automatic,"₦ 3,000,000"
Porsche Cayenne Platinum Edition AWD 2017 White,Porsche,Cayenne Platinum,2017,foreign used,automatic,"₦ 45,000,000"
Lexus IS 250 2015 Gray,Lexus,IS 250,2015,foreign used,automatic,"₦ 19,000,000"
Lexus GX 2016 Black,Lexus,GX,2016,foreign used,automatic,"₦ 31,000,000"
New Jetour T2 i-DM 2025 Gray,New,Jetour T2,2025,brand new,automatic,"₦ 92,000,000"
Lexus RX 2014 Red,Lexus,RX,2014,foreign used,automatic,"₦ 22,000,000"
Hyundai Santa Fe 2014 Silver,Hyundai,Santa Fe,2014,foreign used,automatic,"₦ 13,965,000"
Toyota Camry 2010 Green,Toyota,Camry,2010,foreign used,automatic,"₦ 9,350,000"
Peugeot 206 1.4 2005 Green,Peugeot,206 1,2005,foreign used,manual,"₦ 3,450,000"
Toyota Corolla 2001 Silver,Toyota,Corolla,2001,local used,automatic,"₦ 2,850,000"
New Toyota Sequoia TRD PRO 4WD 2025 Black,New,Toyota Sequoia,2025,brand new,automatic,"₦ 265,000,000"
Lexus IS 2008 Red,Lexus,IS,2008,local used,automatic,"₦ 6,800,000"
Kia Cadenza 2014 Gold,Kia,Cadenza,2014,local used,automatic,"₦ 5,700,000"
Mercedes-Benz E200 2015 Black,Mercedes-Benz,E200,2015,local used,automatic,"₦ 11,800,000"
Mercedes-Benz M Class ML400 4MATIC 4dr SUV AWD (3.0L 6cyl Turbo 7A),,,,foreign used,automatic,"₦ 22,800,000"
Hyundai Elantra GLS Sedan FWD (1.8L 4cyl 6A) 2013 Red,Hyundai,Elantra GLS,2013,local used,automatic,"₦ 6,500,000"
Honda CR-V Special Edition 2022 Gray,Honda,CR-V Special,2022,foreign used,automatic,"₦ 31,000,000"
Lexus ES 350 2008 Blue,Lexus,ES 350,2008,local used,automatic,"₦ 6,500,000"
Honda Accord 2015 Black,Honda,Accord,2015,foreign used,automatic,"₦ 13,000,000"
Toyota Sienna 2007 Silver,Toyota,Sienna,2007,local used,automatic,"₦ 6,300,000"
Lexus NX 2021 Gray,Lexus,NX,2021,foreign used,automatic,"₦ 35,000,000"
Lexus RX 350 AWD 2015 White,Lexus,RX 350,2015,foreign used,automatic,"₦ 28,000,000"
Lexus ES 350 2008 Silver,Lexus,ES 350,2008,local used,automatic,"₦ 6,698,999"
Toyota Tacoma 2007 Red,Toyota,Tacoma,2007,foreign used,automatic,"₦ 16,500,000"
Toyota Sienna LE 8 Passenger 2011 Black,Toyota,Sienna LE,2011,foreign used,automatic,"₦ 13,500,000"
Mercedes-Benz GLC-Class 2021 Silver,Mercedes-Benz,GLC-Class,2021,foreign used,automatic,"₦ 33,000,000"
Lexus RX 2018 Black,Lexus,RX,2018,foreign used,automatic,"₦ 33,500,000"
Kia Optima 2015 Brown,Kia,Optima,2015,foreign used,automatic,"₦ 13,000,000"
Lexus RX 2014 White,Lexus,RX,2014,foreign used,automatic,"₦ 22,000,000"
Honda Civic 2008 Black,Honda,Civic,2008,local used,automatic,"₦ 4,000,000"
Hyundai Sonata SE 2016 Silver,Hyundai,Sonata SE,2016,foreign used,automatic,"₦ 15,000,000"
Lexus IS 300 AWD 2016 Gray,Lexus,IS 300,2016,foreign used,automatic,"₦ 19,000,000"
Lexus RX 2017 White,Lexus,RX,2017,foreign used,automatic,"₦ 37,500,000"
Lexus RX 2021 White,Lexus,RX,2021,foreign used,automatic,"₦ 39,500,000"
Toyota Highlander Limited Platinum 4dr SUV (3.5L 6cyl 6A) 2015 Gold,Toyota,Highlander Limited,2015,foreign used,automatic,"₦ 32,000,000"
Toyota Camry 2008 Silver,Toyota,Camry,2008,local used,automatic,"₦ 6,000,000"
Mercedes-Benz C300 2023 Black,Mercedes-Benz,C300,2023,foreign used,automatic,"₦ 48,000,000"
Toyota Tundra 2023 Black,Toyota,Tundra,2023,foreign used,automatic,"₦ 110,000,000"
Ford Explorer Platinum 4dr SUV AWD (3.5L 6cyl Turbo 6A) 2016 Gray,Ford,Explorer Platinum,2016,foreign used,automatic,"₦ 23,000,000"
Toyota Camry 2013 Black,Toyota,Camry,2013,local used,automatic,"₦ 9,500,000"
Mercedes-Benz GLK-Class 2010 Gray,Mercedes-Benz,GLK-Class,2010,local used,automatic,"₦ 8,300,000"
Toyota RAV4 LE AWD 2019 Silver,Toyota,RAV4 LE,2019,foreign used,automatic,"₦ 34,000,000"
Mercedes-Benz V-Class 2002 Blue,Mercedes-Benz,V-Class,2002,foreign used,manual,"₦ 8,800,000"
Chevrolet Silverado 2020 Silver,Chevrolet,Silverado,2020,foreign used,automatic,"₦ 95,000,000"
Toyota Camry 2012 Gray,Toyota,Camry,2012,local used,automatic,"₦ 9,750,000"
Lexus RX 350 AWD 2013 Gray,Lexus,RX 350,2013,foreign used,automatic,"₦ 27,000,000"
Toyota Highlander Limited 3.5l 4WD 2013 White,Toyota,Highlander Limited,2013,foreign used,automatic,"₦ 22,500,000"
Toyota Camry XSE 2022 Red,Toyota,Camry XSE,2022,foreign used,automatic,"₦ 38,500,000"
Honda Accord EX-L 4dr Sedan w/Navigation (2.4L 4cyl CVT) 2014 Gray,Honda,Accord EX-L,2014,foreign used,automatic,"₦ 12,000,000"
Hyundai Santa Fe Limited AWD 2025 Black,Hyundai,Santa Fe,2025,foreign used,automatic,"₦ 68,000,000"
Toyota Highlander XLE 2025 Black,Toyota,Highlander XLE,2025,foreign used,automatic,"₦ 79,000,000"
Mercedes-Benz GLS-Class 2024 Black,Mercedes-Benz,GLS-Class,2024,foreign used,automatic,"₦ 199,000,000"
Lexus GX 460 Luxury 2015 Gray,Lexus,GX 460,2015,foreign used,automatic,"₦ 31,500,000"
Toyota Camry LE FWD (2.5L 4cyl 8AM) 2018 Black,Toyota,Camry LE,2018,local used,automatic,"₦ 18,500,000"
Lexus IS 250 2009 Silver,Lexus,IS 250,2009,local used,automatic,"₦ 7,500,000"
Nissan Almera Tino 2004 Silver,Nissan,Almera Tino,2004,foreign used,manual,"₦ 7,200,000"
Toyota Corolla 2008 Blue,Toyota,Corolla,2008,local used,automatic,"₦ 6,500,000"
Hyundai Elantra 2013 Black,Hyundai,Elantra,2013,foreign used,automatic,"₦ 11,800,000"
Toyota Corolla 2015 Red,Toyota,Corolla,2015,foreign used,automatic,"₦ 15,000,000"
Cadillac Escalade 2011 White,Cadillac,Escalade,2011,local used,automatic,"₦ 18,200,000"
Ford Explorer 2012 White,Ford,Explorer,2012,local used,automatic,"₦ 7,500,000"
Honda CR-V 2020 Black,Honda,CR-V,2020,foreign used,automatic,"₦ 35,000,000"
Toyota Land Cruiser 2015 Black,Toyota,Land Cruiser,2015,local used,automatic,"₦ 55,000,000"
Mercedes-Benz C300 Base AWD 4Matic Sedan (2.0L 4cyl 7A) 2015 Gold,Mercedes-Benz,C300 Base,2015,foreign used,automatic,"₦ 17,998,999"
Toyota Camry LE 4dr Sedan (2.5L 4cyl 6A) 2011 Blue,Toyota,Camry LE,2011,local used,automatic,"₦ 7,500,000"
Honda Civic 1999,Honda,Civic,1999,local used,automatic,"₦ 2,200,000"
Toyota Tacoma TRD Sport 2022 White,Toyota,Tacoma TRD,2022,foreign used,automatic,"₦ 48,500,000"
Toyota Camry XSE 4dr Sedan (2.5L 4cyl 6A) 2015 Blue,Toyota,Camry XSE,2015,foreign used,automatic,"₦ 18,000,000"
Lexus RX 2010 Black,Lexus,RX,2010,foreign used,automatic,"₦ 17,300,000"
Toyota Highlander LE V6 2019 Gray,Toyota,Highlander LE,2019,foreign used,automatic,"₦ 27,500,000"
Toyota Camry SE 4dr Sedan (2.5L 4cyl 6A) 2016 Gray,Toyota,Camry SE,2016,foreign used,automatic,"₦ 13,650,000"
