Title,Condition,Transmission,Price,Make,Model,Year
Mercedes-Benz GLC-Class 2018 Gray,Local Used,Automatic,17500000,Mercedes-Benz,GLC-Class,2018
Honda Accord 2021 Black,Foreign Used,Automatic,34000000,Honda,Accord,2021
Kia Optima EX 4dr Sedan (2.4L 4cyl 6A) 2014 Red,Foreign Used,Automatic,13650000,Kia,Optima EX,2014
Toyota Camry 2012 White,Local Used,Automatic,9500000,Toyota,Camry,2012
Lexus RX 2006 Gold,Local Used,Automatic,7700000,Lexus,RX,2006
Honda Civic 2013 Black,Local Used,Automatic,5900000,Honda,Civic,2013
Kia Picanto 2009 Black,Local Used,Automatic,2200000,Kia,Picanto,2009
Toyota Camry SE 4dr Sedan (2.5L 4cyl 6A) 2013 Gray,Local Used,Automatic,9000000,Toyota,Camry SE,2013
Lexus ES 350 2011 Black,Local Used,Automatic,8226562,Lexus,ES 350,2011
BMW 760 2015 Gold,Local Used,Automatic,37000000,BMW,760,2015
Mercedes-Benz G-Class 2020 Black,Local Used,Automatic,300000000,Mercedes-Benz,G-Class,2020
Mercedes-Benz CLA-Class CLA 180 d Sedan 2023 Black,Local Used,Automatic,65000000,Mercedes-Benz,CLA-Class CLA,2023
Toyota Corolla 2011 Silver,Foreign Used,Automatic,11400000,Toyota,Corolla,2011
Infiniti EX 2008,Local Used,Automatic,5500000,Infiniti,EX,2008
Dodge Charger 2017 Blue,Foreign Used,Automatic,16000000,Dodge,Charger,2017
Volkswagen Passat 2.0T FSi Sportline Tiptronic 2009 Green,Local Used,Automatic,3400000,Volkswagen,Passat 2,2009
Jeep Wrangler 3.8 2007 Black,Local Used,Automatic,14800000,Jeep,Wrangler 3,2007
Honda Accord Sedan EX Automatic 2012 Black,Local Used,Automatic,5500000,Honda,Accord Sedan,2012
Lexus RX 2015 Burgundy,Local Used,Automatic,22700000,Lexus,RX,2015
Mercedes-Benz M Class ML350 4MATIC 4dr SUV AWD (3.5L 6cyl 7A) 2015,Local Used,Automatic,15500000,Mercedes-Benz,M Class,2015
Mercedes-Benz GLK-Class 350 4MATIC 2014 White,Local Used,Automatic,13200000,Mercedes-Benz,GLK-Class 350,2014
Mercedes-Benz GLE-Class GLE 350 2018 Gray,Foreign Used,Automatic,30000000,Mercedes-Benz,GLE-Class GLE,2018
Toyota Camry SE 4dr Sedan (2.5L 4cyl 6A) 2016 Silver,Foreign Used,Automatic,13500000,Toyota,Camry SE,2016
Hyundai Tucson 2017 Black,Foreign Used,Automatic,17250000,Hyundai,Tucson,2017
Honda Civic 2013 Black,Local Used,Automatic,5850000,Honda,Civic,2013
Ford Edge 2014 Brown,Local Used,Automatic,5800000,Ford,Edge,2014
Mercedes-Benz GLA 250 2015 Black,Foreign Used,Automatic,14000000,Mercedes-Benz,GLA 250,2015
Lexus ES 350 2008 Black,Local Used,Automatic,9000000,Lexus,ES 350,2008
Mercedes-Benz E350 Base 4dr Sedan RWD (3.5L 6cyl 7A) 2011,Local Used,Automatic,9000000,Mercedes-Benz,E350 Base,2011
Toyota FJ Cruiser 2007 Black,Local Used,Automatic,9500000,Toyota,FJ Cruiser,2007
Toyota Venza V6 AWD 2010 Gold,Local Used,Automatic,9500000,Toyota,Venza V6,2010
Toyota Sienna 2009 Red,Foreign Used,Automatic,9500000,Toyota,Sienna,2009
Toyota RAV4 2020 Red,Foreign Used,Automatic,36000000,Toyota,RAV4,2020
Toyota Avalon XLE Premium FWD Sedan (3.6L 6cyl 6A) 2016 Silver,Foreign Used,Automatic,20789999,Toyota,Avalon XLE,2016
Toyota Tacoma 2000 Gray,Local Used,Automatic,9000000,Toyota,Tacoma,2000
Lexus RX 2008 Blue,Foreign Used,Automatic,15820312,Lexus,RX,2008
Lexus ES 2004 Black,Foreign Used,Automatic,6500000,Lexus,ES,2004
Toyota Camry LE 4dr Sedan (2.4L 4cyl 4A) 2004 Blue,Local Used,Automatic,5300000,Toyota,Camry LE,2004
Hyundai Azera 3.3. V6 2007 Silver,Local Used,Automatic,2350000,Hyundai,Azera 3,2007
Mercedes-Benz C300 2018 Silver,Local Used,Automatic,16000000,Mercedes-Benz,C300,2018
Lexus ES 2004 Black,Local Used,Automatic,3700000,Lexus,ES,2004
Toyota Corolla 2004 Gold,Local Used,Automatic,3000000,Toyota,Corolla,2004
Honda Pilot 2018 Black,Local Used,Automatic,29109375,Honda,Pilot,2018
Nissan Altima 2009 Gray,Local Used,Automatic,2550000,Nissan,Altima,2009
Hyundai Elantra GLS Sedan FWD (1.8L 4cyl 6A) 2013 Gray,Foreign Used,Automatic,8800000,Hyundai,Elantra GLS,2013
Toyota Matrix 2003 Blue,Local Used,Automatic,5500000,Toyota,Matrix,2003
Toyota Sienna CE 2009 Gray,Foreign Used,Automatic,9300000,Toyota,Sienna CE,2009
Toyota Corolla S 4dr Sedan (1.8L 4cyl CVT) 2014 Black,Local Used,Automatic,9800000,Toyota,Corolla S,2014
Toyota Sienna CE FWD (3.3L V6 5A) 2004 Silver,Foreign Used,Automatic,9000000,Toyota,Sienna CE,2004
Kia Sedona 2006 Silver,Local Used,Automatic,5300000,Kia,Sedona,2006
Toyota Camry XSE V6 (3.5L V6 8A) 2019 Red,Local Used,Automatic,24000000,Toyota,Camry XSE,2019
Mercedes-Benz GLE-Class GLE 350 2018 White,Foreign Used,Automatic,32000000,Mercedes-Benz,GLE-Class GLE,2018
Jeep Wrangler Sahara 4x4 2016 White,Foreign Used,Automatic,48000000,Jeep,Wrangler Sahara,2016
Toyota Camry 2006 Gray,Local Used,Automatic,3000000,Toyota,Camry,2006
Honda Civic 1.4 2008 Gray,Local Used,Automatic,3796875,Honda,Civic 1,2008
Lexus RX 2016 Black,Foreign Used,Automatic,31000000,Lexus,RX,2016
Acura MDX 2007 Red,Local Used,Automatic,6200000,Acura,MDX,2007
Mercedes-Benz C300 2017 Red,Foreign Used,Automatic,19500000,Mercedes-Benz,C300,2017
Land Rover Range Rover 2015 Black,Local Used,Automatic,35000000,Land,Rover Range,2015
Toyota RAV4 2022 Brown,Foreign Used,Automatic,36300000,Toyota,RAV4,2022
Toyota Highlander Limited 2010 White,Foreign Used,Automatic,15000000,Toyota,Highlander Limited,2010
Toyota Corolla 2015 White,Foreign Used,Automatic,15700000,Toyota,Corolla,2015
Toyota Corolla 1998 Red,Local Used,Automatic,1700000,Toyota,Corolla,1998
Toyota RAV4 2015 Gray,Local Used,Automatic,25000000,Toyota,RAV4,2015
Toyota Camry 2015 White,Local Used,Automatic,17000000,Toyota,Camry,2015
Toyota Land Cruiser Prado 2015 Black,Local Used,Automatic,35000000,Toyota,Land Cruiser,2015
Toyota Camry 2004 Silver,Local Used,Automatic,4300000,Toyota,Camry,2004
Mercedes-Benz GLE-Class AMG GLE 43 4MATIC 2017 Black,Foreign Used,Automatic,72000000,Mercedes-Benz,GLE-Class AMG,2017
Toyota Sienna CE 7 Passenger 2010 Brown,Foreign Used,Automatic,9500000,Toyota,Sienna CE,2010
Toyota Camry XLE (2.5L 4cyl 8A) 2019 Black,Foreign Used,Automatic,32000000,Toyota,Camry XLE,2019
Nissan Sentra SV 4dr Sedan (1.8L 4cyl CVT) 2014 Silver,Foreign Used,Automatic,8500000,Nissan,Sentra SV,2014
Toyota Highlander XLE V6 4x4 (3.5L 6cyl 6A) 2016 Gray,Foreign Used,Automatic,27000000,Toyota,Highlander XLE,2016
Hyundai Santa Fe 2016 White,Foreign Used,Automatic,13500000,Hyundai,Santa Fe,2016
Honda CR-V 2015 Silver,Foreign Used,Automatic,19500000,Honda,CR-V,2015
Hyundai Tucson SE FWD 2016 Burgundy,Foreign Used,Automatic,16200000,Hyundai,Tucson SE,2016
Mercedes-Benz C300 2015 White,Local Used,Automatic,14554687,Mercedes-Benz,C300,2015
Honda Accord 2013 Silver,Foreign Used,Automatic,14000000,Honda,Accord,2013
Honda Accord Coupe EX V6 2005 Black,Local Used,Automatic,2050000,Honda,Accord Coupe,2005
Toyota Venza 2012 Red,Local Used,Automatic,18000000,Toyota,Venza,2012
Nissan Patrol 2025 Black,Brand New,Automatic,225000000,Nissan,Patrol,2025
Mercedes-Benz CLK 2012 Gray,Local Used,Automatic,19900000,Mercedes-Benz,CLK,2012
Toyota Camry XSE 2021 Teal,Foreign Used,Automatic,29500000,Toyota,Camry XSE,2021
Toyota Camry SE 4dr Sedan (2.5L 4cyl 6A) 2011 Silver,Foreign Used,Automatic,10500000,Toyota,Camry SE,2011
Hyundai Elantra 2012 Red,Foreign Used,Automatic,11770312,Hyundai,Elantra,2012
Honda Pilot EX 4dr SUV 4WD (3.5L 6cyl 5A) 2009 Gray,Foreign Used,Automatic,10500000,Honda,Pilot EX,2009
Toyota Corolla LE 4dr Sedan (1.8L 4cyl 4A) 2012 Red,Local Used,Automatic,6900000,Toyota,Corolla LE,2012
Toyota Corolla 1.4 D Automatic 2004 Black,Local Used,Automatic,4200000,Toyota,Corolla 1,2004
Lexus ES 350 2008 Black,Foreign Used,Automatic,10000000,Lexus,ES 350,2008
Acura MDX SUV 4dr AWD (3.7L 6cyl 6A) 2013 Black,Foreign Used,Automatic,11200000,Acura,MDX SUV,2013
Honda Accord Sedan SE 2011 Black,Local Used,Automatic,6500000,Honda,Accord Sedan,2011
Hyundai Santa Fe 2008 Gold,Local Used,Automatic,6500000,Hyundai,Santa Fe,2008
Honda Pilot 2004 Blue,Local Used,Automatic,5695312,Honda,Pilot,2004
Toyota Highlander 2018 Silver,Local Used,Automatic,36000000,Toyota,Highlander,2018
Lexus RX 2010 Black,Local Used,Automatic,10200000,Lexus,RX,2010
Toyota Avalon Limited Sedan FWD (3.5L 6cyl 6A) 2013 Burgundy,Foreign Used,Automatic,16200000,Toyota,Avalon Limited,2013
Toyota Camry LE 4dr Sedan (2.4L 4cyl 5A) 2008 Red,Foreign Used,Automatic,9000000,Toyota,Camry LE,2008
Toyota Camry LE 4dr Sedan (2.4L 4cyl 5A) 2008 Silver,Foreign Used,Automatic,9000000,Toyota,Camry LE,2008
Toyota RAV4 2010 Silver,Local Used,Automatic,8000000,Toyota,RAV4,2010
Toyota Tacoma 2014 Red,Local Used,Automatic,15700000,Toyota,Tacoma,2014
Honda Civic 2004 Green,Local Used,Automatic,2531250,Honda,Civic,2004
Toyota Matrix 2010 Black,Local Used,Automatic,5900000,Toyota,Matrix,2010
Toyota Camry 2009 Gray,Local Used,Automatic,6267375,Toyota,Camry,2009
Honda Pilot 2008 Green,Local Used,Automatic,4000000,Honda,Pilot,2008
Mitsubishi L200 2008 White,Local Used,Manual,6600000,Mitsubishi,L200,2008
Toyota Camry 2002 Black,Local Used,Automatic,1950000,Toyota,Camry,2002
Lexus ES 330 2006 Black,Local Used,Automatic,3800000,Lexus,ES 330,2006
Honda CR-V EX-L AWD 2025 Black,Foreign Used,Automatic,49800000,Honda,CR-V EX-L,2025
Toyota Camry 2002 Gold,Local Used,Automatic,2300000,Toyota,Camry,2002
Toyota Camry 2014 Black,Foreign Used,Automatic,12800000,Toyota,Camry,2014
Mazda 323 1999 Silver,Foreign Used,Manual,5800000,Mazda,323,1999
Lexus RX 2010,Foreign Used,Automatic,18500000,Lexus,RX,2010
Mercedes-Benz GLE-Class GLE 350 2016 Black,Foreign Used,Automatic,31000000,Mercedes-Benz,GLE-Class GLE,2016
BMW 3 Series 328i RWD 2013 Gray,Foreign Used,Automatic,12500000,BMW,3 Series,2013
Honda Accord 2.4 Exec Automatic 2007 Blue,Local Used,Automatic,3164062,Honda,Accord 2,2007
Toyota Camry XLE V6 4dr Sedan (3.5L 6cyl 6AM) 2009 Silver,Local Used,Automatic,6500000,Toyota,Camry XLE,2009
Toyota Matrix XR Hatchback FWD (1.8L 4cyl 4A) 2006 Black,Local Used,Automatic,5279999,Toyota,Matrix XR,2006
GAC GS4 2024 Black,Local Used,Automatic,27500000,GAC,GS4,2024
Mercedes-Benz E350 Base 4Matic Sedan AWD (3.5L 6cyl 7A) 2016 Gray,Foreign Used,Automatic,19800000,Mercedes-Benz,E350 Base,2016
Infiniti G35 Base Sedan 2005 Silver,Local Used,Automatic,4700000,Infiniti,G35 Base,2005
Honda Crosstour 3.5 FWD 2010 White,Local Used,Automatic,3000000,Honda,Crosstour 3,2010
Mercedes-Benz GLC-Class 2017 White,Foreign Used,Automatic,43664062,Mercedes-Benz,GLC-Class,2017
Lexus NX 200t AWD 2017 Gray,Local Used,Automatic,25500000,Lexus,NX 200t,2017
Lexus RX 2003 Gold,Local Used,Automatic,4500000,Lexus,RX,2003
Toyota Camry LE 4dr Sedan (2.4L 4cyl 4A) 2004 Silver,Local Used,Automatic,3500000,Toyota,Camry LE,2004
Toyota Camry 2010 Black,Local Used,Automatic,6700000,Toyota,Camry,2010
Toyota Corolla 1.4 D-4D 2006 Gray,Local Used,Automatic,3800000,Toyota,Corolla 1,2006
Toyota Camry 2013 Black,Foreign Used,Automatic,13800000,Toyota,Camry,2013
Toyota Camry 2014 Red,Foreign Used,Automatic,13450000,Toyota,Camry,2014
Mercedes-Benz M Class 2015 Black,Foreign Used,Automatic,26100000,Mercedes-Benz,M Class,2015
Hyundai Sonata 2013 Gray,Foreign Used,Automatic,9700000,Hyundai,Sonata,2013
Toyota Highlander XLE 2021 Black,Foreign Used,Automatic,46300000,Toyota,Highlander XLE,2021
Toyota Highlander 2011 Silver,Foreign Used,Automatic,17600000,Toyota,Highlander,2011
Hyundai Santa Fe Limited 4dr SUV (3.3L 6cyl 6A) 2014 Black,Foreign Used,Automatic,15500000,Hyundai,Santa Fe,2014
Hyundai Santa Fe 2018 Black,Foreign Used,Automatic,16200000,Hyundai,Santa Fe,2018
Toyota Highlander 2019 Blue,Foreign Used,Automatic,28500000,Toyota,Highlander,2019
Ford Explorer 2018 Silver,Foreign Used,Automatic,25500000,Ford,Explorer,2018
Mercedes-Benz GLK-Class 350 4MATIC 2012 Red,Local Used,Automatic,8200000,Mercedes-Benz,GLK-Class 350,2012
Hyundai Tucson 2020 Red,Foreign Used,Automatic,22500000,Hyundai,Tucson,2020
Toyota Sienna 2015 White,Foreign Used,Automatic,24000000,Toyota,Sienna,2015
Ford Explorer 2017 Blue,Foreign Used,Automatic,17300000,Ford,Explorer,2017
Honda CR-V 2008 Green,Foreign Used,Automatic,11000000,Honda,CR-V,2008
Ford Edge 2019 Blue,Foreign Used,Automatic,19900000,Ford,Edge,2019
Mazda 3 2014 Silver,Foreign Used,Automatic,12900000,Mazda,3,2014
Kia Sorento 2019 Gray,Foreign Used,Automatic,19000000,Kia,Sorento,2019
Toyota Sienna Limited AWD 7-Passenger 2013 White,Foreign Used,Automatic,16300000,Toyota,Sienna Limited,2013
Lexus RX 2006 Blue,Foreign Used,Automatic,10700000,Lexus,RX,2006
Lexus LX 570 AWD 2013 Black,Foreign Used,Automatic,47500000,Lexus,LX 570,2013
Toyota Land Cruiser 2014 Black,Local Used,Automatic,38000000,Toyota,Land Cruiser,2014
Toyota Land Cruiser 2017 Black,Foreign Used,Automatic,66000000,Toyota,Land Cruiser,2017
Toyota Camry 2013 Green,Foreign Used,Automatic,14200000,Toyota,Camry,2013
Honda Accord 2008 Silver,Local Used,Automatic,5950000,Honda,Accord,2008
Mercedes-Benz GLE-Class GLE 350d 4MATIC 2017 Blue,Foreign Used,Automatic,42500000,Mercedes-Benz,GLE-Class GLE,2017
Mercedes-Benz C350 C350 BlueEFFICIENCY RWD 2008 Gray,Foreign Used,Automatic,15000000,Mercedes-Benz,C350 C350,2008
Mercedes-Benz C300 2013 Black,Foreign Used,Automatic,17200000,Mercedes-Benz,C300,2013
Toyota Highlander XLE 4dr SUV (3.5L 6cyl 6A) 2015 Black,Foreign Used,Automatic,28000000,Toyota,Highlander XLE,2015
Cadillac Escalade 2019 Black,Foreign Used,Automatic,46000000,Cadillac,Escalade,2019
Toyota Camry SE 4dr Sedan (2.5L 4cyl 6A) 2013 Silver,Foreign Used,Automatic,13900000,Toyota,Camry SE,2013
Toyota Highlander Platinum AWD 2024 Silver,Foreign Used,Automatic,71000000,Toyota,Highlander Platinum,2024
Land Rover Range Rover Autobiography P530 2023 Black,Foreign Used,Automatic,290000000,Land,Rover Range,2023
Toyota Sienna XLE AWD 7-Passenger 2013 Black,Foreign Used,Automatic,17800000,Toyota,Sienna XLE,2013
Lexus RX 350 FWD 2013 White,Foreign Used,Automatic,23500000,Lexus,RX 350,2013
Lexus GX 460 2010 Gray,Foreign Used,Automatic,33500000,Lexus,GX 460,2010
Toyota Highlander 2014 White,Foreign Used,Automatic,25800000,Toyota,Highlander,2014
Toyota Highlander 2019 White,Foreign Used,Automatic,33500000,Toyota,Highlander,2019
Toyota Sienna XLE 8 Passenger 2011 Gray,Foreign Used,Automatic,18500000,Toyota,Sienna XLE,2011
Toyota Camry 2012 Black,Foreign Used,Automatic,16500000,Toyota,Camry,2012
Lexus ES 350 FWD 2016 Silver,Foreign Used,Automatic,30000000,Lexus,ES 350,2016
Honda Accord 2015 Gray,Foreign Used,Automatic,15700000,Honda,Accord,2015
Mercedes-Benz GLE-Class AMG GLE 43 4MATIC 2017 Gray,Foreign Used,Automatic,53000000,Mercedes-Benz,GLE-Class AMG,2017
Lexus GX 460 Base 2017 White,Foreign Used,Automatic,65000000,Lexus,GX 460,2017
Toyota Avalon XLE FWDSedan (3.6L 6cyl 6A) 2016 Red,Foreign Used,Automatic,23500000,Toyota,Avalon XLE,2016
Hyundai Santa Fe Limited 2.0T FWD 2019 Red,Foreign Used,Automatic,33000000,Hyundai,Santa Fe,2019
Toyota Camry XLE 4dr Sedan (2.5L 4cyl 6A) 2012 Black,Foreign Used,Automatic,16500000,Toyota,Camry XLE,2012
Hyundai Santa Fe Limited 2022 Blue,Foreign Used,Automatic,45000000,Hyundai,Santa Fe,2022
Lexus RX 2017 Gold,Foreign Used,Automatic,36800000,Lexus,RX,2017
Toyota Tacoma SR 2017 Black,Foreign Used,Automatic,38500000,Toyota,Tacoma SR,2017
Mercedes-Benz GLC-Class 2018 Black,Foreign Used,Automatic,40100000,Mercedes-Benz,GLC-Class,2018
Toyota Tacoma SR5 Double Cab 6' Bed V6 AT 2023 Silver,Foreign Used,Automatic,50500000,Toyota,Tacoma SR5,2023
Toyota Camry XSE (2.5L 4cyl 8A) 2019 Black,Foreign Used,Automatic,34500000,Toyota,Camry XSE,2019
Ford Edge Limited 4dr AWD (3.5L 6cyl 6A) 2013 White,Foreign Used,Automatic,11500000,Ford,Edge Limited,2013
Toyota Camry SE 4dr Sedan (2.5L 4cyl 6A) 2013 Gray,Foreign Used,Automatic,13900000,Toyota,Camry SE,2013
Land Rover Range Rover 5.0L V8 Supercharged Autobiography 2019 Gray,Foreign Used,Automatic,66000000,Land,Rover Range,2019
Toyota Hilux SR5 4x4 2019 White,Foreign Used,Automatic,65000000,Toyota,Hilux SR5,2019
Toyota Corolla LE 4dr Sedan (1.8L 4cyl 4A) 2011 White,Foreign Used,Automatic,12300000,Toyota,Corolla LE,2011
Mercedes-Benz C300 Luxury 4Matic Sedan AWD (2.0L 4cyl 7A) 2016 Blue,Foreign Used,Automatic,26000000,Mercedes-Benz,C300 Luxury,2016
Toyota Avalon XLE Premium 4dr Sedan (3.5L 6cyl 6A) 2014 Gold,Foreign Used,Automatic,20500000,Toyota,Avalon XLE,2014
Toyota Highlander SE 2011 Gray,Foreign Used,Automatic,19000000,Toyota,Highlander SE,2011
Lexus GS 350 2013 Black,Foreign Used,Automatic,23500000,Lexus,GS 350,2013
Mercedes-Benz GLE-Class AMG GLE 63 S 4MATIC 2022 Black,Foreign Used,Automatic,153000000,Mercedes-Benz,GLE-Class AMG,2022
Lexus GX 460 Base 2017 Black,Foreign Used,Automatic,58000000,Lexus,GX 460,2017
Acura MDX Technology Package 4dr SUV (3.5L 6cyl 6A) 2015 White,Foreign Used,Automatic,22000000,Acura,MDX Technology,2015
Toyota Highlander XLE 4x2 V6 (3.5L 6cyl 8A) 2017 Red,Foreign Used,Automatic,32200000,Toyota,Highlander XLE,2017
Land Rover Range Rover Velar P340 SE R-Dynamic 4x4 2019 Gray,Foreign Used,Automatic,68500000,Land,Rover Range,2019
Toyota Highlander XLE 4x2 V6 (3.5L 6cyl 8A) 2017 Gray,Foreign Used,Automatic,33300000,Toyota,Highlander XLE,2017
Toyota Corolla SE Special Edition 4dr Sedan (1.8L 4cyl CVT) 2017 Black,Foreign Used,Automatic,17200000,Toyota,Corolla SE,2017
Toyota RAV4 XLE FWD 2019 Black,Foreign Used,Automatic,38000000,Toyota,RAV4 XLE,2019
Ford Explorer 2014 Red,Foreign Used,Automatic,15900000,Ford,Explorer,2014
Toyota Avalon 2013 Gold,Foreign Used,Automatic,19500000,Toyota,Avalon,2013
Mercedes-Benz GLK-Class 350 2011 White,Foreign Used,Automatic,17000000,Mercedes-Benz,GLK-Class 350,2011
Lexus RX 350 2010 Gold,Foreign Used,Automatic,20000000,Lexus,RX 350,2010
Toyota RAV4 XLE FWD 2019 Blue,Foreign Used,Automatic,40000000,Toyota,RAV4 XLE,2019
Hyundai Sonata Base Sedan FWD (2.4L 4cyl 6A) 2016 White,Foreign Used,Automatic,13500000,Hyundai,Sonata Base,2016
Jeep Wrangler Sahara 4x4 2017 Gray,Foreign Used,Automatic,44000000,Jeep,Wrangler Sahara,2017
Hyundai Santa Fe Limited FWD 2017 White,Foreign Used,Automatic,22500000,Hyundai,Santa Fe,2017
Toyota Highlander 2018 White,Foreign Used,Automatic,36000000,Toyota,Highlander,2018
Lexus NX 200t AWD 2017 Silver,Foreign Used,Automatic,33400000,Lexus,NX 200t,2017
Mercedes-Benz GLS-Class GLS450 4Matic 2017 White,Foreign Used,Automatic,51000000,Mercedes-Benz,GLS-Class GLS450,2017
Honda Accord Crosstour EX-L w/Navigation 2015 White,Foreign Used,Automatic,18800000,Honda,Accord Crosstour,2015
Toyota Avalon XLE 4dr Sedan (3.5L 6cyl 6A) 2014 White,Foreign Used,Automatic,18000000,Toyota,Avalon XLE,2014
Toyota Sienna Limited 7 Passenger 2011 Gray,Foreign Used,Automatic,17500000,Toyota,Sienna Limited,2011
Hyundai Santa Fe SE Ultimate AWD 2017 White,Foreign Used,Automatic,22100000,Hyundai,Santa Fe,2017
Mercedes-Benz S-Class S 550 4MATIC 2016 Black,Foreign Used,Automatic,53000000,Mercedes-Benz,S-Class S,2016
Lexus LX 2017 Gray,Foreign Used,Automatic,105000000,Lexus,LX,2017
Hyundai Sonata SE 2021 Black,Foreign Used,Automatic,30000000,Hyundai,Sonata SE,2021
Hyundai Santa Fe Sport 2013 White,Foreign Used,Automatic,16500000,Hyundai,Santa Fe,2013
Hyundai Tucson Limited FWD 2017 Blue,Foreign Used,Automatic,15000000,Hyundai,Tucson Limited,2017
Lexus ES 350 FWD 2017 Red,Foreign Used,Automatic,30500000,Lexus,ES 350,2017
Mini Cooper Classic 2013 Silver,Foreign Used,Automatic,15200000,Mini,Cooper Classic,2013
Hyundai Santa Fe Limited 2.0T FWD 2019 Blue,Foreign Used,Automatic,23500000,Hyundai,Santa Fe,2019
Honda CR-V PHEV 2.0 AWD 2023 Silver,Foreign Used,Automatic,45000000,Honda,CR-V PHEV,2023
Honda Pilot LX AWD 2018 Black,Foreign Used,Automatic,27500000,Honda,Pilot LX,2018
Toyota Highlander Platinum FWD 2023 Black,Foreign Used,Automatic,77000000,Toyota,Highlander Platinum,2023
Toyota Highlander Sport 2010 Gray,Foreign Used,Automatic,18000000,Toyota,Highlander Sport,2010
Mercedes-Benz M Class ML 350 4Matic 2007 Gold,Foreign Used,Automatic,12500000,Mercedes-Benz,M Class,2007
Mercedes-Benz GLA 250 2017 Gray,Foreign Used,Automatic,25500000,Mercedes-Benz,GLA 250,2017
Hyundai Palisade 2021 White,Foreign Used,Automatic,33500000,Hyundai,Palisade,2021
Ford Expedition Max 2018 White,Foreign Used,Automatic,55000000,Ford,Expedition Max,2018
Toyota Tundra 2023 Black,Foreign Used,Automatic,130000000,Toyota,Tundra,2023
Toyota Corolla 2012 White,Foreign Used,Automatic,11300000,Toyota,Corolla,2012
Mercedes-Benz C300 Base C300 AWD 4MATIC Sedan 2018 Gray,Foreign Used,Automatic,29500000,Mercedes-Benz,C300 Base,2018
Acura MDX SH-AWD w/Technology Package 4dr SUV AWD (3.5L 6cyl 6A) 2015,Foreign Used,Automatic,22000000,Acura,MDX SH-AWD,2015
Toyota Highlander XLE 4x2 V6 (3.5L 6cyl 8A) 2017 White,Foreign Used,Automatic,36500000,Toyota,Highlander XLE,2017
Honda Pilot LX 4dr SUV 4WD (3.5L 6cyl 5A) 2011 Black,Foreign Used,Automatic,13500000,Honda,Pilot LX,2011
Lexus NX 200t FWD 2017 Red,Foreign Used,Automatic,43000000,Lexus,NX 200t,2017
Toyota Highlander XLE 4x2 V6 (3.5L 6cyl 8A) 2017 Blue,Foreign Used,Automatic,36500000,Toyota,Highlander XLE,2017
Toyota RAV4 XLE 2021 Black,Foreign Used,Automatic,45000000,Toyota,RAV4 XLE,2021
Toyota 4-Runner SR5 4dr SUV 4WD (4.0L 6cyl 5A) 2015 Gray,Foreign Used,Automatic,34300000,Toyota,4-Runner SR5,2015
Toyota Sienna XLE FWD 2006 Red,Foreign Used,Automatic,10700000,Toyota,Sienna XLE,2006
Honda Pilot Elite 4dr AWD (3.5L 6cyl 9A) 2016 White,Foreign Used,Automatic,27500000,Honda,Pilot Elite,2016
Hyundai Sonata Limited Sedan FWD (2.4L 4cyl 6A) 2016 Silver,Foreign Used,Automatic,18100000,Hyundai,Sonata Limited,2016
Toyota Highlander Limited FWD 2024 Gray,Foreign Used,Automatic,99500000,Toyota,Highlander Limited,2024
Toyota Highlander XLE FWD 2020 Black,Local Used,Automatic,47000000,Toyota,Highlander XLE,2020
Hyundai Santa Fe Limited Ultimate AWD 2018 Black,Foreign Used,Automatic,24500000,Hyundai,Santa Fe,2018
Mercedes-Benz GLA 250 2015 Red,Foreign Used,Automatic,27000000,Mercedes-Benz,GLA 250,2015
Honda Pilot EX-L w/Navigation 4dr SUV 4WD (3.5L 6cyl 5A) 2015 Black,Foreign Used,Automatic,16500000,Honda,Pilot EX-L,2015
Hyundai Tucson Limited FWD 2017 Silver,Foreign Used,Automatic,27500000,Hyundai,Tucson Limited,2017
Mercedes-Benz CLA-Class 2015 Black,Foreign Used,Automatic,17200000,Mercedes-Benz,CLA-Class,2015
Lexus RX 350 AWD 2018 Red,Foreign Used,Automatic,44300000,Lexus,RX 350,2018
Hyundai Santa Fe GLS 4dr SUV (3.3L 6cyl 6A) 2015 Silver,Foreign Used,Automatic,15200000,Hyundai,Santa Fe,2015
Lexus GX 460 2010 Gold,Foreign Used,Automatic,33000000,Lexus,GX 460,2010
Honda Accord 2005 Black,Local Used,Automatic,3300000,Honda,Accord,2005
Land Rover Range Rover 2018 Blue,Local Used,Automatic,44000000,Land,Rover Range,2018
Toyota RAV4 2.5 Sport 4x4 2010 Gray,Foreign Used,Automatic,13200000,Toyota,RAV4 2,2010
Honda CR-V 2014 White,Foreign Used,Automatic,13500000,Honda,CR-V,2014
Honda CR-V 2008,Local Used,Automatic,3499999,Honda,CR-V,2008
Toyota Corolla S 4dr Sedan (1.8L 4cyl 4A) 2012 Silver,Local Used,Automatic,6200000,Toyota,Corolla S,2012
Lexus ES 350 2008 Gray,Foreign Used,Automatic,9500000,Lexus,ES 350,2008
Toyota Camry XLE 4dr Sedan (2.5L 4cyl 6AM) 2010 Green,Foreign Used,Automatic,10000000,Toyota,Camry XLE,2010
Volkswagen Golf 2006 Silver,Local Used,Automatic,5800000,Volkswagen,Golf,2006
Nissan Sunny 2010 Black,Local Used,Manual,4000000,Nissan,Sunny,2010
Honda Pilot EX 4x4 (3.5L 6cyl 5A) 2005 Silver,Local Used,Automatic,3290625,Honda,Pilot EX,2005
Mercedes-Benz GLK-Class 350 4MATIC 2011 White,Local Used,Automatic,8000000,Mercedes-Benz,GLK-Class 350,2011
Acura MDX Sport Utility 2004 Gold,Local Used,Automatic,3100000,Acura,MDX Sport,2004
Nissan Rogue 2007 Silver,Foreign Used,Automatic,9800000,Nissan,Rogue,2007
Mercedes-Benz GLE-Class AMG GLE 53 4MATIC 2022 White,Foreign Used,Automatic,120000000,Mercedes-Benz,GLE-Class AMG,2022
Lexus RX 330 AWD 2006 White,Foreign Used,Automatic,12500000,Lexus,RX 330,2006
Volkswagen Suran 2006 White,Local Used,Manual,2200000,Volkswagen,Suran,2006
Mercedes-Benz GLK-Class 350 4MATIC 2010 Black,Local Used,Automatic,8000000,Mercedes-Benz,GLK-Class 350,2010
Toyota Verso 1.6 2014 Blue,Foreign Used,Automatic,17000000,Toyota,Verso 1,2014
Toyota Avalon XLE Premium 4dr Sedan (3.5L 6cyl 6A) 2014 Off white,Local Used,Automatic,13000000,Toyota,Avalon XLE,2014
Toyota Camry XSE FWD (2.5L 4cyl 8AM) 2018 Gold,Foreign Used,Automatic,30000000,Toyota,Camry XSE,2018
Toyota Camry SE Sport 4dr Sedan w/Prod. End 11/13 (2.5L 4cyl 6A) 2014 White,Foreign Used,Automatic,13000000,Toyota,Camry SE,2014
Toyota Sienna LE AWD 2006 Gold,Foreign Used,Automatic,10500000,Toyota,Sienna LE,2006
Ford E-350 2006 Gold,Foreign Used,Automatic,12000000,Ford,E-350,2006
Lexus RX 350 2010 Silver,Foreign Used,Automatic,20000000,Lexus,RX 350,2010
Toyota Camry SE V6 4dr Sedan (3.5L 6cyl 6AM) 2010 Black,Local Used,Automatic,7200000,Toyota,Camry SE,2010
Toyota Venza LE AWD V6 2013 Gray,Foreign Used,Automatic,21000000,Toyota,Venza LE,2013
Toyota RAV4 3.5 Limited 4x4 2011 Brown,Foreign Used,Automatic,13785087,Toyota,RAV4 3,2011
Toyota Camry LE 4dr Sedan (2.4L 4cyl 5A) 2007 Gold,Foreign Used,Automatic,9500000,Toyota,Camry LE,2007
Lexus ES 350 FWD 2013 Maroon,Foreign Used,Automatic,14500000,Lexus,ES 350,2013
Ford Edge Sport 4dr AWD (2.7L 6cyl 6A) 2016 Black,Foreign Used,Automatic,13000000,Ford,Edge Sport,2016
Lexus ES 350 2010 Black,Foreign Used,Automatic,11500000,Lexus,ES 350,2010
Lexus ES 2003 Silver,Local Used,Automatic,3000000,Lexus,ES,2003
Dodge Charger 2012 Purple,Foreign Used,Automatic,13000000,Dodge,Charger,2012
Toyota RAV4 2010 Gray,Local Used,Automatic,8300000,Toyota,RAV4,2010
Mercedes-Benz M Class 2015 Black,Foreign Used,Automatic,26500000,Mercedes-Benz,M Class,2015
Lexus GS 300 Automatic 2006 Black,Local Used,Automatic,5000000,Lexus,GS 300,2006
Toyota Corolla LE Special Edition 4dr Sedan (1.8L 4cyl 4A) 2013 Black,Local Used,Automatic,7000000,Toyota,Corolla LE,2013
Toyota Camry SE 4dr Sedan (2.4L 4cyl 4A) 2003 Gray,Local Used,Automatic,4000000,Toyota,Camry SE,2003
Land Rover Range Rover Evoque 2015 Gray,Local Used,Automatic,9000000,Land,Rover Range,2015
Toyota Corolla 2006 Gray,Foreign Used,Automatic,6800000,Toyota,Corolla,2006
Toyota Avensis 2.0 D-4D 2006 Green,Local Used,Automatic,3500000,Toyota,Avensis 2,2006
Mazda CX-5 Grand Touring AWD 2013 White,Foreign Used,Automatic,13500000,Mazda,CX-5 Grand,2013
Toyota Sienna 2009,Local Used,Automatic,7000000,Toyota,Sienna,2009
Honda Accord 2009 Silver,Local Used,Automatic,5000000,Honda,Accord,2009
Hyundai Sonata 2014 Gray,Foreign Used,Automatic,10000000,Hyundai,Sonata,2014
Lexus ES 2025 Silver,Foreign Used,Automatic,11000000,Lexus,ES,2025
Ford Focus 2017 Gray,Local Used,Automatic,7500000,Ford,Focus,2017
Kia Rio EX 4dr Sedan (1.6L 4cyl 6A) 2012 Red,Local Used,Automatic,4500000,Kia,Rio EX,2012
Mercedes-Benz M Class ML 350 4Matic 2012 Gray,Local Used,Automatic,16500000,Mercedes-Benz,M Class,2012
Lexus RX 350 2011 Black,Foreign Used,Automatic,18000000,Lexus,RX 350,2011
Toyota Camry XLE V6 4dr Sedan (3.0L 6cyl 4A) 2002 Gold,Local Used,Automatic,2700000,Toyota,Camry XLE,2002
Lexus ES 350 2008 Gray,Local Used,Automatic,7500000,Lexus,ES 350,2008
Toyota Sienna 2000 Gray,Local Used,Automatic,4000000,Toyota,Sienna,2000
Lexus ES 350 2011 Red,Foreign Used,Automatic,9500000,Lexus,ES 350,2011
Toyota RAV4 2016 White,Foreign Used,Automatic,20000000,Toyota,RAV4,2016
Toyota Corolla Base 4dr Sedan (1.8L 4cyl 5M) 2011 Gray,Local Used,Automatic,8000000,Toyota,Corolla Base,2011
Lexus LS 460 2008 Black,Local Used,Automatic,7000000,Lexus,LS 460,2008
Toyota Venza 2010 Blue,Foreign Used,Automatic,15300000,Toyota,Venza,2010
Toyota Corolla 1.8 LE 2008 Gold,Local Used,Automatic,8000000,Toyota,Corolla 1,2008
Toyota Fortuner 4.0 AWD 2015 Gray,Local Used,Automatic,18000000,Toyota,Fortuner 4,2015
Toyota Camry 2016 Red,Foreign Used,Automatic,17465625,Toyota,Camry,2016
Toyota Tundra Double Cab 4x4 Limited 2011 Green,Foreign Used,Automatic,26000000,Toyota,Tundra Double,2011
Toyota Camry 2008 Gray,Foreign Used,Automatic,9200000,Toyota,Camry,2008
Toyota Camry LE 4dr Sedan (2.5L 4cyl 6A) 2015 White,Foreign Used,Automatic,13000000,Toyota,Camry LE,2015
Toyota RAV4 2010 White,Local Used,Automatic,9000000,Toyota,RAV4,2010
Mitsubishi Delica 2008 Yellow,Foreign Used,Automatic,9800000,Mitsubishi,Delica,2008
Ford Mondeo 2005 Blue,Local Used,Automatic,5000000,Ford,Mondeo,2005
BYD Song Plus DM-i 2025 Gray,Foreign Used,Automatic,53500000,BYD,Song Plus,2025
Lexus RX 2010 White,Foreign Used,Automatic,17500000,Lexus,RX,2010
Toyota Hilux SR 2016 White,Local Used,Manual,34000000,Toyota,Hilux SR,2016
Honda Accord Crosstour 2013 Black,Local Used,Automatic,12000000,Honda,Accord Crosstour,2013
Toyota Camry LE 4dr Sedan (2.4L 4cyl 5A) 2005 Red,Local Used,Automatic,4400000,Toyota,Camry LE,2005
Toyota Sienna LE & 1 hatch 2000 Green,Local Used,Automatic,2600000,Toyota,Sienna LE,2000
Toyota Sienna LE FWD 2006 Silver,Foreign Used,Automatic,9750000,Toyota,Sienna LE,2006
Honda Accord Coupe EX-L V-6 Automatic 2011 Gray,Foreign Used,Automatic,10300000,Honda,Accord Coupe,2011
Toyota Camry 2018 White,Foreign Used,Automatic,26578125,Toyota,Camry,2018
Lexus ES 350 2008 White,Local Used,Automatic,7000000,Lexus,ES 350,2008
Toyota Highlander XLE V6 4x4 (3.5L 6cyl 6A) 2016 Silver,Foreign Used,Automatic,26500000,Toyota,Highlander XLE,2016
Toyota Highlander Limited 2012 Gray,Foreign Used,Automatic,18000000,Toyota,Highlander Limited,2012
Mercedes-Benz CLA-Class CLA 250 4MATIC Sedan 2016 Black,Foreign Used,Automatic,21000000,Mercedes-Benz,CLA-Class CLA,2016
Acura MDX 2015 White,Local Used,Automatic,10500000,Acura,MDX,2015
Toyota Highlander Limited Platinum 2019 Gray,Foreign Used,Automatic,53000000,Toyota,Highlander Limited,2019
Lexus RX 2000 Green,Local Used,Automatic,4000000,Lexus,RX,2000
Hyundai Sonata Limited 2.0T Sedan (2.0L 4cyl 6A) 2012 Blue,Foreign Used,Automatic,9500000,Hyundai,Sonata Limited,2012
Lexus LX 570 AWD 2014 Black,Local Used,Automatic,58000000,Lexus,LX 570,2014
Mini Cooper 2012 White,Local Used,Automatic,8500000,Mini,Cooper,2012
Toyota 4-Runner SR5 4x4 2004 Blue,Local Used,Automatic,5400000,Toyota,4-Runner SR5,2004
Toyota Avalon XLE 2020 Black,Foreign Used,Automatic,43000000,Toyota,Avalon XLE,2020
BMW X6 xDrive35i 4x4 Coupe (3.0L 6cyl 8A) 2011 White,Local Used,Automatic,14000000,BMW,X6 xDrive35i,2011
Kia Soul 2013 Black,Local Used,Automatic,5062500,Kia,Soul,2013
Honda Accord Sport 2.0T 2022 Red,Foreign Used,Automatic,27000000,Honda,Accord Sport,2022
BMW 535i 2012 White,Local Used,Automatic,5500000,BMW,535i,2012
Toyota Highlander V6 2006 Black,Local Used,Automatic,5200000,Toyota,Highlander V6,2006
Toyota Hilux 2.0 VVT-i 2010 White,Local Used,Manual,12000000,Toyota,Hilux 2,2010
Toyota Sienna CE AWD 2006 Blue,Local Used,Automatic,5500000,Toyota,Sienna CE,2006
Toyota Sienna CE FWD (3.3L V6 5A) 2004 Gray,Local Used,Automatic,5400000,Toyota,Sienna CE,2004
Toyota Venza 2013,Local Used,Automatic,11500000,Toyota,Venza,2013
Mercedes-Benz GLC-Class 2020 Black,Foreign Used,Automatic,57500000,Mercedes-Benz,GLC-Class,2020
Toyota Highlander 2005 Silver,Local Used,Automatic,3600000,Toyota,Highlander,2005
Toyota Corolla 2007 Red,Foreign Used,Automatic,4500000,Toyota,Corolla,2007
Toyota Corolla LE 2007 Blue,Local Used,Automatic,5600000,Toyota,Corolla LE,2007
Acura RDX Automatic Tech Package 2007 Silver,Local Used,Automatic,4900000,Acura,RDX Automatic,2007
Mercedes-Benz GLA 250 2016 Black,Foreign Used,Automatic,19800000,Mercedes-Benz,GLA 250,2016
Hyundai Sonata Sport 4dr Sedan (2.4L 4cyl 6A) 2015 White,Foreign Used,Automatic,11000000,Hyundai,Sonata Sport,2015
Toyota Corolla 2007 Gray,Local Used,Automatic,5189062,Toyota,Corolla,2007
Toyota Corolla 2010 Gray,Local Used,Automatic,6000000,Toyota,Corolla,2010
Toyota Avalon 2013 Silver,Foreign Used,Automatic,13700000,Toyota,Avalon,2013
Lexus RX 2010 Black,Foreign Used,Automatic,15700000,Lexus,RX,2010
Lexus GX 470 Sport Utility 2007 Blue,Local Used,Automatic,6999999,Lexus,GX 470,2007
Lexus GX 470 2004 Gold,Local Used,Automatic,12600000,Lexus,GX 470,2004
Toyota Corolla 2027 Silver,Local Used,Automatic,5000000,Toyota,Corolla,2027
Toyota Camry 2006 Blue,Local Used,Automatic,4400000,Toyota,Camry,2006
Toyota Camry LE 4dr Sedan (2.5L 4cyl 6A) 2013 Gray,Foreign Used,Automatic,13000000,Toyota,Camry LE,2013
Honda CR-V 1997 Green,Local Used,Automatic,2500000,Honda,CR-V,1997
Toyota Camry SE 4dr Sedan (2.5L 4cyl 6A) 2016 Gray,Foreign Used,Automatic,16500000,Toyota,Camry SE,2016
Lexus RX 2010 Gray,Local Used,Automatic,12980000,Lexus,RX,2010
Toyota Corolla 2012 Silver,Local Used,Automatic,9200000,Toyota,Corolla,2012
Toyota Corolla 2006 Blue,Local Used,Automatic,5062500,Toyota,Corolla,2006
Hyundai Santa Fe GLS 4dr SUV AWD (3.3L 6cyl 6A) 2015 Brown,Foreign Used,Automatic,13999999,Hyundai,Santa Fe,2015
Toyota Venza AWD 2012 Brown,Foreign Used,Automatic,17500000,Toyota,Venza AWD,2012
Mercedes-Benz GLE-Class AMG GLE 43 4MATIC 2017 Gray,Foreign Used,Automatic,52000000,Mercedes-Benz,GLE-Class AMG,2017
Lexus RX 350 F Sport AWD 2016 Black,Foreign Used,Automatic,41525000,Lexus,RX 350,2016
Toyota Camry 2005 Black,Local Used,Automatic,3700000,Toyota,Camry,2005
Toyota Camry XSE V6 FWD 2020 Black,Foreign Used,Automatic,32000000,Toyota,Camry XSE,2020
Toyota Camry 2004 Silver,Local Used,Automatic,3750000,Toyota,Camry,2004
Toyota Camry 2.4 WT-i 2005 Black,Foreign Used,Automatic,8000000,Toyota,Camry 2,2005
Toyota Camry 2011 Silver,Local Used,Automatic,5000000,Toyota,Camry,2011
Toyota Highlander 2010 Silver,Foreign Used,Automatic,11900000,Toyota,Highlander,2010
Toyota Hilux 2021 White,Local Used,Manual,47000000,Toyota,Hilux,2021
Honda Accord Sedan LX Automatic 2011 Burgundy,Local Used,Automatic,5200000,Honda,Accord Sedan,2011
Toyota Camry 2010 Black,Local Used,Automatic,6100000,Toyota,Camry,2010
Mercedes-Benz GLE-Class 2016 White,Foreign Used,Automatic,52500000,Mercedes-Benz,GLE-Class,2016
Toyota Sienna XLE (3.5L 6cyl 8A) 2018 Black,Foreign Used,Automatic,30000000,Toyota,Sienna XLE,2018
Toyota Tundra Limited 2022 Black,Foreign Used,Automatic,73000000,Toyota,Tundra Limited,2022
Lexus ES 350 2009 White,Local Used,Automatic,6000000,Lexus,ES 350,2009
Lexus RX 350 2010 White,Foreign Used,Automatic,20000000,Lexus,RX 350,2010
Toyota Camry LE 4dr Sedan (2.4L 4cyl 5A) 2009 Silver,Local Used,Automatic,6500000,Toyota,Camry LE,2009
Toyota Avalon 2014 Silver,Local Used,Automatic,12700000,Toyota,Avalon,2014
Volkswagen Golf 1.6 FSi 2001 Silver,Foreign Used,Automatic,6000000,Volkswagen,Golf 1,2001
Lexus RX 350 AWD 2013 Black,Foreign Used,Automatic,24000000,Lexus,RX 350,2013
Toyota Corolla 2015 Gray,Local Used,Automatic,10000000,Toyota,Corolla,2015
Toyota Camry 2005 Gold,Local Used,Automatic,3850000,Toyota,Camry,2005
Toyota Camry 2008 Black,Local Used,Automatic,7000000,Toyota,Camry,2008
Toyota Highlander 2020 Gray,Foreign Used,Automatic,54500000,Toyota,Highlander,2020
Toyota Highlander 2005 Blue,Local Used,Automatic,5000000,Toyota,Highlander,2005
Toyota Corolla Cross 2024 White,Foreign Used,Automatic,35000000,Toyota,Corolla Cross,2024
Lexus RX 300 4WD 2000 Gold,Foreign Used,Automatic,4000000,Lexus,RX 300,2000
Honda Accord 2012 Black,Local Used,Automatic,5000000,Honda,Accord,2012
Toyota Hilux 2.0 VVT-i 2010 White,Local Used,Manual,18500000,Toyota,Hilux 2,2010
Honda Accord 2.0 Comfort Automatic 2007 Gray,Local Used,Automatic,2900000,Honda,Accord 2,2007
Volkswagen Golf GL 1.9 TDI Sedan 2004 Silver,Foreign Used,Automatic,6300000,Volkswagen,Golf GL,2004
Toyota Highlander Limited 4dr SUV (3.5L 6cyl 6A) 2015 Maroon,Foreign Used,Automatic,28500000,Toyota,Highlander Limited,2015
Toyota Camry 2004,Local Used,Automatic,2600000,Toyota,Camry,2004
BYD Song Plus 2022 Gray,Foreign Used,Automatic,35500000,BYD,Song Plus,2022
Volkswagen Golf 1.6 Comfortline 2005 Gray,Foreign Used,Automatic,6500000,Volkswagen,Golf 1,2005
Toyota Corolla LE 4dr Sedan (1.8L 4cyl 4A) 2011 White,Local Used,Automatic,6500000,Toyota,Corolla LE,2011
Toyota Avalon XLE Premium Sedan FWD (3.5L 6cyl 6A) 2017 Gold,Foreign Used,Automatic,20550000,Toyota,Avalon XLE,2017
Mercedes-Benz E350 Base 4Matic Sedan AWD (3.5L 6cyl 7A) 2014 Blue,Foreign Used,Automatic,19999999,Mercedes-Benz,E350 Base,2014
Toyota Hilux 2020 Black,Foreign Used,Automatic,84000000,Toyota,Hilux,2020
Toyota Corolla 2008 Black,Local Used,Automatic,5950000,Toyota,Corolla,2008
Rolls-Royce Cullinan Base 2020 White,Foreign Used,Automatic,590000000,Rolls-Royce,Cullinan Base,2020
Toyota Land Cruiser Prado 2025 Black,Brand New,Automatic,150000000,Toyota,Land Cruiser,2025
Mercedes-Benz 220 2021 Blue,Foreign Used,Automatic,49500000,Mercedes-Benz,220,2021
Lexus TX TX 350 AWD 2024 Silver,Foreign Used,Automatic,120000000,Lexus,TX TX,2024
Honda CR-V 2013 Gray,Local Used,Automatic,8950000,Honda,CR-V,2013
Pontiac Vibe 2009 Red,Local Used,Automatic,5650000,Pontiac,Vibe,2009
Audi A3 2024 Blue,Foreign Used,Automatic,48000000,Audi,A3,2024
Toyota Corolla CE 2007 Red,Local Used,Automatic,5200000,Toyota,Corolla CE,2007
Mercedes-Benz GLE-Class GLE 550 4MATIC 2015 White,Foreign Used,Automatic,29000000,Mercedes-Benz,GLE-Class GLE,2015
Toyota Camry LE 4dr Sedan (2.5L 4cyl 6A) 2016 Gray,Foreign Used,Automatic,14500000,Toyota,Camry LE,2016
Mercedes-Benz GLK-Class 350 2014 White,Foreign Used,Automatic,14500000,Mercedes-Benz,GLK-Class 350,2014
Mercedes-Benz E350 2014 Gray,Foreign Used,Automatic,22300000,Mercedes-Benz,E350,2014
Lexus RX 350 AWD 2018 Red,Foreign Used,Automatic,36000000,Lexus,RX 350,2018
Toyota Venza LE 2010 Red,Foreign Used,Automatic,15050000,Toyota,Venza LE,2010
Toyota Sienna SE Premium 8-Passenger 4dr Minivan (3.5L 6cyl 6A) 2015,Foreign Used,Automatic,25000000,Toyota,Sienna SE,2015
Toyota Corolla Verso 1.6 2004 Red,Foreign Used,Automatic,9000000,Toyota,Corolla Verso,2004
Mercedes-Benz E350 Base 4Matic Sedan AWD (3.5L 6cyl 7A) 2014 White,Foreign Used,Automatic,17500000,Mercedes-Benz,E350 Base,2014
Toyota Sienna 2016 Gold,Foreign Used,Automatic,19500000,Toyota,Sienna,2016
Mercedes-Benz S-Class 2026 Blue,Brand New,Automatic,370000000,Mercedes-Benz,S-Class,2026
Toyota Land Cruiser 2018 Black,Local Used,Automatic,79500000,Toyota,Land Cruiser,2018
Kia Picanto 2010 Silver,Foreign Used,Manual,4753000,Kia,Picanto,2010
Mercedes-Benz M Class 2011 Gray,Foreign Used,Automatic,12500000,Mercedes-Benz,M Class,2011
Jetour T2 2025 Black,Brand New,Automatic,78000000,Jetour,T2,2025
Suzuki Baleno 2019 Blue,Local Used,Automatic,16000000,Suzuki,Baleno,2019
Lexus LX LX 600 2024 Black,Brand New,Automatic,550000000,Lexus,LX LX,2024
Mercedes-Benz G-Class G 63 AMG 4MATIC 2020 Black,Local Used,Automatic,220000000,Mercedes-Benz,G-Class G,2020
Mercedes-Benz GLE-Class AMG GLE 63 S AWD 2025 White,Foreign Used,Automatic,320000000,Mercedes-Benz,GLE-Class AMG,2025
Mercedes-Benz CLA-Class CLA 250 4MATIC Sedan 2021 Black,Foreign Used,Automatic,55000000,Mercedes-Benz,CLA-Class CLA,2021
Mercedes-Benz GLE-Class AMG GLE 63 S 4MATIC 2019 White,Local Used,Automatic,73000000,Mercedes-Benz,GLE-Class AMG,2019
Honda Accord 2007 Gold,Foreign Used,Automatic,2700000,Honda,Accord,2007
Honda Pilot 2010 Black,Local Used,Automatic,5200000,Honda,Pilot,2010
Toyota Camry XLE V6 4dr Sedan (3.5L 6cyl 6A) 2013 White,Foreign Used,Automatic,15500000,Toyota,Camry XLE,2013
Mercedes-Benz GLC-Class 2017 Black,Foreign Used,Automatic,45000000,Mercedes-Benz,GLC-Class,2017
Toyota Venza V6 AWD 2012 Brown,Foreign Used,Automatic,17500000,Toyota,Venza V6,2012
Mercedes-Benz C180 2002 Blue,Local Used,Automatic,2500000,Mercedes-Benz,C180,2002
Lexus GX 470 2007 Black,Local Used,Automatic,12450000,Lexus,GX 470,2007
Toyota Sienna SE FWD 8-Passenger 2013 Black,Foreign Used,Automatic,14500000,Toyota,Sienna SE,2013
Lexus LX LX 700h 2025 Black,Brand New,Automatic,355000000,Lexus,LX LX,2025
Nissan Rogue 2016 Blue,Foreign Used,Automatic,16900000,Nissan,Rogue,2016
Toyota Hilux 2025 Black,Brand New,Automatic,94500000,Toyota,Hilux,2025
Hyundai Elantra 2013 Black,Local Used,Automatic,6100000,Hyundai,Elantra,2013
Mercedes-Benz GLE-Class 2016 Black,Local Used,Automatic,24500000,Mercedes-Benz,GLE-Class,2016
Mercedes-Benz GLC-Class 2025 Black,Foreign Used,Automatic,160000000,Mercedes-Benz,GLC-Class,2025
Toyota Camry LE AWD 2024 Black,Foreign Used,Automatic,41500000,Toyota,Camry LE,2024
Toyota Hilux 2023 White,Foreign Used,Automatic,92000000,Toyota,Hilux,2023
Lexus LX 2017 Black,Foreign Used,Automatic,78000000,Lexus,LX,2017
Toyota Matrix 2004 Blue,Local Used,Automatic,4550000,Toyota,Matrix,2004
Toyota Camry 2010 Green,Local Used,Automatic,6150000,Toyota,Camry,2010
Honda Accord 2012 White,Local Used,Automatic,5500000,Honda,Accord,2012
Lexus RX 350 2010 Black,Foreign Used,Automatic,17200000,Lexus,RX 350,2010
Lexus RX 350 2010 Gray,Foreign Used,Automatic,16000000,Lexus,RX 350,2010
Acura ZDX Base AWD 2010 Gray,Foreign Used,Automatic,18500000,Acura,ZDX Base,2010
Mercedes-Benz GLE-Class 2016 White,Foreign Used,Automatic,50000000,Mercedes-Benz,GLE-Class,2016
Toyota Avalon XLE Plus FWD Sedan (3.6L 6cyl 6A) 2016 Black,Foreign Used,Automatic,20000000,Toyota,Avalon XLE,2016
Hyundai Sonata SE 2020 Blue,Foreign Used,Automatic,17500000,Hyundai,Sonata SE,2020
Toyota Sienna 2006 Gray,Foreign Used,Automatic,8200000,Toyota,Sienna,2006
Toyota Highlander 2001 Black,Local Used,Automatic,4900000,Toyota,Highlander,2001
Mazda CX-9 2009 Blue,Local Used,Automatic,5500000,Mazda,CX-9,2009
Rolls-Royce Cullinan 2024 Black,Brand New,Automatic,1590000000,Rolls-Royce,Cullinan,2024
Toyota Corolla 2010 Gold,Local Used,Automatic,6300000,Toyota,Corolla,2010
Mercedes-Benz GL-Class 2014 White,Foreign Used,Automatic,74500000,Mercedes-Benz,GL-Class,2014
Lexus LX 570 AWD 2013 Black,Local Used,Automatic,29950000,Lexus,LX 570,2013
Mercedes-Benz GLE-Class GLE 350 4MATIC 2020 Black,Foreign Used,Automatic,69500000,Mercedes-Benz,GLE-Class GLE,2020
Lexus ES 350 2010 Black,Local Used,Automatic,7700000,Lexus,ES 350,2010
Honda Accord 2008 Silver,Local Used,Automatic,5500000,Honda,Accord,2008
BMW 535i 2012 Blue,Foreign Used,Automatic,18500000,BMW,535i,2012
Rolls-Royce Ghost Standard 2013 Gray,Foreign Used,Automatic,385000000,Rolls-Royce,Ghost Standard,2013
Hyundai Santa Fe 2015 Silver,Foreign Used,Automatic,20000000,Hyundai,Santa Fe,2015
Lexus LX 2023 Gray,Local Used,Automatic,205000000,Lexus,LX,2023
Toyota Corolla 2003 Gold,Local Used,Automatic,3950000,Toyota,Corolla,2003
Toyota RAV4 2010 Black,Local Used,Automatic,6750000,Toyota,RAV4,2010
Lexus ES 350 FWD 2014 Red,Foreign Used,Automatic,16800000,Lexus,ES 350,2014
Toyota RAV4 Adventure AWD 2020 Black,Foreign Used,Automatic,45700000,Toyota,RAV4 Adventure,2020
Mercedes-Benz AMG GT 2022 White,Foreign Used,Automatic,195000000,Mercedes-Benz,AMG GT,2022
Toyota Sienna 2012 White,Local Used,Automatic,9800000,Toyota,Sienna,2012
Honda Accord 2018 Black,Local Used,Automatic,18950000,Honda,Accord,2018
Toyota Hilux 2024 Red,Brand New,Automatic,125000000,Toyota,Hilux,2024
Volkswagen Beetle 1968 Blue,Local Used,Manual,4000000,Volkswagen,Beetle,1968
Hyundai Palisade Limited 2023 White,Foreign Used,Automatic,92000000,Hyundai,Palisade Limited,2023
Toyota Highlander Limited 2012 Black,Local Used,Automatic,14000000,Toyota,Highlander Limited,2012
Honda Accord 2.0 i-VTEC Automatic 2009 Black,Local Used,Automatic,4300000,Honda,Accord 2,2009
Toyota Land Cruiser Prado 2017 Black,Local Used,Automatic,38000000,Toyota,Land Cruiser,2017
Acura MDX Touring 4dr SUV AWD (3.5L 6cyl 5A) 2006 Red,Local Used,Automatic,2520000,Acura,MDX Touring,2006
Toyota Land Cruiser Prado 2010 Silver,Foreign Used,Automatic,35000000,Toyota,Land Cruiser,2010
Ford Edge 2011 Red,Foreign Used,Automatic,8900000,Ford,Edge,2011
Nissan Pathfinder 2002 Silver,Local Used,Automatic,2950000,Nissan,Pathfinder,2002
Tesla Cybertruck 2024 Gray,Brand New,Automatic,345000000,Tesla,Cybertruck,2024
Mercedes-Benz GLC-Class 2017 Brown,Local Used,Automatic,48000000,Mercedes-Benz,GLC-Class,2017
Lexus RX 2017 White,Foreign Used,Automatic,45000000,Lexus,RX,2017
Toyota Land Cruiser Prado 2014 Black,Local Used,Automatic,27000000,Toyota,Land Cruiser,2014
Toyota Land Cruiser 2023 Blue,Local Used,Automatic,130000000,Toyota,Land Cruiser,2023
Toyota Hilux 2019 White,Local Used,Automatic,46500000,Toyota,Hilux,2019
Honda Accord EX-L 4dr Sedan FWD (2.4L 4cyl 2A) 2013 Gray,Foreign Used,Automatic,14000000,Honda,Accord EX-L,2013
Toyota Sienna 2000 Silver,Local Used,Automatic,3480000,Toyota,Sienna,2000
Lexus RX 350 AWD 2008 Blue,Local Used,Automatic,7199999,Lexus,RX 350,2008
Mercedes-Benz C300 Base AWD 4Matic Sedan (2.0L 4cyl 7A) 2015 White,Foreign Used,Automatic,19500000,Mercedes-Benz,C300 Base,2015
Toyota Venza V6 2010 Black,Foreign Used,Automatic,19700000,Toyota,Venza V6,2010
Mercedes-Benz M Class ML 350 4Matic 2012 White,Local Used,Automatic,18000000,Mercedes-Benz,M Class,2012
Toyota Camry XSE FWD (2.5L 4cyl 8AM) 2018 White,Foreign Used,Automatic,31500000,Toyota,Camry XSE,2018
Toyota Camry 2008 Blue,Local Used,Automatic,3990000,Toyota,Camry,2008
Hyundai Sonata 2015 Black,Foreign Used,Automatic,12350000,Hyundai,Sonata,2015
Nissan X-Trail 2006 Silver,Local Used,Automatic,4800000,Nissan,X-Trail,2006
Mercedes-Benz GLE-Class AMG GLE 53 4MATIC 2021 Red,Local Used,Automatic,100500000,Mercedes-Benz,GLE-Class AMG,2021
Lexus LX 2022 Black,Foreign Used,Automatic,208000000,Lexus,LX,2022
Mercedes-Benz GLK-Class 2015 Silver,Foreign Used,Automatic,18200000,Mercedes-Benz,GLK-Class,2015
Mercedes-Benz C43 2023 White,Foreign Used,Automatic,120000000,Mercedes-Benz,C43,2023
Mercedes-Benz GLE-Class AMG GLE 43 4MATIC 2018 Silver,Foreign Used,Automatic,46500000,Mercedes-Benz,GLE-Class AMG,2018
Mercedes-Benz GLE-Class AMG GLE 53 4MATIC 2021 Black,Foreign Used,Automatic,120000000,Mercedes-Benz,GLE-Class AMG,2021
Mercedes-Benz GL-Class 2014 Black,Local Used,Automatic,14000000,Mercedes-Benz,GL-Class,2014
Toyota Camry 2014 Gold,Foreign Used,Automatic,17718750,Toyota,Camry,2014
Toyota Highlander 2013 Black,Foreign Used,Automatic,19250000,Toyota,Highlander,2013
Lexus IS 250 2008 Silver,Local Used,Automatic,6250000,Lexus,IS 250,2008
Mercedes-Benz A-Class 2020 Gray,Foreign Used,Automatic,26000000,Mercedes-Benz,A-Class,2020
Mercedes-Benz GL-Class 2009 Silver,Local Used,Automatic,6850000,Mercedes-Benz,GL-Class,2009
Toyota FJ Cruiser Base 4x4 2007 Black,Local Used,Automatic,8500000,Toyota,FJ Cruiser,2007
Toyota Camry XLE 4dr Sedan (2.4L 4cyl 5A) 2007 Silver,Foreign Used,Automatic,9300000,Toyota,Camry XLE,2007
Toyota Camry 2010 Green,Foreign Used,Automatic,10500000,Toyota,Camry,2010
Nissan Murano S 2011 Gold,Local Used,Automatic,6880000,Nissan,Murano S,2011
Acura RDX 2007 Gray,Local Used,Automatic,5600000,Acura,RDX,2007
Rolls-Royce Cullinan 2022 White,Foreign Used,Automatic,699999999,Rolls-Royce,Cullinan,2022
Toyota Hilux 2024 White,Brand New,Automatic,112000000,Toyota,Hilux,2024
Toyota C-HR 2017 Red,Foreign Used,Automatic,25000000,Toyota,C-HR,2017
Toyota Corolla 2015 Silver,Local Used,Automatic,9550000,Toyota,Corolla,2015
Honda CR-V 2012 Silver,Local Used,Automatic,8500000,Honda,CR-V,2012
Lexus RX 2002 White,Local Used,Automatic,4150000,Lexus,RX,2002
Toyota Camry 2004 Blue,Local Used,Automatic,3440000,Toyota,Camry,2004
Toyota Sienna LE AWD 2005 Gold,Foreign Used,Automatic,11500000,Toyota,Sienna LE,2005
Toyota Sienna XLE AWD 2005 Gold,Foreign Used,Automatic,12500000,Toyota,Sienna XLE,2005
Honda Pilot 2013 Gray,Foreign Used,Automatic,11500000,Honda,Pilot,2013
Toyota Sienna LE FWD 2006 Silver,Foreign Used,Automatic,12500000,Toyota,Sienna LE,2006
Toyota Camry LE FWD 2020 White,Foreign Used,Automatic,20000000,Toyota,Camry LE,2020
Toyota Highlander Limited 2019 White,Foreign Used,Automatic,35000000,Toyota,Highlander Limited,2019
Toyota Corolla LE 4dr Sedan (1.8L 4cyl CVT) 2016 Red,Foreign Used,Automatic,12950000,Toyota,Corolla LE,2016
Toyota Camry XLE V6 4dr Sedan (3.5L 6cyl 6AM) 2007 Gold,Local Used,Automatic,4950000,Toyota,Camry XLE,2007
Toyota Corolla 2018 Silver,Foreign Used,Automatic,15300000,Toyota,Corolla,2018
Toyota Corolla SE 2020 Black,Foreign Used,Automatic,24300000,Toyota,Corolla SE,2020
Mercedes-Benz M Class 2011 Black,Local Used,Automatic,9300000,Mercedes-Benz,M Class,2011
Mercedes-Benz G-Class G 63 AMG 4MATIC 2020 Gold,Local Used,Automatic,236000000,Mercedes-Benz,G-Class G,2020
Toyota Land Cruiser LC300 2024 Black,Foreign Used,Automatic,145000000,Toyota,Land Cruiser,2024
Mercedes-Benz GLE-Class 2024 Black,Foreign Used,Automatic,125000000,Mercedes-Benz,GLE-Class,2024
Mercedes-Benz GLE-Class GLE 350 2017 White,Foreign Used,Automatic,36000000,Mercedes-Benz,GLE-Class GLE,2017
Mercedes-Benz GLC-Class 2017 Red,Foreign Used,Automatic,53000000,Mercedes-Benz,GLC-Class,2017
Toyota Tundra 2024 Gray,Foreign Used,Automatic,95000000,Toyota,Tundra,2024
Mercedes-Benz GLE-Class AMG GLE 63 S 4MATIC 2016 Gray,Local Used,Automatic,63000000,Mercedes-Benz,GLE-Class AMG,2016
BMW M2 3.0 RWD 2016 White,Foreign Used,Automatic,35000000,BMW,M2 3,2016
Mercedes-Benz M Class ML350 4MATIC 4dr SUV AWD (3.5L 6cyl 7A) 2014,Foreign Used,Automatic,17600000,Mercedes-Benz,M Class,2014
Lexus RX 350 F SPORT AWD 2024 White,Foreign Used,Automatic,100000000,Lexus,RX 350,2024
Mercedes-Benz GLE-Class AMG GLE 43 4MATIC 2018 Gray,Foreign Used,Automatic,43000000,Mercedes-Benz,GLE-Class AMG,2018
Jetour X70 Plus 2025 Black,Foreign Used,Automatic,37000000,Jetour,X70 Plus,2025
Toyota Hilux 2021 White,Foreign Used,Automatic,79000000,Toyota,Hilux,2021
Volkswagen Golf 2000 Silver,Local Used,Manual,2580000,Volkswagen,Golf,2000
Toyota Camry 2003 Silver,Local Used,Automatic,3306000,Toyota,Camry,2003
Lexus RX 2008 Silver,Local Used,Automatic,6950000,Lexus,RX,2008
Toyota Camry 2025 Black,Brand New,Automatic,85000000,Toyota,Camry,2025
Toyota Sienna 2008 Gold,Local Used,Automatic,6480000,Toyota,Sienna,2008
Honda Civic 2017 White,Local Used,Automatic,8900000,Honda,Civic,2017
Jeep Compass Latitude 4dr SUV 4WD (2.4L 4cyl 6A) 2014 Red,Local Used,Automatic,6960937,Jeep,Compass Latitude,2014
Mercedes-Benz CLK 2009 Silver,Local Used,Automatic,3850000,Mercedes-Benz,CLK,2009
Toyota Corolla Verso 1.6 2007 Black,Foreign Used,Automatic,11000000,Toyota,Corolla Verso,2007
Toyota Avalon Limited 4dr Sedan (3.5L 6cyl 6A) 2014 Gray,Foreign Used,Automatic,18800000,Toyota,Avalon Limited,2014
Mercedes-Benz CLA-Class CLA 250 Sedan 2019 Black,Foreign Used,Automatic,18000000,Mercedes-Benz,CLA-Class CLA,2019
Honda Civic 2008 Gray,Local Used,Automatic,4700000,Honda,Civic,2008
Toyota Highlander Platinum AWD 2020 White,Foreign Used,Automatic,69000000,Toyota,Highlander Platinum,2020
Toyota Hilux 2021 Black,Local Used,Automatic,68000000,Toyota,Hilux,2021
Ford Explorer Limited 4dr SUV (3.5L 6cyl 6A) 2014 Black,Local Used,Automatic,6950000,Ford,Explorer Limited,2014
Lexus ES 350 2007 Black,Local Used,Automatic,5500000,Lexus,ES 350,2007
Honda Accord 2004 Gold,Local Used,Automatic,3300000,Honda,Accord,2004
Mercedes-Benz GLC-Class 2016 Blue,Local Used,Automatic,19000000,Mercedes-Benz,GLC-Class,2016
Hyundai Santa Fe 2017 Gray,Foreign Used,Automatic,20800000,Hyundai,Santa Fe,2017
Toyota Venza 2011 Green,Foreign Used,Automatic,15950000,Toyota,Venza,2011
Toyota Corolla 2020 White,Local Used,Automatic,17850000,Toyota,Corolla,2020
Jeep Gladiator 2021 Off white,Foreign Used,Automatic,69000000,Jeep,Gladiator,2021
Mercedes-Benz GLE-Class 2016 Gray,Local Used,Automatic,34500000,Mercedes-Benz,GLE-Class,2016
Dodge Challenger 2018 White,Local Used,Automatic,19500000,Dodge,Challenger,2018
Mercedes-Benz GLE-Class 2016 White,Local Used,Automatic,35000000,Mercedes-Benz,GLE-Class,2016
Hyundai Sonata SE Sedan FWD (2.4L 4cyl 6A) 2012 Gray,Foreign Used,Automatic,10000000,Hyundai,Sonata SE,2012
Hyundai Santa Fe GLS 4dr SUV AWD (3.3L 6cyl 6A) 2014 Blue,Foreign Used,Automatic,17000000,Hyundai,Santa Fe,2014
Hyundai Sonata GLS 4dr Sedan (2.4L 4cyl 6A) 2014 Black,Local Used,Automatic,6800000,Hyundai,Sonata GLS,2014
Hyundai Santa Fe 2014 Green,Foreign Used,Automatic,16800000,Hyundai,Santa Fe,2014
Nissan Rogue S 2009 White,Local Used,Automatic,3950000,Nissan,Rogue S,2009
Ferrari 488 GTB 2025 Red,Brand New,Automatic,175000000,Ferrari,488 GTB,2025
Honda Civic 2010 Red,Local Used,Automatic,4700000,Honda,Civic,2010
ZX Auto Grand Tiger 2012 White,Foreign Used,Manual,18000000,ZX,Auto Grand,2012
Mercedes-Benz C230 2004 Gray,Local Used,Automatic,3800000,Mercedes-Benz,C230,2004
Land Rover Range Rover Vogue 2016 Black,Local Used,Automatic,23800000,Land,Rover Range,2016
Mercedes-Benz GLE-Class 2020 Gray,Local Used,Automatic,58000000,Mercedes-Benz,GLE-Class,2020
BMW X5 2015 Black,Foreign Used,Automatic,16280000,BMW,X5,2015
Toyota Land Cruiser 2015 Black,Local Used,Automatic,53000000,Toyota,Land Cruiser,2015
Toyota Camry SE w/Special Edition Pkg (2.5L 4cyl 6A) 2016 Red,Foreign Used,Automatic,15500000,Toyota,Camry SE,2016
Mercedes-Benz GLE-Class GLE 350 4MATIC 2021 White,Foreign Used,Automatic,63000000,Mercedes-Benz,GLE-Class GLE,2021
Ford Edge SEL 4dr AWD (3.5L 6cyl 6A) 2008 Black,Local Used,Automatic,3200000,Ford,Edge SEL,2008
Mercedes-Benz GLE-Class 2017 Blue,Foreign Used,Automatic,57000000,Mercedes-Benz,GLE-Class,2017
Mercedes-Benz GLE-Class GLE 350d 4MATIC 2016 Black,Foreign Used,Automatic,31000000,Mercedes-Benz,GLE-Class GLE,2016
Mercedes-Benz E350 2010 Gray,Local Used,Automatic,8500000,Mercedes-Benz,E350,2010
Hyundai Elantra 2009 Green,Local Used,Automatic,3990000,Hyundai,Elantra,2009
Lexus ES 2017 Gray,Foreign Used,Automatic,27000000,Lexus,ES,2017
Toyota Corolla 2008 Black,Local Used,Automatic,5900000,Toyota,Corolla,2008
Toyota RAV4 2006 Silver,Local Used,Automatic,6680000,Toyota,RAV4,2006
Infiniti QX56 2012 Black,Local Used,Automatic,18500000,Infiniti,QX56,2012
Lexus LX 2016 White,Foreign Used,Automatic,119000000,Lexus,LX,2016
Mazda CX-7 2011 Purple,Local Used,Automatic,3950000,Mazda,CX-7,2011
Honda Accord 2005 Silver,Local Used,Automatic,3480000,Honda,Accord,2005
Toyota Highlander 2004 Gold,Local Used,Automatic,4880000,Toyota,Highlander,2004
Rolls-Royce Cullinan Base 2021 White,Foreign Used,Automatic,760000000,Rolls-Royce,Cullinan Base,2021
Mercedes-Benz G-Class G 63 AMG 2024 Blue,Foreign Used,Automatic,385000000,Mercedes-Benz,G-Class G,2024
Mercedes-Benz S-Class S 550 2012 Black,Local Used,Automatic,28500000,Mercedes-Benz,S-Class S,2012
Toyota Sienna LE 2008 Blue,Local Used,Automatic,6050000,Toyota,Sienna LE,2008
Toyota Highlander 2005 White,Local Used,Automatic,5850000,Toyota,Highlander,2005
Lexus RX 2018 Black,Foreign Used,Automatic,41500000,Lexus,RX,2018
Toyota Hilux 2017 White,Local Used,Manual,39500000,Toyota,Hilux,2017
Toyota Hilux 2012 White,Local Used,Manual,16500000,Toyota,Hilux,2012
Mercedes-Benz C300 2009 White,Foreign Used,Automatic,15000000,Mercedes-Benz,C300,2009
Mercedes-Benz GLK-Class 2011 White,Foreign Used,Automatic,20000000,Mercedes-Benz,GLK-Class,2011
Toyota RAV4 XLE Premium 2026 Red,Foreign Used,Automatic,63000000,Toyota,RAV4 XLE,2026
Toyota RAV4 XLE Premium 2025 Gray,Foreign Used,Automatic,62000000,Toyota,RAV4 XLE,2025
Toyota Camry 2011 Gold,Local Used,Automatic,8000000,Toyota,Camry,2011
Lexus RX 350 2010 Blue,Foreign Used,Automatic,19500000,Lexus,RX 350,2010
Lexus IS 250 4WD 2015 Black,Foreign Used,Automatic,18500000,Lexus,IS 250,2015
Hyundai Sonata 2012 Black,Foreign Used,Automatic,9000000,Hyundai,Sonata,2012
Lexus GX 2025 Black,Brand New,Automatic,265000000,Lexus,GX,2025
Toyota Sienna 2005 Gold,Local Used,Automatic,5780000,Toyota,Sienna,2005
Toyota Camry Automatic 1999 Silver,Local Used,Automatic,1990000,Toyota,Camry Automatic,1999
Hyundai Sonata 2017 Silver,Foreign Used,Automatic,11850000,Hyundai,Sonata,2017
Toyota Camry 2013 Gray,Foreign Used,Automatic,12000000,Toyota,Camry,2013
Chevrolet Camaro 2015 Yellow,Foreign Used,Automatic,27500000,Chevrolet,Camaro,2015
Rolls-Royce Cullinan Black Badge 2024 Black,Brand New,Automatic,1500000000,Rolls-Royce,Cullinan Black,2024
BMW X5 2011 White,Local Used,Automatic,6800000,BMW,X5,2011
Mercedes-Benz G-Class G63 AMG 4dr SUV 4WD (5.5L 8cyl Turbo 7A) 2014,Local Used,Automatic,63000000,Mercedes-Benz,G-Class G63,2014
Toyota Hilux 2023 White,Local Used,Automatic,48000000,Toyota,Hilux,2023
Toyota Hilux 2023 White,Foreign Used,Automatic,59000000,Toyota,Hilux,2023
Toyota Highlander Platinum AWD 2024 Black,Foreign Used,Automatic,135000000,Toyota,Highlander Platinum,2024
Dodge Challenger R/T 2011 Black,Foreign Used,Automatic,13999999,Dodge,Challenger R,2011
Hyundai Sonata 2016 Black,Foreign Used,Automatic,13500000,Hyundai,Sonata,2016
Mercedes-Benz CLA-Class 2015 Black,Foreign Used,Automatic,16999999,Mercedes-Benz,CLA-Class,2015
Hyundai Sonata Limited Sedan FWD (2.4L 4cyl 6A) 2013 Red,Foreign Used,Automatic,7599999,Hyundai,Sonata Limited,2013
Mercedes-Benz C300 2012 Black,Foreign Used,Automatic,16500000,Mercedes-Benz,C300,2012
Toyota Land Cruiser 2018 Gray,Local Used,Automatic,52000000,Toyota,Land Cruiser,2018
Ford Edge SE 4dr AWD (2.0L 4cyl 6A) 2016 Red,Foreign Used,Automatic,14999999,Ford,Edge SE,2016
Toyota Camry 2007 Silver,Local Used,Automatic,4800000,Toyota,Camry,2007
Ford Edge SEL 4dr FWD 2017 Black,Foreign Used,Automatic,14999999,Ford,Edge SEL,2017
Honda Element 2004 Green,Local Used,Automatic,4400000,Honda,Element,2004
Mercedes-Benz GLE-Class 2022 Gray,Foreign Used,Automatic,169000000,Mercedes-Benz,GLE-Class,2022
Toyota Land Cruiser 3.5 Petrol 4WD 2022 Yellow,Local Used,Automatic,165000000,Toyota,Land Cruiser,2022
Toyota Highlander Limited 2021 Black,Foreign Used,Automatic,59000000,Toyota,Highlander Limited,2021
Nissan Almera 2014 Black,Local Used,Automatic,4400000,Nissan,Almera,2014
Mercedes-Benz M Class ML350 4MATIC 4dr SUV AWD (3.5L 6cyl 7A) 2014,Local Used,Automatic,16999999,Mercedes-Benz,M Class,2014
Mercedes-Benz GLE-Class GLE 350 2018 White,Foreign Used,Automatic,31900000,Mercedes-Benz,GLE-Class GLE,2018
Lexus IS 250 2008 Gray,Foreign Used,Automatic,11300000,Lexus,IS 250,2008
Hyundai Santa Fe 2013 Silver,Foreign Used,Automatic,15500000,Hyundai,Santa Fe,2013
Mercedes-Benz G-Class G 63 AMG 4MATIC 2019 White,Local Used,Automatic,220000000,Mercedes-Benz,G-Class G,2019
Lexus RX 2011 Red,Foreign Used,Automatic,19000000,Lexus,RX,2011
Audi Q5 2.0T Tech Premium AWD quattro 2018 Black,Foreign Used,Automatic,45000000,Audi,Q5 2,2018
Mercedes-Benz C300 2016 Black,Foreign Used,Automatic,21000000,Mercedes-Benz,C300,2016
Mercedes-Benz CLA-Class CLA 250 4MATIC Sedan 2016 White,Foreign Used,Automatic,15999999,Mercedes-Benz,CLA-Class CLA,2016
Acura ILX Base FWD (2.0L 4cyl 5A) 2015 White,Foreign Used,Automatic,11999999,Acura,ILX Base,2015
Toyota Land Cruiser Prado 4.0 Petrol TX-L 2014 Black,Local Used,Automatic,35000000,Toyota,Land Cruiser,2014
Toyota Camry 2010 Silver,Local Used,Automatic,5950000,Toyota,Camry,2010
Lexus IS 300 AWD 2016 Black,Foreign Used,Automatic,20999999,Lexus,IS 300,2016
Ford Explorer 2013 Silver,Local Used,Automatic,11000000,Ford,Explorer,2013
Toyota Hilux 2012 Gray,Local Used,Automatic,20000000,Toyota,Hilux,2012
Mercedes-Benz GLE-Class GLE 400 4MATIC 2017 Silver,Foreign Used,Automatic,29999999,Mercedes-Benz,GLE-Class GLE,2017
Volvo XC90 2013 Black,Foreign Used,Automatic,13000000,Volvo,XC90,2013
Lexus IS 250 2008 Silver,Foreign Used,Automatic,9999999,Lexus,IS 250,2008
Hyundai Elantra 2016 Silver,Foreign Used,Automatic,13500000,Hyundai,Elantra,2016
Mercedes-Benz GLE-Class GLE 350 2017 Red,Foreign Used,Automatic,24999999,Mercedes-Benz,GLE-Class GLE,2017
Mercedes-Benz GLK-Class 2012 Black,Local Used,Automatic,12500000,Mercedes-Benz,GLK-Class,2012
Hyundai Sonata Sport 2.0T Sedan FWD (2.0L 4cyl 6A) 2017 Silver,Foreign Used,Automatic,12999999,Hyundai,Sonata Sport,2017
Toyota Highlander 2021 Red,Local Used,Automatic,43000000,Toyota,Highlander,2021
Dodge RAM 2013 White,Local Used,Automatic,15500000,Dodge,RAM,2013
Ford Ranger Wildtrak 2014 Black,Local Used,Automatic,16000000,Ford,Ranger Wildtrak,2014
Mercedes-Benz GLE-Class GLE 550 4MATIC 2017 Black,Foreign Used,Automatic,29999999,Mercedes-Benz,GLE-Class GLE,2017
Honda Accord Sport 4dr Sedan FWD (2.4L 4cyl 2A) 2016 Black,Foreign Used,Automatic,15450000,Honda,Accord Sport,2016
Mercedes-Benz E350 Base 4dr Sedan RWD (3.5L 6cyl 7A) 2014 Brown,Foreign Used,Automatic,19999000,Mercedes-Benz,E350 Base,2014
Nissan X-Trail 2010 Black,Local Used,Automatic,5870000,Nissan,X-Trail,2010
Dodge Caliber 1.8 L SE 2007 Red,Local Used,Automatic,3800000,Dodge,Caliber 1,2007
Toyota Corolla 2010 Silver,Foreign Used,Automatic,8950000,Toyota,Corolla,2010
Opel Zafira 2001,Local Used,Automatic,3600000,Opel,Zafira,2001
Lexus IS 2008 Red,Local Used,Automatic,8000000,Lexus,IS,2008
Lexus GX 2023 Silver,Foreign Used,Automatic,116000000,Lexus,GX,2023
Mercedes-Benz GLC-Class 2016 Black,Foreign Used,Automatic,31000000,Mercedes-Benz,GLC-Class,2016
Mercedes-Benz C43 4Matic Sedan AWD (3.0L V6 9AM) 2018 White,Foreign Used,Automatic,60000000,Mercedes-Benz,C43 4Matic,2018
Mercedes-Benz GLE-Class GLE 350 4MATIC AWD 2025 Black,Foreign Used,Automatic,130000000,Mercedes-Benz,GLE-Class GLE,2025
Lexus LX LX 600 2025 White,Brand New,Automatic,320000000,Lexus,LX LX,2025
Honda Accord 2014 White,Foreign Used,Automatic,13500000,Honda,Accord,2014
Lexus RX 2006 Black,Local Used,Automatic,7600000,Lexus,RX,2006
Honda Civic 2008 Silver,Local Used,Automatic,4000000,Honda,Civic,2008
Toyota Highlander Limited 2012 Gray,Local Used,Automatic,14500000,Toyota,Highlander Limited,2012
Lexus IS 250 4WD 2014 Gray,Foreign Used,Automatic,21700000,Lexus,IS 250,2014
Kia Soul 2013 White,Local Used,Automatic,5500000,Kia,Soul,2013
Lexus RX 2017 White,Foreign Used,Automatic,45500000,Lexus,RX,2017
Toyota Land Cruiser 2026 Black,Brand New,Automatic,120000000,Toyota,Land Cruiser,2026
Acura MDX 2015 White,Foreign Used,Automatic,20900000,Acura,MDX,2015
Toyota Corolla 2007 Black,Local Used,Automatic,4000000,Toyota,Corolla,2007
Kia Morning 2012 Silver,Foreign Used,Automatic,6200000,Kia,Morning,2012
Toyota Highlander SE 4x4 V6 (3.5L 6cyl 8A) 2018 Red,Foreign Used,Automatic,36000000,Toyota,Highlander SE,2018
Acura ILX 2022 Silver,Foreign Used,Automatic,35000000,Acura,ILX,2022
Nissan Altima 2019 Silver,Local Used,Automatic,17950000,Nissan,Altima,2019
Mercedes-Benz GLE-Class 2016 Black,Local Used,Automatic,17700000,Mercedes-Benz,GLE-Class,2016
Mercedes-Benz M Class ML 350 4Matic 2013 Gray,Foreign Used,Automatic,27300000,Mercedes-Benz,M Class,2013
Mercedes-Benz GLE-Class 2017 Black,Foreign Used,Automatic,57000000,Mercedes-Benz,GLE-Class,2017
Lexus RX 350 FWD 2017 Blue,Foreign Used,Automatic,39000000,Lexus,RX 350,2017
Mercedes-Benz GLE-Class GLE 450 4MATIC 2024 Black,Foreign Used,Automatic,103000000,Mercedes-Benz,GLE-Class GLE,2024
Ford Escape Titanium 4x4 2016 White,Foreign Used,Automatic,13450000,Ford,Escape Titanium,2016
Toyota Corolla 2015 White,Foreign Used,Automatic,14900000,Toyota,Corolla,2015
Mercedes-Benz E350 2022 Black,Foreign Used,Automatic,89000000,Mercedes-Benz,E350,2022
Ford Explorer 2012 Black,Local Used,Automatic,9900000,Ford,Explorer,2012
Volkswagen Golf 1999 Red,Foreign Used,Automatic,5580000,Volkswagen,Golf,1999
Honda Pilot EX-L 4dr SUV 4WD (3.5L 6cyl 5A) 2016 Black,Local Used,Automatic,23000000,Honda,Pilot EX-L,2016
Mercedes-Benz G-Class G 63 AMG 4MATIC 2019 Gray,Local Used,Automatic,245000000,Mercedes-Benz,G-Class G,2019
Rolls-Royce Cullinan Base 2019 Black,Foreign Used,Automatic,610000000,Rolls-Royce,Cullinan Base,2019
BMW X6 2023 Gray,Foreign Used,Automatic,150000000,BMW,X6,2023
Toyota 4-Runner SR5 4x4 2019 Silver,Foreign Used,Automatic,49000000,Toyota,4-Runner SR5,2019
Mercedes-Benz V-Class 2018 Black,Local Used,Automatic,63500000,Mercedes-Benz,V-Class,2018
Mercedes-Benz GLC-Class 2021 White,Foreign Used,Automatic,86000000,Mercedes-Benz,GLC-Class,2021
Honda CR-V 2015 Black,Local Used,Automatic,9850000,Honda,CR-V,2015
Toyota Avensis 2013 White,Foreign Used,Automatic,11000000,Toyota,Avensis,2013
Mercedes-Benz GLE-Class GLE 450 4MATIC 2021 Silver,Foreign Used,Automatic,90000000,Mercedes-Benz,GLE-Class GLE,2021
Lexus RX 350 F Sport AWD 2019 Silver,Foreign Used,Automatic,36000000,Lexus,RX 350,2019
Toyota Corolla LE 2023 Red,Brand New,Automatic,30000000,Toyota,Corolla LE,2023
Toyota Coaster 2023 White,Brand New,Manual,129000000,Toyota,Coaster,2023
Toyota RAV4 2007 Gold,Local Used,Automatic,6950000,Toyota,RAV4,2007
Honda Element 2004 Silver,Local Used,Automatic,3800000,Honda,Element,2004
Toyota Corolla 2014 Gray,Local Used,Automatic,10980000,Toyota,Corolla,2014
Mercedes-Benz GLE-Class AMG GLE 53 4MATIC 2022 Gray,Foreign Used,Automatic,189500000,Mercedes-Benz,GLE-Class AMG,2022
Honda CR-V 2004 Blue,Local Used,Automatic,2407000,Honda,CR-V,2004
Lexus LX 2025 Black,Brand New,Automatic,385000000,Lexus,LX,2025
Toyota Sienna LE 7 Passenger Mobility 2012 Red,Local Used,Automatic,10000000,Toyota,Sienna LE,2012
Peugeot 406 2005 Silver,Local Used,Manual,3400000,Peugeot,406,2005
BMW X7 2021 Black,Local Used,Automatic,65000000,BMW,X7,2021
Lexus LX 2017 Black,Local Used,Automatic,69500000,Lexus,LX,2017
Honda CR-V 2025 Gray,Foreign Used,Automatic,68500000,Honda,CR-V,2025
Mercedes-Benz E350 2011 Black,Local Used,Automatic,6900000,Mercedes-Benz,E350,2011
Lexus LX 570 2012 Black,Local Used,Automatic,35000000,Lexus,LX 570,2012
Lexus ES 350 FWD 2017 Silver,Foreign Used,Automatic,25500000,Lexus,ES 350,2017
Toyota Corolla 2007 Gray,Foreign Used,Automatic,9000000,Toyota,Corolla,2007
Mercedes-Benz C300 2015 White,Foreign Used,Automatic,17600000,Mercedes-Benz,C300,2015
Toyota Highlander XLE 2022 Red,Foreign Used,Automatic,62000000,Toyota,Highlander XLE,2022
Mercedes-Benz GLE-Class GLE 350 2020 White,Foreign Used,Automatic,69000000,Mercedes-Benz,GLE-Class GLE,2020
Hyundai Sonata 2014 White,Local Used,Automatic,5700000,Hyundai,Sonata,2014
Toyota Highlander 2012 Black,Foreign Used,Automatic,21500000,Toyota,Highlander,2012
Mercedes-Benz GLE-Class GLE 350 4MATIC 2019 Gray,Foreign Used,Automatic,55000000,Mercedes-Benz,GLE-Class GLE,2019
Toyota Corolla 2005 Red,Local Used,Automatic,4300000,Toyota,Corolla,2005
Toyota Hilux 2025 Black,Brand New,Automatic,112000000,Toyota,Hilux,2025
Honda Civic 2013 Silver,Local Used,Automatic,5950000,Honda,Civic,2013
Lexus IS 2012 Gray,Foreign Used,Automatic,13000000,Lexus,IS,2012
Mercedes-Benz AMG GT GT 63 S 4MATIC+ (4 dr) 2019 Red,Foreign Used,Automatic,208000000,Mercedes-Benz,AMG GT,2019
Mercedes-Benz GLE-Class GLE 350 4MATIC AWD 2025 White,Foreign Used,Automatic,135000000,Mercedes-Benz,GLE-Class GLE,2025
Toyota Land Cruiser Prado 2025 Gray,Foreign Used,Automatic,120000000,Toyota,Land Cruiser,2025
Mercedes-Benz GLE-Class 2025 Black,Foreign Used,Automatic,199500000,Mercedes-Benz,GLE-Class,2025
Toyota Tacoma 2025 Black,Foreign Used,Automatic,92000000,Toyota,Tacoma,2025
Lexus LX 2023 Gray,Local Used,Automatic,212000000,Lexus,LX,2023
Toyota Highlander 2016 White,Foreign Used,Automatic,26000000,Toyota,Highlander,2016
Toyota Corolla Cross 2022 White,Foreign Used,Automatic,38000000,Toyota,Corolla Cross,2022
Hyundai Elantra 2008 Silver,Local Used,Automatic,4350000,Hyundai,Elantra,2008
Toyota Highlander 2007 White,Local Used,Automatic,4950000,Toyota,Highlander,2007
Nissan Pathfinder 2006 Gray,Local Used,Automatic,4950000,Nissan,Pathfinder,2006
Lexus RX 350 2016 White,Foreign Used,Automatic,44500000,Lexus,RX 350,2016
Toyota Camry SE 2023 Black,Foreign Used,Automatic,34999999,Toyota,Camry SE,2023
Nissan NP300 2000 White,Local Used,Manual,6000000,Nissan,NP300,2000
JMC Boarding 2011 Silver,Foreign Used,Manual,19000000,JMC,Boarding,2011
Ford Escape 2014 Gray,Foreign Used,Automatic,11000000,Ford,Escape,2014
Nissan Pathfinder 2017 Blue,Foreign Used,Automatic,17500000,Nissan,Pathfinder,2017
Lexus LX 2019 Black,Local Used,Automatic,97000000,Lexus,LX,2019
Toyota Hilux 2024 White,Brand New,Automatic,63700000,Toyota,Hilux,2024
Toyota Corolla 2017 Blue,Foreign Used,Automatic,16000000,Toyota,Corolla,2017
Toyota RAV4 3.5 Sport 4x4 2011 Silver,Local Used,Automatic,8950000,Toyota,RAV4 3,2011
Jetour T2 2025 Gray,Brand New,Automatic,95000000,Jetour,T2,2025
Mercedes-Benz GLC-Class 2016 Red,Foreign Used,Automatic,36500000,Mercedes-Benz,GLC-Class,2016
Toyota Tundra Limited CrewMax 4WD SB w/6.5' Bed 2025 Black,Foreign Used,Automatic,140000000,Toyota,Tundra Limited,2025
Toyota Land Cruiser 2016 Black,Local Used,Automatic,35000000,Toyota,Land Cruiser,2016
Toyota Land Cruiser Prado 2012 Black,Local Used,Automatic,26000000,Toyota,Land Cruiser,2012
Mercedes-Benz GLE-Class 2016 Black,Foreign Used,Automatic,54000000,Mercedes-Benz,GLE-Class,2016
Toyota Highlander Platinum AWD 2023 White,Foreign Used,Automatic,77500000,Toyota,Highlander Platinum,2023
Toyota Camry LE FWD (2.5L 4cyl 8AM) 2018 White,Foreign Used,Automatic,20000000,Toyota,Camry LE,2018
Peugeot 307 2004 Red,Local Used,Automatic,2500000,Peugeot,307,2004
Honda CR-V 2006 Gold,Local Used,Automatic,2500000,Honda,CR-V,2006
Toyota Land Cruiser Prado 4.0 Petrol TX-L 2017 Green,Local Used,Automatic,49000000,Toyota,Land Cruiser,2017
Toyota Corolla S Manual 2012 Black,Local Used,Manual,4680000,Toyota,Corolla S,2012
Toyota Highlander 2002 Gray,Local Used,Automatic,5500000,Toyota,Highlander,2002
Hyundai Sonata 2019 Black,Foreign Used,Automatic,17900000,Hyundai,Sonata,2019
Honda Accord 2004 Gray,Local Used,Automatic,2980000,Honda,Accord,2004
Mercedes-Benz GLC-Class 2020 Black,Foreign Used,Automatic,57500000,Mercedes-Benz,GLC-Class,2020
Toyota Land Cruiser LC300 2024 Black,Brand New,Automatic,172500000,Toyota,Land Cruiser,2024
Toyota Corolla S Premium 4dr Sedan (1.8L 4cyl CVT) 2014 Black,Foreign Used,Automatic,12100000,Toyota,Corolla S,2014
Lexus LX 470 Sport Utility 2004 White,Foreign Used,Automatic,13900000,Lexus,LX 470,2004
Mercedes-Benz SLK-Class 2013 Silver,Foreign Used,Automatic,32000000,Mercedes-Benz,SLK-Class,2013
Ford F-150 2018 Gray,Foreign Used,Automatic,89000000,Ford,F-150,2018
Audi Q8 2022 Black,Foreign Used,Automatic,85000000,Audi,Q8,2022
BMW X7 2022 Black,Foreign Used,Automatic,165000000,BMW,X7,2022
BMW X5 M 2012 Gray,Foreign Used,Automatic,10780000,BMW,X5 M,2012
Lexus ES 350 2008 Black,Local Used,Automatic,6950000,Lexus,ES 350,2008
BMW X3 2013 Gold,Local Used,Automatic,12000000,BMW,X3,2013
Toyota Hilux 2025 White,Brand New,Automatic,129999999,Toyota,Hilux,2025
Honda Civic 2010 Red,Local Used,Automatic,4200000,Honda,Civic,2010
Toyota Camry 2003 Silver,Local Used,Automatic,3480000,Toyota,Camry,2003
Lexus ES 350 2008 Black,Local Used,Automatic,6880000,Lexus,ES 350,2008
Land Rover Lr3 2007 Black,Local Used,Automatic,6680000,Land,Rover Lr3,2007
Lamborghini Urus 2025 Black,Brand New,Automatic,1600000000,Lamborghini,Urus,2025
Mercedes-Benz GLE-Class 2020 Gray,Foreign Used,Automatic,95000000,Mercedes-Benz,GLE-Class,2020
Land Rover Range Rover Vogue 2025 Black,Brand New,Automatic,770000000,Land,Rover Range,2025
Mercedes-Benz GLC-Class GLC 300 4MATIC AWD 2025 Black,Foreign Used,Automatic,125000000,Mercedes-Benz,GLC-Class GLC,2025
Land Rover Range Rover Vogue 2023 White,Brand New,Automatic,280000000,Land,Rover Range,2023
Mercedes-Benz G-Class Base G 500 AWD 2008 Black,Local Used,Automatic,42000000,Mercedes-Benz,G-Class Base,2008
Hyundai Santa Fe 2019 White,Local Used,Automatic,23900000,Hyundai,Santa Fe,2019
Land Rover Range Rover Vogue 2023 Black,Foreign Used,Automatic,280000000,Land,Rover Range,2023
BMW X3 xDrive35i 2013 White,Foreign Used,Automatic,10800000,BMW,X3 xDrive35i,2013
BMW 6 Series 2016 Green,Foreign Used,Automatic,16740000,BMW,6 Series,2016
Mercedes-Benz M Class 2008 White,Local Used,Automatic,9720000,Mercedes-Benz,M Class,2008
Mercedes-Benz GLC-Class 2017 Gray,Foreign Used,Automatic,36200000,Mercedes-Benz,GLC-Class,2017
Toyota Venza XLE 2022 Black,Foreign Used,Automatic,44000000,Toyota,Venza XLE,2022
Lexus RX 2020 Black,Local Used,Automatic,38000000,Lexus,RX,2020
Toyota Camry 2010 Silver,Foreign Used,Automatic,9950000,Toyota,Camry,2010
Mercedes-Benz G-Class 2020 Black,Local Used,Automatic,489000000,Mercedes-Benz,G-Class,2020
Honda City 2010 Gold,Local Used,Automatic,4890000,Honda,City,2010
Toyota Hilux GR SPORT II 2026 White,Brand New,Automatic,119000000,Toyota,Hilux GR,2026
Hyundai Santa Fe 2014 Black,Foreign Used,Automatic,16500000,Hyundai,Santa Fe,2014
Land Rover Range Rover Sport HST MHEV 2019 Black,Foreign Used,Automatic,85000000,Land,Rover Range,2019
Rolls-Royce Wraith 6.6 RWD 2018 Black,Foreign Used,Automatic,320000000,Rolls-Royce,Wraith 6,2018
Pontiac Vibe 2006 Red,Foreign Used,Automatic,8800000,Pontiac,Vibe,2006
Toyota Land Cruiser 2025 Black,Brand New,Automatic,175000000,Toyota,Land Cruiser,2025
Lexus RX 350 FWD 2018 Red,Local Used,Automatic,33900000,Lexus,RX 350,2018
Honda Civic 2008 Silver,Local Used,Automatic,4500000,Honda,Civic,2008
Lexus ES 2006 Black,Local Used,Automatic,5450000,Lexus,ES,2006
Lexus LX 570 (5 seats) AWD 2020 Black,Local Used,Automatic,112000000,Lexus,LX 570,2020
Toyota Fortuner 2023 Black,Local Used,Automatic,54500000,Toyota,Fortuner,2023
Lexus RX 350 F Sport AWD 2016 Silver,Foreign Used,Automatic,49000000,Lexus,RX 350,2016
Lexus RX 350 AWD 2026 Orange,Foreign Used,Automatic,130000000,Lexus,RX 350,2026
Mercedes-Benz C300 Sport 4Matic Sedan AWD (2.0L 4cyll 7A) 2016 Black,Foreign Used,Automatic,25500000,Mercedes-Benz,C300 Sport,2016
Peugeot 607 2005 Silver,Local Used,Manual,3300000,Peugeot,607,2005
Toyota Sienna 2008 Gold,Foreign Used,Automatic,8900000,Toyota,Sienna,2008
Ford Taurus 2011 Black,Local Used,Automatic,6480000,Ford,Taurus,2011
Dodge Challenger 2014 Black,Local Used,Automatic,12500000,Dodge,Challenger,2014
Ford F-150 2021 Blue,Foreign Used,Automatic,72500000,Ford,F-150,2021
Mercedes-Benz E350 2022 Gold,Local Used,Automatic,65000000,Mercedes-Benz,E350,2022
Hyundai Elantra 2012 Gray,Foreign Used,Automatic,10700000,Hyundai,Elantra,2012
Toyota Land Cruiser 2020 Black,Local Used,Automatic,68500000,Toyota,Land Cruiser,2020
Mercedes-Benz GLS-Class GLS 450 4MATIC 2020 Gray,Foreign Used,Automatic,115000000,Mercedes-Benz,GLS-Class GLS,2020
Mercedes-Benz GLA 250 2015 Blue,Foreign Used,Automatic,26000000,Mercedes-Benz,GLA 250,2015
Toyota Hilux 2025 Black,Brand New,Automatic,133000000,Toyota,Hilux,2025
Mercedes-Benz GLE-Class GLE 350d 4MATIC 2016 Red,Foreign Used,Automatic,42000000,Mercedes-Benz,GLE-Class GLE,2016
Lexus RX 350 2015 Maroon,Foreign Used,Automatic,26000000,Lexus,RX 350,2015
Mercedes-Benz GLE-Class GLE 350 2016 Black,Foreign Used,Automatic,29000000,Mercedes-Benz,GLE-Class GLE,2016
Lexus ES 330 2006 Blue,Local Used,Automatic,6480000,Lexus,ES 330,2006
Toyota Solara 2005 Gold,Local Used,Automatic,2950000,Toyota,Solara,2005
Toyota Tacoma TRD Sport 2017 Gray,Foreign Used,Automatic,39000000,Toyota,Tacoma TRD,2017
Hyundai Sonata 2011 Silver,Local Used,Automatic,7850000,Hyundai,Sonata,2011
Land Rover Range Rover 2025 Black,Brand New,Automatic,495000000,Land,Rover Range,2025
Toyota Venza V6 AWD 2010 White,Foreign Used,Automatic,14800000,Toyota,Venza V6,2010
Toyota Camry 2012 Black,Foreign Used,Automatic,11300000,Toyota,Camry,2012
Toyota Venza Limited 2016 Black,Foreign Used,Automatic,21500000,Toyota,Venza Limited,2016
Toyota RAV4 Automatic 2003 Red,Local Used,Automatic,5000000,Toyota,RAV4 Automatic,2003
Toyota Camry 2026 Black,Brand New,Automatic,83000000,Toyota,Camry,2026
Lexus IS 2008 Silver,Local Used,Automatic,10125000,Lexus,IS,2008
Toyota RAV4 2007 Red,Local Used,Automatic,5280000,Toyota,RAV4,2007
Toyota Land Cruiser Prado 2010 Black,Local Used,Automatic,26950000,Toyota,Land Cruiser,2010
Toyota Land Cruiser 2018 Black,Local Used,Automatic,69500000,Toyota,Land Cruiser,2018
Honda Ridgeline 2008 Black,Local Used,Automatic,6750000,Honda,Ridgeline,2008
Lexus RX 350 2007 White,Local Used,Automatic,6550000,Lexus,RX 350,2007
Hyundai Tucson 2017 Gray,Foreign Used,Automatic,16000000,Hyundai,Tucson,2017
Toyota Camry SE V6 4dr Sedan (3.5L 6cyl 6A) 2013 Red,Local Used,Automatic,11500000,Toyota,Camry SE,2013
Toyota Avalon 2014 Black,Foreign Used,Automatic,20500000,Toyota,Avalon,2014
Lexus RX 1998 Silver,Local Used,Automatic,3500000,Lexus,RX,1998
Lexus RX 350 F Sport AWD 2016 Black,Foreign Used,Automatic,49999999,Lexus,RX 350,2016
Lexus ES 350 FWD 2013 White,Local Used,Automatic,7200000,Lexus,ES 350,2013
Mercedes-Benz C43 2018 Blue,Foreign Used,Automatic,42000000,Mercedes-Benz,C43,2018
Mercedes-Benz G-Class G63 AMG Brabus G700 2024 Gray,Foreign Used,Automatic,650000000,Mercedes-Benz,G-Class G63,2024
Toyota Highlander Sport 4x4 2009 Black,Foreign Used,Automatic,17000000,Toyota,Highlander Sport,2009
Lexus RX 350 AWD 2016 Black,Foreign Used,Automatic,44500000,Lexus,RX 350,2016
Toyota Land Cruiser Prado 2023 Black,Local Used,Automatic,78000000,Toyota,Land Cruiser,2023
Mercedes-Benz M Class ML350 4MATIC 4dr SUV AWD (3.5L 6cyl 7A) 2015 Gray,Foreign Used,Automatic,20000000,Mercedes-Benz,M Class,2015
Mercedes-Benz GLK-Class 350 2010 White,Foreign Used,Automatic,16500000,Mercedes-Benz,GLK-Class 350,2010
Mercedes-Benz GLE-Class GLE 450 4MATIC 2020 Green,Foreign Used,Automatic,90000000,Mercedes-Benz,GLE-Class GLE,2020
Volvo 244 1980 Burgundy,Local Used,Automatic,4000000,Volvo,244,1980
Honda CR-V 2020 Silver,Foreign Used,Automatic,39000000,Honda,CR-V,2020
Hyundai Sonata 2010 Silver,Local Used,Automatic,5880000,Hyundai,Sonata,2010
Mercedes-Benz Vaneo 2005 Blue,Foreign Used,Manual,4600000,Mercedes-Benz,Vaneo,2005
Mercedes-Benz S-Class S 580 4MATIC 2021 Black,Foreign Used,Automatic,132000000,Mercedes-Benz,S-Class S,2021
Mercedes-Benz G-Class 2025 Black,Brand New,Automatic,545000000,Mercedes-Benz,G-Class,2025
Mercedes-Benz GLE-Class GLE 450 4MATIC 2020 White,Foreign Used,Automatic,87000000,Mercedes-Benz,GLE-Class GLE,2020
Toyota Hilux 2022 Black,Local Used,Automatic,68000000,Toyota,Hilux,2022
Toyota Land Cruiser 2026 Black,Brand New,Automatic,208000000,Toyota,Land Cruiser,2026
Lexus GX 2017 White,Foreign Used,Automatic,40000000,Lexus,GX,2017
Mercedes-Benz GLE-Class GLE 450 4MATIC 2022 White,Foreign Used,Automatic,105000000,Mercedes-Benz,GLE-Class GLE,2022
Mercedes-Benz M Class ML63 AMG 4dr SUV AWD (5.5L 8cyl Turbo 7A) 2014,Foreign Used,Automatic,39500000,Mercedes-Benz,M Class,2014
Hyundai Santa Fe Sport 2013 Silver,Foreign Used,Automatic,14000000,Hyundai,Santa Fe,2013
Toyota Highlander XLE V6 4x4 (3.5L 6cyl 6A) 2016 White,Foreign Used,Automatic,28500000,Toyota,Highlander XLE,2016
Toyota Camry 2011 White,Foreign Used,Automatic,11500000,Toyota,Camry,2011
Changan UNI-K 2.0 Petrol AWD 2022 Black,Foreign Used,Automatic,36000000,Changan,UNI-K 2,2022
Mercedes-Benz GLC-Class 2020 Black,Foreign Used,Automatic,79000000,Mercedes-Benz,GLC-Class,2020
Mercedes-Benz GLE-Class GLE 400 4MATIC 2019 Black,Foreign Used,Automatic,46000000,Mercedes-Benz,GLE-Class GLE,2019
Toyota Camry SE 4dr Sedan (2.5L 4cyl 6A) 2012 Silver,Foreign Used,Automatic,11500000,Toyota,Camry SE,2012
Mitsubishi Spacestar 2001 Blue,Local Used,Manual,1950000,Mitsubishi,Spacestar,2001
Toyota Hilux 2024 White,Brand New,Manual,53500000,Toyota,Hilux,2024
Toyota Camry 2007 Blue,Local Used,Automatic,4400000,Toyota,Camry,2007
Toyota Avensis 2014 Blue,Local Used,Automatic,5700000,Toyota,Avensis,2014
Mercedes-Benz C300 Sport 4Matic Sedan AWD (3.0L 6cyl 7A) 2010 White,Foreign Used,Automatic,12500000,Mercedes-Benz,C300 Sport,2010
Honda HR-V 2025 Black,Brand New,Automatic,60000000,Honda,HR-V,2025
Mercedes-Benz AMG GT 2022 Silver,Foreign Used,Automatic,155000000,Mercedes-Benz,AMG GT,2022
Mercedes-Benz SLK-Class 2013 Black,Foreign Used,Automatic,35000000,Mercedes-Benz,SLK-Class,2013
Lexus LX 570 (5 seats) AWD 2021 Black,Foreign Used,Automatic,157000000,Lexus,LX 570,2021
Mercedes-Benz E350 2021 Silver,Foreign Used,Automatic,86000000,Mercedes-Benz,E350,2021
Mercedes-Benz GLA 250 2015 White,Foreign Used,Automatic,24500000,Mercedes-Benz,GLA 250,2015
Toyota Corolla 2016 Black,Foreign Used,Automatic,12200000,Toyota,Corolla,2016
Lexus IS 2010 Black,Foreign Used,Automatic,9500000,Lexus,IS,2010
Hyundai Elantra 2019 Blue,Foreign Used,Automatic,14300000,Hyundai,Elantra,2019
Toyota Highlander 2017 Gray,Foreign Used,Automatic,26500000,Toyota,Highlander,2017
Toyota Camry 2009 Blue,Foreign Used,Automatic,8200000,Toyota,Camry,2009
Toyota Tacoma 2025 Black,Foreign Used,Automatic,87000000,Toyota,Tacoma,2025
Toyota Highlander 2009 Gold,Foreign Used,Automatic,11500000,Toyota,Highlander,2009
Toyota Corolla 2011 Silver,Foreign Used,Automatic,11200000,Toyota,Corolla,2011
Geely SC7 2024 White,Brand New,Automatic,56000000,Geely,SC7,2024
Toyota Hilux 2023 Black,Foreign Used,Automatic,85000000,Toyota,Hilux,2023
Toyota Tacoma TRD Off Road 2018 Black,Foreign Used,Automatic,39000000,Toyota,Tacoma TRD,2018
Chevrolet Silverado 2006 Silver,Local Used,Automatic,4950000,Chevrolet,Silverado,2006
Nissan Almera Tino 2004 Silver,Foreign Used,Manual,4980000,Nissan,Almera Tino,2004
Toyota Land Cruiser 2026 Black,Brand New,Automatic,235000000,Toyota,Land Cruiser,2026
Toyota Sienna 2005 Blue,Local Used,Automatic,4900000,Toyota,Sienna,2005
Honda Accord 2005 Silver,Local Used,Automatic,2700000,Honda,Accord,2005
Volkswagen Golf 1999 Black,Local Used,Manual,2950000,Volkswagen,Golf,1999
Mercedes-Benz GLS-Class GLS450 4Matic 2017 Blue,Foreign Used,Automatic,39500000,Mercedes-Benz,GLS-Class GLS450,2017
Toyota Camry SE 4dr Sedan (2.5L 4cyl 6A) 2013 White,Foreign Used,Automatic,13000000,Toyota,Camry SE,2013
Toyota Hilux 2020 White,Foreign Used,Automatic,69500000,Toyota,Hilux,2020
Honda Accord 2014 Gray,Local Used,Automatic,7905000,Honda,Accord,2014
Lexus RX 350 4WD 2021 Gray,Foreign Used,Automatic,47000000,Lexus,RX 350,2021
Lexus RX 350 2018 Red,Foreign Used,Automatic,42000000,Lexus,RX 350,2018
Lexus NX 2016,Foreign Used,Automatic,31000000,Lexus,NX,2016
Pontiac Vibe 2009 Silver,Local Used,Automatic,6180000,Pontiac,Vibe,2009
Mercedes-Benz M Class ML 350 4Matic 2008 White,Local Used,Automatic,7900000,Mercedes-Benz,M Class,2008
Mercedes-Benz C43 2019 White,Foreign Used,Automatic,57000000,Mercedes-Benz,C43,2019
Mercedes-Benz GLC-Class 2025 Black,Brand New,Automatic,189000000,Mercedes-Benz,GLC-Class,2025
Honda Accord 2019 Black,Foreign Used,Automatic,21500000,Honda,Accord,2019
Toyota Camry XSE (2.5L 4cyl 8A) 2019 Burgundy,Foreign Used,Automatic,29500000,Toyota,Camry XSE,2019
Toyota Land Cruiser 2023 Black,Foreign Used,Automatic,133000000,Toyota,Land Cruiser,2023
Toyota Hilux 2015 Blue,Local Used,Automatic,38500000,Toyota,Hilux,2015
Mercedes-Benz GLE-Class 2016 White,Local Used,Automatic,32500000,Mercedes-Benz,GLE-Class,2016
Toyota Yaris 1.5 Sedan L 2020 Red,Foreign Used,Automatic,18500000,Toyota,Yaris 1,2020
Toyota Sequoia 2025 Black,Foreign Used,Automatic,225000000,Toyota,Sequoia,2025
Toyota Land Cruiser 2012 Black,Local Used,Automatic,31000000,Toyota,Land Cruiser,2012
Lexus RX 350 2011 Gray,Foreign Used,Automatic,21500000,Lexus,RX 350,2011
Toyota Highlander XLE 2021 Gray,Foreign Used,Automatic,59500000,Toyota,Highlander XLE,2021
Ford Explorer 2014 Black,Foreign Used,Automatic,13850000,Ford,Explorer,2014
Lexus RX 2005 Gold,Local Used,Automatic,5980000,Lexus,RX,2005
Peugeot 206 2004 Silver,Local Used,Automatic,2900000,Peugeot,206,2004
Hyundai Elantra 2014 Silver,Local Used,Automatic,8300000,Hyundai,Elantra,2014
GMC Sierra 2014 Black,Foreign Used,Automatic,32000000,GMC,Sierra,2014
Mercedes-Benz GLE-Class GLE 450 4MATIC 2020 Silver,Foreign Used,Automatic,75000000,Mercedes-Benz,GLE-Class GLE,2020
Mercedes-Benz GLE-Class GLE 450 4MATIC 2020 Gray,Foreign Used,Automatic,86000000,Mercedes-Benz,GLE-Class GLE,2020
Toyota Venza 2024 White,Foreign Used,Automatic,49500000,Toyota,Venza,2024
Toyota Tundra 1794 2022 White,Foreign Used,Automatic,110000000,Toyota,Tundra 1794,2022
Nissan Juke 1.0 Petrol FWD 2019 Gray,Foreign Used,Automatic,17000000,Nissan,Juke 1,2019
Mazda CX-5 2019 Red,Foreign Used,Automatic,36500000,Mazda,CX-5,2019
Lexus RX 350 2023 Black,Foreign Used,Automatic,106500000,Lexus,RX 350,2023
Toyota Sienna 2006 Blue,Local Used,Automatic,6150000,Toyota,Sienna,2006
Toyota Corolla 2016 Blue,Foreign Used,Automatic,14750000,Toyota,Corolla,2016
Hyundai Sonata 2020 Blue,Foreign Used,Automatic,26500000,Hyundai,Sonata,2020
Toyota Corolla 2026 White,Brand New,Automatic,48800000,Toyota,Corolla,2026
Toyota HiAce 2021 White,Foreign Used,Automatic,72000000,Toyota,HiAce,2021
Lexus RX 350 F Sport AWD 2015 Black,Local Used,Automatic,26500000,Lexus,RX 350,2015
Toyota Hilux Revo Double Cab Petrol 2.7 AWD 2020 White,Foreign Used,Automatic,68000000,Toyota,Hilux Revo,2020
Toyota Camry LE 2022 Gray,Foreign Used,Automatic,30000000,Toyota,Camry LE,2022
Hyundai Santa Fe 2014 Blue,Foreign Used,Automatic,14450000,Hyundai,Santa Fe,2014
Toyota Camry 2003 Gray,Local Used,Automatic,2990000,Toyota,Camry,2003
Toyota Hilux 2024 Black,Local Used,Automatic,289000000,Toyota,Hilux,2024
Mitsubishi Outlander 2.4 2003 White,Local Used,Automatic,3500000,Mitsubishi,Outlander 2,2003
Honda Pilot 2016 Black,Local Used,Automatic,12000000,Honda,Pilot,2016
Toyota Land Cruiser 4.0 V6 GXR 2018 Gray,Foreign Used,Automatic,75000000,Toyota,Land Cruiser,2018
Toyota Tundra Platinum CrewMax 6.5' Bed 2024 White,Foreign Used,Automatic,150000000,Toyota,Tundra Platinum,2024
Lexus RX 350 AWD 2023 Silver,Foreign Used,Automatic,126000000,Lexus,RX 350,2023
Lamborghini Urus Base 2019 Black,Foreign Used,Automatic,280000000,Lamborghini,Urus Base,2019
Mercedes-Benz GLE-Class 2018 Black,Foreign Used,Automatic,46500000,Mercedes-Benz,GLE-Class,2018
Ford Mustang 2022 Red,Local Used,Automatic,35000000,Ford,Mustang,2022
Lexus LX 470 AWD 2002 Black,Local Used,Automatic,7850000,Lexus,LX 470,2002
Lexus IS 2017 Black,Foreign Used,Automatic,19500000,Lexus,IS,2017
Honda Accord 2014 Gold,Local Used,Automatic,9650000,Honda,Accord,2014
Toyota RAV4 Limited 4dr SUV (2.5L 4cyl 6A) 2015 Orange,Foreign Used,Automatic,24800000,Toyota,RAV4 Limited,2015
Hyundai Sonata SE Sedan FWD (2.4L 4cyl 6A) 2013 Blue,Foreign Used,Automatic,11000000,Hyundai,Sonata SE,2013
Mercedes-Benz C300 Luxury 4dr AWD 4Matic Sedan (2.0L 4cyl 7A) 2015,Foreign Used,Automatic,24500000,Mercedes-Benz,C300 Luxury,2015
Toyota Highlander Limited 4x4 V6 (3.5L 6cyl 8A) 2017 Black,Foreign Used,Automatic,35000000,Toyota,Highlander Limited,2017
Mercedes-Benz GLE-Class AMG GLE 43 4MATIC 2017 White,Foreign Used,Automatic,66000000,Mercedes-Benz,GLE-Class AMG,2017
Honda Civic DX 2dr Coupe 2000 Silver,Local Used,Automatic,2200000,Honda,Civic DX,2000
Lexus LX 2025 Gray,Brand New,Automatic,345000000,Lexus,LX,2025
Nissan Rogue S 2008 Silver,Local Used,Automatic,5950000,Nissan,Rogue S,2008
Toyota Camry 2014 Red,Foreign Used,Automatic,13950000,Toyota,Camry,2014
Toyota Yaris 2007 Black,Local Used,Automatic,3990000,Toyota,Yaris,2007
Toyota Land Cruiser Prado 2.4 Petrol 2024 Black,Brand New,Automatic,150000000,Toyota,Land Cruiser,2024
Lexus GX 2024 Gray,Foreign Used,Automatic,211000000,Lexus,GX,2024
Mercedes-Benz G-Class 2025 Silver,Brand New,Automatic,590000000,Mercedes-Benz,G-Class,2025
Hyundai Sonata 2015 Blue,Foreign Used,Automatic,13500000,Hyundai,Sonata,2015
Ford Explorer Limited 4dr 4x4 (3.5L 6cyl 6A) 2012 Gray,Local Used,Automatic,4620000,Ford,Explorer Limited,2012
Mercedes-Benz G-Class Base G 63 AMG AWD 2013 Black,Local Used,Automatic,61000000,Mercedes-Benz,G-Class Base,2013
Toyota Land Cruiser Prado 2019 Black,Local Used,Automatic,58500000,Toyota,Land Cruiser,2019
Mercedes-Benz C300 Luxury 4dr AWD 4Matic Sedan (2.0L 4cyl 7A) 2015,Foreign Used,Automatic,21000000,Mercedes-Benz,C300 Luxury,2015
Toyota Hilux 2020 Black,Foreign Used,Automatic,67000000,Toyota,Hilux,2020
Lexus RX 350 RX 350 Luxury AWD 2025 Black,Brand New,Automatic,159000000,Lexus,RX 350,2025
Toyota Highlander XLE 4x4 V6 (3.5L 6cyl 8A) 2018 Red,Foreign Used,Automatic,33000000,Toyota,Highlander XLE,2018
Toyota Camry 2018 Red,Foreign Used,Automatic,36500000,Toyota,Camry,2018
Toyota Corolla 2000 Blue,Local Used,Automatic,2580000,Toyota,Corolla,2000
Toyota Hilux 2006 White,Local Used,Manual,7900000,Toyota,Hilux,2006
Land Rover Range Rover Vogue 2025 White,Brand New,Automatic,480000000,Land,Rover Range,2025
Toyota Avensis 2003 Gray,Local Used,Automatic,3950000,Toyota,Avensis,2003
Lexus RX 2012 White,Foreign Used,Automatic,24679687,Lexus,RX,2012
Lexus RX 2001 Silver,Local Used,Automatic,5062500,Lexus,RX,2001
BMW X6 2016 White,Foreign Used,Automatic,75937500,BMW,X6,2016
Acura MDX 2005 Red,Local Used,Automatic,3796875,Acura,MDX,2005
Toyota Corolla 2010 Gray,Local Used,Automatic,8859375,Toyota,Corolla,2010
Toyota Coaster 2001 Beige,Foreign Used,Manual,88593750,Toyota,Coaster,2001
Lexus GX 2015 Black,Local Used,Automatic,36703125,Lexus,GX,2015
Lexus GX 550 Luxury 4WD 2025 Gray,Brand New,Automatic,230000000,Lexus,GX 550,2025
Lexus LX 570 (5 seats) AWD 2017 Gray,Foreign Used,Automatic,93000000,Lexus,LX 570,2017
Mercedes-Benz GLC-Class 2025 Black,Foreign Used,Automatic,197000000,Mercedes-Benz,GLC-Class,2025
Mercedes-Benz G-Class G 63 AMG 4MATIC 2019 Black,Foreign Used,Automatic,239000000,Mercedes-Benz,G-Class G,2019
Mercedes-Benz GLC-Class 2024 Black,Foreign Used,Automatic,142000000,Mercedes-Benz,GLC-Class,2024
Rover Land 2018 Blue,Local Used,Automatic,31640625,Rover,Land,2018
Mercedes-Benz GLC-Class 2017 Black,Foreign Used,Automatic,40000000,Mercedes-Benz,GLC-Class,2017
BMW F-Series 2016 Green,Foreign Used,Automatic,16740000,BMW,F-Series,2016
Toyota Tacoma 2013 Black,Local Used,Automatic,15400000,Toyota,Tacoma,2013
Hyundai Sonata 2016 Blue,Local Used,Automatic,9950000,Hyundai,Sonata,2016
Mercedes-Benz G-Class 2008 Yellow,Local Used,Automatic,35000000,Mercedes-Benz,G-Class,2008
Ford Edge 2012 Black,Foreign Used,Automatic,6950000,Ford,Edge,2012
Lexus IS 200t 2016 White,Local Used,Automatic,13000000,Lexus,IS 200t,2016
Mercedes-Benz GLE-Class GLE 350 2016 White,Foreign Used,Automatic,33000000,Mercedes-Benz,GLE-Class GLE,2016
Toyota Camry XSE V6 FWD (3.5L 6cyl 8AM) 2018 White,Foreign Used,Automatic,32000000,Toyota,Camry XSE,2018
Lexus RX 350 2022 White,Foreign Used,Automatic,68000000,Lexus,RX 350,2022
Toyota Camry SE FWD (2.5L 4cyl 8AM) 2018 Gray,Foreign Used,Automatic,24500000,Toyota,Camry SE,2018
Mitsubishi Outlander 2014 Black,Local Used,Automatic,6950000,Mitsubishi,Outlander,2014
Lexus LX 600 2025 Black,Brand New,Automatic,540000000,Lexus,LX 600,2025
Mercedes-Benz E350 2014 White,Foreign Used,Automatic,21900000,Mercedes-Benz,E350,2014
Toyota Camry 2005 Gray,Local Used,Automatic,3700000,Toyota,Camry,2005
Honda CR-V 2018 Black,Foreign Used,Automatic,23800000,Honda,CR-V,2018
Toyota Land Cruiser 4.6 V8 VX-R 2014 Black,Local Used,Automatic,50000000,Toyota,Land Cruiser,2014
Mercedes-Benz SL-Class AMG SL 63 AWD 2024 Blue,Brand New,Automatic,460000000,Mercedes-Benz,SL-Class AMG,2024
Land Rover Range Rover Sport HSE Dynamic 4x4 2020 Gray,Foreign Used,Automatic,45000000,Land,Rover Range,2020
Toyota Land Cruiser Prado 2014 Gray,Local Used,Automatic,35900000,Toyota,Land Cruiser,2014
Toyota Camry 2019,Foreign Used,Automatic,20500000,Toyota,Camry,2019
Toyota Highlander 2010 Blue,Local Used,Automatic,9450000,Toyota,Highlander,2010
BMW 328i 2013 White,Foreign Used,Automatic,14800000,BMW,328i,2013
Toyota Sienna 2007 Gold,Local Used,Automatic,6900000,Toyota,Sienna,2007
Toyota Land Cruiser 2013 Black,Local Used,Automatic,47000000,Toyota,Land Cruiser,2013
Toyota Land Cruiser Prado 2022 Black,Local Used,Automatic,16000000,Toyota,Land Cruiser,2022
Hyundai Sonata 2013 Gray,Foreign Used,Automatic,10700000,Hyundai,Sonata,2013
BMW 535i 2013 Blue,Foreign Used,Automatic,20500000,BMW,535i,2013
Mercedes-Benz M Class 2012 Black,Local Used,Automatic,13200000,Mercedes-Benz,M Class,2012
BMW X5 xDrive35i Sport Activity AWD (3.0L 6cyl 8A) 2013 Gold,Foreign Used,Automatic,16740000,BMW,X5 xDrive35i,2013
Toyota Yaris 2010 Black,Local Used,Automatic,5450000,Toyota,Yaris,2010
Toyota Highlander 2009 Silver,Local Used,Automatic,9750000,Toyota,Highlander,2009
Mercedes-Benz E350 2012 Blue,Local Used,Automatic,9450000,Mercedes-Benz,E350,2012
Toyota Corolla 2010 Gray,Local Used,Automatic,6650000,Toyota,Corolla,2010
Toyota Sienna 2007 Gold,Local Used,Automatic,6650000,Toyota,Sienna,2007
Toyota Camry STD 4dr Sedan (2.4L 4cyl 5M) 2004 Blue,Local Used,Automatic,4500000,Toyota,Camry STD,2004
Toyota Camry 2014 Black,Local Used,Automatic,10500000,Toyota,Camry,2014
Mercedes-Benz GLA 250 2015 Gray,Foreign Used,Automatic,20000000,Mercedes-Benz,GLA 250,2015
Toyota RAV4 2014 Black,Local Used,Automatic,13500000,Toyota,RAV4,2014
Toyota Sienna 2004 Gold,Local Used,Automatic,5680000,Toyota,Sienna,2004
Toyota Hilux 2024 Black,Brand New,Automatic,64500000,Toyota,Hilux,2024
Toyota RAV4 2020 Black,Foreign Used,Automatic,35000000,Toyota,RAV4,2020
Honda Accord 2013 Black,Local Used,Automatic,8700000,Honda,Accord,2013
Toyota Land Cruiser Prado 2014 Black,Local Used,Automatic,25000000,Toyota,Land Cruiser,2014
Toyota Camry XLE 4dr Sedan (2.5L 4cyl 6A) 2013 Gray,Foreign Used,Automatic,14000000,Toyota,Camry XLE,2013
Toyota Land Cruiser Prado 2016 Black,Local Used,Automatic,32000000,Toyota,Land Cruiser,2016
Toyota Corolla 2019 Red,Foreign Used,Automatic,15900000,Toyota,Corolla,2019
Mercedes-Benz GLC-Class 2024 Silver,Foreign Used,Automatic,187000000,Mercedes-Benz,GLC-Class,2024
Nissan Armada LE 2008 Black,Foreign Used,Automatic,10000000,Nissan,Armada LE,2008
Infiniti QX60 PURE AWD 2023 Gray,Local Used,Automatic,168000000,Infiniti,QX60 PURE,2023
Toyota Highlander XSE AWD 2023 Black,Foreign Used,Automatic,68500000,Toyota,Highlander XSE,2023
Toyota Hilux 2015 White,Local Used,Manual,19500000,Toyota,Hilux,2015
Toyota Fortuner 2019 Black,Local Used,Automatic,52000000,Toyota,Fortuner,2019
Toyota Land Cruiser 2026 White,Brand New,Manual,124000000,Toyota,Land Cruiser,2026
Mercedes-Benz GLC-Class 2016 Gray,Foreign Used,Automatic,26500000,Mercedes-Benz,GLC-Class,2016
Lexus RX 350 2016 Black,Foreign Used,Automatic,44200000,Lexus,RX 350,2016
Toyota Camry SE 4dr Sedan (2.5L 4cyl 6A) 2016 Black,Foreign Used,Automatic,14500000,Toyota,Camry SE,2016
Mercedes-Benz GLC-Class 2016 Silver,Foreign Used,Automatic,29500000,Mercedes-Benz,GLC-Class,2016
Hyundai Sonata 2021 Red,Foreign Used,Automatic,28000000,Hyundai,Sonata,2021
Toyota Camry 2009 Gray,Local Used,Automatic,5480000,Toyota,Camry,2009
Toyota Land Cruiser 1958 2025 Black,Brand New,Automatic,185000000,Toyota,Land Cruiser,1958
Volkswagen Polo 1.2 2005 Black,Local Used,Manual,3880000,Volkswagen,Polo 1,2005
Peugeot 406 2.0 2008 Blue,Local Used,Manual,2900000,Peugeot,406 2,2008
Honda Accord 1999 Gold,Local Used,Automatic,1990000,Honda,Accord,1999
Volkswagen Jetta 2005 Silver,Local Used,Automatic,2400000,Volkswagen,Jetta,2005
Toyota Camry 2010 White,Local Used,Automatic,4631400,Toyota,Camry,2010
Mercedes-Benz G-Class 2025 Black,Brand New,Automatic,565000000,Mercedes-Benz,G-Class,2025
Mercedes-Benz GLE-Class AMG GLE 63 S 4MATIC 2024 Silver,Foreign Used,Automatic,335000000,Mercedes-Benz,GLE-Class AMG,2024
Mercedes-Benz C43 4Matic Cabriolet AWD (3.0L V6 9AM) 2017 White,Foreign Used,Automatic,55000000,Mercedes-Benz,C43 4Matic,2017
Audi Q7 2007 White,Local Used,Automatic,6250000,Audi,Q7,2007
Toyota Land Cruiser 2013 Black,Local Used,Automatic,34000000,Toyota,Land Cruiser,2013
Honda Civic 2014 Gray,Local Used,Automatic,7850000,Honda,Civic,2014
Mercedes-Benz GLB-Class GLB 250 4MATIC 2020 Silver,Local Used,Automatic,45000000,Mercedes-Benz,GLB-Class GLB,2020
Mercedes-Benz GLE-Class AMG GLE 53 4MATIC 2022 Black,Foreign Used,Automatic,125000000,Mercedes-Benz,GLE-Class AMG,2022
Lexus RX 350 AWD 2017 White,Foreign Used,Automatic,39000000,Lexus,RX 350,2017
Jeep Wrangler 2014 Gray,Local Used,Automatic,14500000,Jeep,Wrangler,2014
Toyota Land Cruiser Prado 4.0 2023 Black,Local Used,Automatic,55500000,Toyota,Land Cruiser,2023
Land Rover Range Rover 2023 Black,Local Used,Automatic,340000000,Land,Rover Range,2023
Rover Land 2008,Local Used,Automatic,7900000,Rover,Land,2008
Toyota Avensis 2001 Blue,Local Used,Automatic,3990000,Toyota,Avensis,2001
Mercedes-Benz GLE-Class GLE 350 2017 White,Foreign Used,Automatic,31000000,Mercedes-Benz,GLE-Class GLE,2017
Toyota Camry LE 2025 Black,Brand New,Automatic,107000000,Toyota,Camry LE,2025
BMW 7 Series 760i xDrive AWD 2023 Silver,Foreign Used,Automatic,270000000,BMW,7 Series,2023
Ford Edge 2021 Black,Foreign Used,Automatic,29000000,Ford,Edge,2021
Mercedes-Benz GLC-Class 2018 Black,Foreign Used,Automatic,43000000,Mercedes-Benz,GLC-Class,2018
Lexus LX LX 700h 2025 Black,Brand New,Automatic,365000000,Lexus,LX LX,2025
Mercedes-Benz E400 2018 White,Foreign Used,Automatic,50000000,Mercedes-Benz,E400,2018
Toyota Camry 2020 Blue,Local Used,Automatic,18800000,Toyota,Camry,2020
Toyota Tacoma 2023 Silver,Foreign Used,Automatic,55000000,Toyota,Tacoma,2023
Hyundai Santa Fe 2010 Blue,Local Used,Automatic,6750000,Hyundai,Santa Fe,2010
Toyota Camry 2018 Black,Local Used,Automatic,18000000,Toyota,Camry,2018
Mercedes-Benz GLE-Class GLE 350 2016 Black,Foreign Used,Automatic,36000000,Mercedes-Benz,GLE-Class GLE,2016
Mercedes-Benz GLE-Class GLE 450 4MATIC 2021 Blue,Foreign Used,Automatic,87000000,Mercedes-Benz,GLE-Class GLE,2021
Mercedes-Benz C400 4Matic AWD Sedan (3.0L V6 7A) 2015 Silver,Foreign Used,Automatic,29500000,Mercedes-Benz,C400 4Matic,2015
Land Rover Range Rover Velar P340 SE R-Dynamic 4x4 2019 Gold,Foreign Used,Automatic,55000000,Land,Rover Range,2019
Toyota Hilux 2025 White,Brand New,Manual,55000000,Toyota,Hilux,2025
Nissan Vanette 2008 White,Foreign Used,Automatic,4000000,Nissan,Vanette,2008
Lexus RX 2012 Gray,Local Used,Automatic,15000000,Lexus,RX,2012
JMC Boarding 2011 Silver,Foreign Used,Manual,17000000,JMC,Boarding,2011
Hyundai Palisade 2021 White,Foreign Used,Automatic,64000000,Hyundai,Palisade,2021
Honda Pilot 2011 Gray,Foreign Used,Automatic,10200000,Honda,Pilot,2011
Mercedes-Benz G-Class G 63 AMG 2021 Black,Foreign Used,Automatic,290000000,Mercedes-Benz,G-Class G,2021
Land Rover Range Rover Vogue 2020 Gray,Local Used,Automatic,46500000,Land,Rover Range,2020
Lexus ES 2007 Silver,Local Used,Automatic,9492187,Lexus,ES,2007
Toyota Highlander 2012 Green,Local Used,Automatic,23414062,Toyota,Highlander,2012
Hyundai Elantra SE 4dr Sedan (1.8L 4cyl 6A) 2014 Black,Foreign Used,Automatic,12300000,Hyundai,Elantra SE,2014
Lexus TX TX 350 AWD 2024 Black,Foreign Used,Automatic,155000000,Lexus,TX TX,2024
Mercedes-Benz GLE-Class AMG GLE 43 4MATIC 2018 Gray,Foreign Used,Automatic,76000000,Mercedes-Benz,GLE-Class AMG,2018
Toyota Avalon 2019 Black,Foreign Used,Automatic,46828125,Toyota,Avalon,2019
Mercedes-Benz M Class ML 350 4Matic 2013 Black,Foreign Used,Automatic,23500000,Mercedes-Benz,M Class,2013
Toyota Camry 2010 Black,Local Used,Automatic,4480000,Toyota,Camry,2010
Hyundai Sonata 2012 Gray,Foreign Used,Automatic,10800000,Hyundai,Sonata,2012
Toyota Fortuner 2025 Black,Brand New,Automatic,94000000,Toyota,Fortuner,2025
Honda Accord 2004 Silver,Local Used,Automatic,3480000,Honda,Accord,2004
Volkswagen Golf 2003 Silver,Local Used,Manual,1980000,Volkswagen,Golf,2003
Toyota Hilux 2024 Black,Foreign Used,Automatic,84000000,Toyota,Hilux,2024
Mercedes-Benz E300 2017 Black,Local Used,Automatic,22000008,Mercedes-Benz,E300,2017
Toyota Tundra 2025 Black,Foreign Used,Automatic,97500000,Toyota,Tundra,2025
Toyota Camry 2025 Gray,Foreign Used,Automatic,68000000,Toyota,Camry,2025
Toyota Hilux 2019,Local Used,Automatic,47500000,Toyota,Hilux,2019
Toyota Camry 2008 Silver,Local Used,Automatic,5850000,Toyota,Camry,2008
Toyota Sequoia 2006 Silver,Local Used,Automatic,6000000,Toyota,Sequoia,2006
Land Rover Range Rover Sport 2023 Gray,Foreign Used,Automatic,189843750,Land,Rover Range,2023
Toyota Camry 2007 Green,Local Used,Automatic,5500000,Toyota,Camry,2007
Toyota Highlander Limited V6 4x2 (3.5L 6cyl 6A) 2016 White,Foreign Used,Automatic,24000000,Toyota,Highlander Limited,2016
Toyota Tundra 2012 Black,Local Used,Automatic,36000000,Toyota,Tundra,2012
Mercedes-Benz GLE-Class AMG GLE 43 4MATIC 2019 White,Foreign Used,Automatic,68000000,Mercedes-Benz,GLE-Class AMG,2019
Mercedes-Benz GLE-Class GLE 350 2017 Red,Foreign Used,Automatic,40000000,Mercedes-Benz,GLE-Class GLE,2017
Lexus RX 350 2010 White,Foreign Used,Automatic,19500000,Lexus,RX 350,2010
Toyota Corolla 2005 Blue,Local Used,Automatic,5180000,Toyota,Corolla,2005
Toyota Corolla 2008 Silver,Local Used,Automatic,5800000,Toyota,Corolla,2008
Ford Maverick 2023,Foreign Used,Automatic,72000000,Ford,Maverick,2023
Toyota Camry LE FWD 2020 Red,Foreign Used,Automatic,28500000,Toyota,Camry LE,2020
Toyota Hilux 2021 Black,Foreign Used,Automatic,78000000,Toyota,Hilux,2021
Toyota Highlander XLE V6 4x4 (3.5L 6cyl 6A) 2016 Black,Local Used,Automatic,23800000,Toyota,Highlander XLE,2016
Toyota Agya 2023 White,Foreign Used,Automatic,82000000,Toyota,Agya,2023
Toyota Land Cruiser 2026 Black,Brand New,Automatic,205000000,Toyota,Land Cruiser,2026
BMW X3 2013 White,Local Used,Automatic,12000000,BMW,X3,2013
Lexus RX 2013 Black,Local Used,Automatic,13500000,Lexus,RX,2013
Mercedes-Benz CLA-Class 2014 Gray,Foreign Used,Automatic,12000000,Mercedes-Benz,CLA-Class,2014
Lexus RX 350 2WD 2020 Gold,Foreign Used,Automatic,42000000,Lexus,RX 350,2020
Toyota Hilux 2022 White,Foreign Used,Automatic,77000000,Toyota,Hilux,2022
Toyota Highlander XLE AWD 2020 Silver,Foreign Used,Automatic,53000000,Toyota,Highlander XLE,2020
Mercedes-Benz GLE-Class AMG GLE 43 4MATIC 2018 Gray,Foreign Used,Automatic,45000000,Mercedes-Benz,GLE-Class AMG,2018
Ford Focus 2013 White,Local Used,Automatic,4500000,Ford,Focus,2013
Toyota Corolla 2007 Gray,Local Used,Automatic,3500000,Toyota,Corolla,2007
Honda Civic 2006 Blue,Local Used,Automatic,5200000,Honda,Civic,2006
Toyota Corolla 2017 White,Foreign Used,Automatic,13450000,Toyota,Corolla,2017
Lexus RX 2016 White,Foreign Used,Automatic,47000000,Lexus,RX,2016
Mercedes-Benz GLE-Class 2016 Black,Foreign Used,Automatic,68000000,Mercedes-Benz,GLE-Class,2016
Toyota Highlander 2007 Gold,Local Used,Automatic,5600000,Toyota,Highlander,2007
Nissan Altima 2011 Silver,Local Used,Automatic,4480000,Nissan,Altima,2011
Honda Ridgeline 2008 Black,Foreign Used,Automatic,11800000,Honda,Ridgeline,2008
Mercedes-Benz G-Class 2025 Black,Brand New,Automatic,870000000,Mercedes-Benz,G-Class,2025
Cadillac Escalade 2022 White,Foreign Used,Automatic,148000000,Cadillac,Escalade,2022
Honda Crosstour 2011 White,Local Used,Automatic,4900000,Honda,Crosstour,2011
Toyota Highlander 2009 Black,Local Used,Automatic,7850000,Toyota,Highlander,2009
Toyota Picnic 2.0 FWD 2004 Blue,Local Used,Manual,4650000,Toyota,Picnic 2,2004
Mercedes-Benz C400 2016 Black,Foreign Used,Automatic,33000000,Mercedes-Benz,C400,2016
Dodge Challenger 2017 Red,Foreign Used,Automatic,29500000,Dodge,Challenger,2017
Acura ZDX Base AWD 2011 Silver,Foreign Used,Automatic,19200000,Acura,ZDX Base,2011
Mercedes-Benz GLK-Class 350 SUV 2013 White,Foreign Used,Automatic,25000000,Mercedes-Benz,GLK-Class 350,2013
Toyota RAV4 LE 4dr SUV AWD (2.5L 4cyl 6A) 2014 Gray,Local Used,Automatic,13500000,Toyota,RAV4 LE,2014
Toyota Avalon 2006 Gray,Local Used,Automatic,3980000,Toyota,Avalon,2006
Toyota Sienna 2010 Green,Local Used,Automatic,6900000,Toyota,Sienna,2010
Toyota Camry 2004 Red,Local Used,Automatic,3900000,Toyota,Camry,2004
Lexus LX 600 2023 White,Foreign Used,Automatic,235000000,Lexus,LX 600,2023
Hyundai Tucson 2019 Black,Foreign Used,Automatic,23800000,Hyundai,Tucson,2019
Toyota Land Cruiser 2024 Black,Brand New,Automatic,215000000,Toyota,Land Cruiser,2024
Mercedes-Benz GLE-Class 2022 Black,Foreign Used,Automatic,68500000,Mercedes-Benz,GLE-Class,2022
Rolls-Royce Phantom Base EWB 2014 Gray,Foreign Used,Automatic,540000000,Rolls-Royce,Phantom Base,2014
BMW X5 xDrive35i Sport Activity 2012 Gray,Foreign Used,Automatic,10780000,BMW,X5 xDrive35i,2012
Ford Flex 2015,Foreign Used,Automatic,15000000,Ford,Flex,2015
Infiniti QX60 2015 Silver,Local Used,Automatic,10000000,Infiniti,QX60,2015
Lexus RX 330 2004 Black,Foreign Used,Automatic,8900000,Lexus,RX 330,2004
Mercedes-Benz C450 2016 Black,Local Used,Automatic,19000000,Mercedes-Benz,C450,2016
Toyota Camry SE 4dr Sedan (2.5L 4cyl 6A) 2015 White,Foreign Used,Automatic,15500000,Toyota,Camry SE,2015
Mercedes-Benz C300 Luxury Sedan RWD (2.0L 4cyl 7A) 2016 White,Foreign Used,Automatic,21500000,Mercedes-Benz,C300 Luxury,2016
Mercedes-Benz GLC-Class 2017 White,Foreign Used,Automatic,34000000,Mercedes-Benz,GLC-Class,2017
Mercedes-Benz GLE-Class AMG GLE 43 4MATIC 2017 White,Foreign Used,Automatic,56000000,Mercedes-Benz,GLE-Class AMG,2017
Lexus RX 2022,Foreign Used,Automatic,84000000,Lexus,RX,2022
Kia Optima 2015 White,Foreign Used,Automatic,11500000,Kia,Optima,2015
Honda Ridgeline 2007 Gray,Local Used,Automatic,7900000,Honda,Ridgeline,2007
Land Rover Range Rover Sport 2013 Gray,Local Used,Automatic,10500000,Land,Rover Range,2013
Toyota Corolla 2014 Black,Foreign Used,Automatic,12780000,Toyota,Corolla,2014
Volkswagen Passat 2013 Silver,Local Used,Automatic,6000000,Volkswagen,Passat,2013
Mercedes-Benz GLC-Class 2025 Black,Brand New,Automatic,167000000,Mercedes-Benz,GLC-Class,2025
Toyota Sequoia 2009 Black,Local Used,Automatic,11500000,Toyota,Sequoia,2009
Hyundai Elantra 2013 Silver,Foreign Used,Automatic,9350000,Hyundai,Elantra,2013
Honda Accord 2019 White,Local Used,Automatic,15500000,Honda,Accord,2019
Nissan Almera 2015 Gray,Local Used,Automatic,5850000,Nissan,Almera,2015
Mercedes-Benz G-Class 2015 Black,Local Used,Automatic,66500000,Mercedes-Benz,G-Class,2015
Mercedes-Benz C300 Sport 4dr AWD 4Matic Sedan (2.0L 4cyl 7A) 2015 White,Foreign Used,Automatic,17700000,Mercedes-Benz,C300 Sport,2015
Mercedes-Benz C300 2020 White,Foreign Used,Automatic,33500000,Mercedes-Benz,C300,2020
Zeekr 9X 2025 Black,Foreign Used,Automatic,150000000,Zeekr,9X,2025
Mercedes-Benz GLE-Class AMG GLE 63 S AWD 2025 White,Brand New,Automatic,295000000,Mercedes-Benz,GLE-Class AMG,2025
Volkswagen Golf 1999 Green,Local Used,Manual,1900000,Volkswagen,Golf,1999
Hyundai Sonata 2010 Silver,Local Used,Automatic,7000000,Hyundai,Sonata,2010
Toyota Camry 2008 White,Local Used,Automatic,5480000,Toyota,Camry,2008
Peugeot 206 2003 Silver,Foreign Used,Manual,3700000,Peugeot,206,2003
Toyota Land Cruiser 2014 Black,Local Used,Automatic,25500000,Toyota,Land Cruiser,2014
Mercedes-Benz S-Class 2024 White,Foreign Used,Automatic,128000000,Mercedes-Benz,S-Class,2024
Lexus RX 2018 White,Foreign Used,Automatic,46500000,Lexus,RX,2018
Toyota Hilux 2020 White,Local Used,Automatic,47500000,Toyota,Hilux,2020
Lexus RX 2014 Gold,Foreign Used,Automatic,19950000,Lexus,RX,2014
Lexus RX 350 F Sport AWD 2016 Black,Foreign Used,Automatic,48000000,Lexus,RX 350,2016
Toyota Tundra Platinum CrewMax 6.5' Bed 2023 Gray,Brand New,Automatic,155000000,Toyota,Tundra Platinum,2023
Lexus RX 2005 Gold,Local Used,Automatic,7900000,Lexus,RX,2005
BMW 7 Series 760i xDrive AWD 2023 Gray,Foreign Used,Automatic,320000000,BMW,7 Series,2023
Lexus GX 460 2010 Black,Local Used,Automatic,21900000,Lexus,GX 460,2010
Mercedes-Benz C300 2008 Gold,Local Used,Automatic,7700000,Mercedes-Benz,C300,2008
Toyota Venza 2024 Black,Foreign Used,Automatic,49000000,Toyota,Venza,2024
Lexus LX 570 AWD 2016 Gray,Local Used,Automatic,68000000,Lexus,LX 570,2016
Mazda CX-9 2008 Black,Local Used,Automatic,4580000,Mazda,CX-9,2008
Toyota Sienna 1999 Gold,Local Used,Automatic,3580000,Toyota,Sienna,1999
Toyota Corolla 2014 Gray,Local Used,Automatic,9200000,Toyota,Corolla,2014
Lexus RX 2013 Silver,Foreign Used,Automatic,23200000,Lexus,RX,2013
Nissan Altima 2.5 S 4dr Sedan (2.5L 4cyl CVT) 2014 White,Foreign Used,Automatic,9000000,Nissan,Altima 2,2014
Nissan 350Z 2005 Blue,Local Used,Automatic,13500000,Nissan,350Z,2005
Mercedes-Benz M Class ML 350 4Matic 2010 Blue,Foreign Used,Automatic,13900000,Mercedes-Benz,M Class,2010
Chevrolet Trax 2015 White,Foreign Used,Automatic,16390000,Chevrolet,Trax,2015
Toyota 4-Runner 2011 Black,Local Used,Automatic,24500000,Toyota,4-Runner,2011
Hyundai Sonata 2015 Black,Local Used,Automatic,10350000,Hyundai,Sonata,2015
Toyota Camry 2002 Red,Local Used,Automatic,2400000,Toyota,Camry,2002
Toyota Corolla S 4dr Sedan (1.8L 4cyl 4A) 2011 Gray,Foreign Used,Automatic,9500000,Toyota,Corolla S,2011
Lexus LX 570 AWD 2021 White,Local Used,Automatic,114000000,Lexus,LX 570,2021
Toyota RAV4 Limited 4dr SUV (2.5L 4cyl 6A) 2015 Gray,Foreign Used,Automatic,21000000,Toyota,RAV4 Limited,2015
Toyota Corolla 2020 Gray,Foreign Used,Automatic,19500000,Toyota,Corolla,2020
Land Rover Range Rover Evoque 2015 White,Foreign Used,Automatic,20000000,Land,Rover Range,2015
Toyota Camry XSE 2025 Black,Brand New,Automatic,99000000,Toyota,Camry XSE,2025
Hyundai Sonata 2011 Red,Local Used,Automatic,7700000,Hyundai,Sonata,2011
Kia Rio 2014 Gray,Local Used,Manual,3580000,Kia,Rio,2014
Peugeot 206 2005 Silver,Local Used,Manual,3280000,Peugeot,206,2005
Toyota Corolla 2015 Black,Local Used,Automatic,9700000,Toyota,Corolla,2015
Toyota Hilux 2019 Black,Local Used,Automatic,59000000,Toyota,Hilux,2019
Honda Jazz 2009 Red,Local Used,Automatic,5500000,Honda,Jazz,2009
Ford Focus Wagon 2001 Silver,Local Used,Manual,1950000,Ford,Focus Wagon,2001
Kia Sorento 2015 Gray,Local Used,Automatic,8200000,Kia,Sorento,2015
Land Rover Range Rover Vogue 2014 Black,Local Used,Automatic,27000000,Land,Rover Range,2014
Lexus LX LX 700h 2025 Black,Foreign Used,Automatic,350000000,Lexus,LX LX,2025
BMW X6 2016 Gray,Local Used,Automatic,30000000,BMW,X6,2016
Toyota Sienna 2015 Black,Local Used,Automatic,11350000,Toyota,Sienna,2015
Toyota Camry SE V6 4dr Sedan (3.0L 6cyl 4A) 2003 Blue,Local Used,Automatic,4400000,Toyota,Camry SE,2003
Toyota Avalon XLE Sedar FWD (3.5L 6cyl 6A) 2013 Black,Foreign Used,Automatic,20000000,Toyota,Avalon XLE,2013
Lexus ES 350 FWD 2013 White,Foreign Used,Automatic,19999999,Lexus,ES 350,2013
Toyota Hilux 2025 Black,Brand New,Automatic,225000000,Toyota,Hilux,2025
Toyota Tundra Automatic 2003 Gray,Local Used,Automatic,4900000,Toyota,Tundra Automatic,2003
Nissan Rogue S 2008 Silver,Local Used,Automatic,5950000,Nissan,Rogue S,2008
Ford Focus 2012 Gray,Local Used,Automatic,4950000,Ford,Focus,2012
Hyundai Tucson 2012 Gray,Foreign Used,Automatic,9900000,Hyundai,Tucson,2012
Toyota Venza 2010 Gray,Local Used,Automatic,9400000,Toyota,Venza,2010
Infiniti QX80 2025 Black,Brand New,Automatic,320000000,Infiniti,QX80,2025
Ford Fusion 2017 Black,Foreign Used,Automatic,16200000,Ford,Fusion,2017
Lexus RX 2023 Black,Foreign Used,Automatic,102000000,Lexus,RX,2023
Lamborghini Urus 2021 Black,Foreign Used,Automatic,340000000,Lamborghini,Urus,2021
Mercedes-Benz C300 2011 Black,Foreign Used,Automatic,15500000,Mercedes-Benz,C300,2011
Pontiac Vibe AWD 2006 Brown,Local Used,Automatic,5300000,Pontiac,Vibe AWD,2006
Toyota Land Cruiser 2017 Black,Local Used,Automatic,79500000,Toyota,Land Cruiser,2017
Lexus ES 2013 Gray,Local Used,Automatic,13750000,Lexus,ES,2013
GAC GS8 2020 Black,Foreign Used,Automatic,36000000,GAC,GS8,2020
Toyota Corolla 2014 Blue,Foreign Used,Automatic,15500000,Toyota,Corolla,2014
Lexus RX 350 AWD 2009 Silver,Foreign Used,Automatic,12500000,Lexus,RX 350,2009
Ford F-150 2015 Black,Foreign Used,Automatic,28500000,Ford,F-150,2015
Toyota Venza 2009 White,Local Used,Automatic,10900000,Toyota,Venza,2009
Mercedes-Benz Brabus G 800 2013 Black,Foreign Used,Automatic,335000000,Mercedes-Benz,Brabus G,2013
Rolls-Royce Cullinan 2026 Black,Brand New,Automatic,172000000,Rolls-Royce,Cullinan,2026
Lexus RX 330 2006 Gray,Local Used,Automatic,4950000,Lexus,RX 330,2006
Toyota Camry 2018 Silver,Local Used,Automatic,15900000,Toyota,Camry,2018
Toyota Corolla Hatchback 2019 Blue,Local Used,Automatic,24450000,Toyota,Corolla Hatchback,2019
Land Rover Range Rover Vogue 2023 Gray,Local Used,Automatic,190000000,Land,Rover Range,2023
Land Rover Range Rover Velar 2020 Black,Foreign Used,Automatic,45000000,Land,Rover Range,2020
Lexus GX 460 2012 Gold,Foreign Used,Automatic,34500000,Lexus,GX 460,2012
Toyota Matrix 2010 Orange,Local Used,Automatic,6850000,Toyota,Matrix,2010
Toyota Land Cruiser 2020 Black,Local Used,Automatic,87000000,Toyota,Land Cruiser,2020
Toyota Land Cruiser Prado 2020,Local Used,Automatic,68500000,Toyota,Land Cruiser,2020
Mercedes-Benz GLK-Class 350 4MATIC 2013 White,Foreign Used,Automatic,23800000,Mercedes-Benz,GLK-Class 350,2013
Jeep Wrangler 2011 Silver,Foreign Used,Automatic,29000000,Jeep,Wrangler,2011
Nissan Rogue S 2009 Blue,Local Used,Automatic,5700000,Nissan,Rogue S,2009
Toyota Land Cruiser Prado 2022 Green,Local Used,Automatic,14900000,Toyota,Land Cruiser,2022
Toyota Corolla 2003 Gray,Local Used,Automatic,4000000,Toyota,Corolla,2003
Honda Accord 2008 Black,Local Used,Automatic,3880000,Honda,Accord,2008
Mercedes-Benz GLE-Class GLE 350 2017 Black,Foreign Used,Automatic,34000000,Mercedes-Benz,GLE-Class GLE,2017
Lexus LX 2017 Gray,Local Used,Automatic,70000000,Lexus,LX,2017
Mercedes-Benz C43 2024 White,Foreign Used,Automatic,94000000,Mercedes-Benz,C43,2024
Mercedes-Benz GLK-Class 2011 Silver,Foreign Used,Automatic,15000000,Mercedes-Benz,GLK-Class,2011
Hyundai Santa Fe 2017 Black,Foreign Used,Automatic,19500000,Hyundai,Santa Fe,2017
Toyota Hilux 2017 White,Foreign Used,Automatic,61000000,Toyota,Hilux,2017
BMW M6 2016 Green,Foreign Used,Automatic,16740000,BMW,M6,2016
Lexus IS 250 2008 Gray,Local Used,Automatic,7500000,Lexus,IS 250,2008
Toyota Highlander 2008 Black,Local Used,Automatic,6950000,Toyota,Highlander,2008
Lexus GX 2015 Black,Foreign Used,Automatic,36000000,Lexus,GX,2015
Lexus ES 350 2007 White,Local Used,Automatic,4500000,Lexus,ES 350,2007
Jetour T2 i-DM 2025 White,Brand New,Automatic,69500000,Jetour,T2 i-DM,2025
Pontiac Vibe Automatic 2004 Gray,Local Used,Automatic,4500000,Pontiac,Vibe Automatic,2004
Toyota Camry 2010 Blue,Local Used,Automatic,4980000,Toyota,Camry,2010
Mercedes-Benz S-Class S 500 4MATIC 2024 Black,Foreign Used,Automatic,170000000,Mercedes-Benz,S-Class S,2024
Lexus RX 350L 4WD 2020 White,Foreign Used,Automatic,78500000,Lexus,RX 350L,2020
Hyundai Santa Fe SE AWD 2016 Black,Foreign Used,Automatic,23000000,Hyundai,Santa Fe,2016
Mercedes-Benz E400 2015 Black,Local Used,Automatic,17000000,Mercedes-Benz,E400,2015
Kia Morning 2012 White,Local Used,Automatic,5850000,Kia,Morning,2012
Toyota Camry 2008 Black,Local Used,Automatic,5600000,Toyota,Camry,2008
Honda CR-V 2008 Black,Local Used,Automatic,4800000,Honda,CR-V,2008
Toyota Corolla 2009 Black,Foreign Used,Automatic,9000000,Toyota,Corolla,2009
Toyota Camry LE 4dr Sedan (2.4L 4cyl 5A) 2007 Gray,Foreign Used,Automatic,8900000,Toyota,Camry LE,2007
Toyota Highlander Limited Platinum 4dr SUV AWD (3.5L 6cyl 6A) 2014,Local Used,Automatic,12500000,Toyota,Highlander Limited,2014
Toyota Sienna 2016 Silver,Foreign Used,Automatic,22000000,Toyota,Sienna,2016
Honda CR-V 2012 Brown,Local Used,Automatic,7700000,Honda,CR-V,2012
Toyota Matrix XR Hatchback AWD (1.8L 4cyl 4A) 2005 Black,Local Used,Automatic,5750000,Toyota,Matrix XR,2005
Toyota RAV4 LE 2021 Red,Foreign Used,Automatic,32500000,Toyota,RAV4 LE,2021
Mercedes-Benz GLE-Class GLE 350 2017 Gray,Foreign Used,Automatic,42500000,Mercedes-Benz,GLE-Class GLE,2017
Honda Accord 2.4 Exec Automatic 2007 Blue,Local Used,Automatic,2600000,Honda,Accord 2,2007
Lexus RX 2008 Silver,Local Used,Automatic,7000000,Lexus,RX,2008
Mercedes-Benz SLK-Class 2016 Silver,Foreign Used,Automatic,27000000,Mercedes-Benz,SLK-Class,2016
Mercedes-Benz E230 1995 Black,Local Used,Manual,3000000,Mercedes-Benz,E230,1995
Toyota Camry 2003 Gold,Local Used,Automatic,4300000,Toyota,Camry,2003
Toyota Corolla 2006 Silver,Foreign Used,Automatic,4680000,Toyota,Corolla,2006
Mitsubishi L200 2013 White,Local Used,Manual,4900000,Mitsubishi,L200,2013
Toyota Highlander 2008 Black,Local Used,Automatic,13500000,Toyota,Highlander,2008
Honda Civic 2010 Silver,Local Used,Automatic,4800000,Honda,Civic,2010
Mercedes-Benz S-Class 2026 White,Foreign Used,Automatic,210000000,Mercedes-Benz,S-Class,2026
Toyota Camry XLE 4dr Sedan (3.5L 6cyl 6A) 2015 Black,Foreign Used,Automatic,16800000,Toyota,Camry XLE,2015
Toyota Highlander XLE 4x4 V6 (3.5L 6cyl 8A) 2017 Gray,Foreign Used,Automatic,32500000,Toyota,Highlander XLE,2017
Toyota Land Cruiser 2010 Black,Local Used,Automatic,23000000,Toyota,Land Cruiser,2010
Hummer H1 2006,Foreign Used,Automatic,18000000,Hummer,H1,2006
Mercedes-Benz C450 2016 Black,Foreign Used,Automatic,31000000,Mercedes-Benz,C450,2016
Mercedes-Benz GLE-Class GLE 450 4MATIC 2021 Black,Foreign Used,Automatic,34000000,Mercedes-Benz,GLE-Class GLE,2021
Toyota RAV4 Limited 4dr SUV AWD (2.5L 4cyl 6A) 2015 Red,Local Used,Automatic,13900000,Toyota,RAV4 Limited,2015
Chevrolet Suburban 2021 Gray,Foreign Used,Automatic,120000000,Chevrolet,Suburban,2021
Mercedes-Benz GLK-Class 350 4MATIC 2013 Black,Foreign Used,Automatic,21000000,Mercedes-Benz,GLK-Class 350,2013
Toyota Camry 2013 Silver,Foreign Used,Automatic,13900000,Toyota,Camry,2013
Toyota Corolla 2015 Black,Foreign Used,Automatic,13000000,Toyota,Corolla,2015
Toyota Corolla S Plus 4dr Sedan (1.8L 4cyl CVT) 2014 Gray,Foreign Used,Automatic,15000000,Toyota,Corolla S,2014
Mitsubishi L200 2014 Black,Local Used,Manual,14500000,Mitsubishi,L200,2014
Lexus ES 330 2005 Black,Local Used,Automatic,3500000,Lexus,ES 330,2005
Lexus GX 2015 White,Local Used,Automatic,24500000,Lexus,GX,2015
Lexus RX 350 2008 Black,Local Used,Automatic,4500000,Lexus,RX 350,2008
Mercedes-Benz GL-Class GL 450 2012 Black,Local Used,Automatic,9900000,Mercedes-Benz,GL-Class GL,2012
Toyota Corolla 2018 Black,Foreign Used,Automatic,19900000,Toyota,Corolla,2018
Toyota Venza 2009 Brown,Local Used,Automatic,11500000,Toyota,Venza,2009
Toyota 4-Runner 2006 Silver,Local Used,Automatic,7500000,Toyota,4-Runner,2006
Toyota Land Cruiser 2025 Black,Local Used,Automatic,165000000,Toyota,Land Cruiser,2025
Lexus ES 2014 White,Foreign Used,Automatic,21000000,Lexus,ES,2014
Mercedes-Benz C300 Sport 4Matic Sedan AWD (3.0L 6cyl 7A) 2011 Gray,Foreign Used,Automatic,12500000,Mercedes-Benz,C300 Sport,2011
Hyundai Sonata 2009 Silver,Local Used,Automatic,3700000,Hyundai,Sonata,2009
Honda Accord 2008 Gold,Local Used,Automatic,4950000,Honda,Accord,2008
IVM G40 2020 Red,Local Used,Automatic,30000000,IVM,G40,2020
Mercedes-Benz E350 2012 Gold,Foreign Used,Automatic,13250000,Mercedes-Benz,E350,2012
Toyota Land Cruiser 2014 Black,Local Used,Automatic,34500000,Toyota,Land Cruiser,2014
Toyota Camry SE 4dr Sedan (2.5L 4cyl 6A) 2013 White,Foreign Used,Automatic,11650000,Toyota,Camry SE,2013
Toyota Highlander 4x4 2005 White,Local Used,Automatic,5700000,Toyota,Highlander 4x4,2005
Lexus GX 460 Luxury 2016 White,Foreign Used,Automatic,41000000,Lexus,GX 460,2016
Mercedes-Benz M Class ML350 4MATIC 4dr SUV AWD (3.5L 6cyl 7A) 2014,Foreign Used,Automatic,23000000,Mercedes-Benz,M Class,2014
Mercedes-Benz C300 2008 Black,Foreign Used,Automatic,9000000,Mercedes-Benz,C300,2008
Toyota Highlander Limited 2012 Gray,Foreign Used,Automatic,20000000,Toyota,Highlander Limited,2012
Hyundai Sonata 2016 Silver,Foreign Used,Automatic,14000000,Hyundai,Sonata,2016
Mercedes-Benz M Class ML 350 4Matic 2011 Black,Foreign Used,Automatic,14000000,Mercedes-Benz,M Class,2011
Mercedes-Benz GLC-Class 2016 Black,Foreign Used,Automatic,26000000,Mercedes-Benz,GLC-Class,2016
Mercedes-Benz GLE-Class AMG GLE 53 4MATIC 2022 Black,Foreign Used,Automatic,150000000,Mercedes-Benz,GLE-Class AMG,2022
Mercedes-Benz GLA 250 2018 Blue,Foreign Used,Automatic,29000000,Mercedes-Benz,GLA 250,2018
Toyota Sienna Limited 7 Passenger 2011 Gray,Foreign Used,Automatic,10500000,Toyota,Sienna Limited,2011
Lexus LX 2024 Black,Brand New,Automatic,529000000,Lexus,LX,2024
Kia Rio 2012 Silver,Local Used,Manual,2980000,Kia,Rio,2012
Toyota Corolla 2003 Silver,Local Used,Automatic,3700000,Toyota,Corolla,2003
Toyota 4-Runner SR5 Premium 4WD 2023 White,Foreign Used,Automatic,79000000,Toyota,4-Runner SR5,2023
Toyota Corolla 2019 Silver,Foreign Used,Automatic,20000000,Toyota,Corolla,2019
Mercedes-Benz GLE-Class GLE 450 4MATIC 2020 Black,Foreign Used,Automatic,98500000,Mercedes-Benz,GLE-Class GLE,2020
Mercedes-Benz GLE-Class AMG GLE 53 4MATIC 2021 Gold,Foreign Used,Automatic,147000000,Mercedes-Benz,GLE-Class AMG,2021
Toyota Corolla 2015 Gray,Foreign Used,Automatic,13900000,Toyota,Corolla,2015
Mercedes-Benz GLC-Class GLC 300 4MATIC AWD 2025 White,Foreign Used,Automatic,97000000,Mercedes-Benz,GLC-Class GLC,2025
Land Rover Range Rover Vogue 2015 Black,Local Used,Automatic,18800000,Land,Rover Range,2015
Toyota Highlander SE 4x4 V6 (3.5L 6cyl 8A) 2017 Gray,Foreign Used,Automatic,32000000,Toyota,Highlander SE,2017
Toyota Highlander XLE 4dr SUV AWD (3.5L 6cyl 6A) 2015 Silver,Local Used,Automatic,22500000,Toyota,Highlander XLE,2015
Mercedes-Benz C300 2016 White,Foreign Used,Automatic,29000000,Mercedes-Benz,C300,2016
Geely Emgrand X7 2024 Black,Brand New,Automatic,69000000,Geely,Emgrand X7,2024
Hyundai Tucson SEL AWD 2020 Blue,Foreign Used,Automatic,30000000,Hyundai,Tucson SEL,2020
Mercedes-Benz GLE-Class 2017 White,Foreign Used,Automatic,68500000,Mercedes-Benz,GLE-Class,2017
Lexus IS 250 AWD 2006 Silver,Foreign Used,Automatic,14800000,Lexus,IS 250,2006
Toyota Hilux 2025 Black,Brand New,Automatic,269000000,Toyota,Hilux,2025
Toyota Avensis Wagon 1.8 VVT-i 2000 Green,Local Used,Automatic,2880000,Toyota,Avensis Wagon,2000
Toyota Corolla Verso 2004 Silver,Local Used,Automatic,4000000,Toyota,Corolla Verso,2004
Mercedes-Benz S-Class S 450 4MATIC (W222) 2020 Black,Foreign Used,Automatic,107000000,Mercedes-Benz,S-Class S,2020
Mercedes-Benz GLC-Class 2017 Blue,Foreign Used,Automatic,58000000,Mercedes-Benz,GLC-Class,2017
Mercedes-Benz E350 2022 Black,Foreign Used,Automatic,79500000,Mercedes-Benz,E350,2022
Dodge Charger 2019 Red,Foreign Used,Automatic,36500000,Dodge,Charger,2019
Mercedes-Benz GL-Class 2013 Black,Local Used,Automatic,17000000,Mercedes-Benz,GL-Class,2013
Mercedes-Benz GLC-Class 2017 White,Foreign Used,Automatic,26500000,Mercedes-Benz,GLC-Class,2017
Land Rover Lr4 2015 Black,Local Used,Automatic,11000000,Land,Rover Lr4,2015
Audi A8 L 6.3 Quattro 2012 Black,Local Used,Automatic,25000000,Audi,A8 L,2012
Lexus IS 350 2009 Silver,Foreign Used,Automatic,8800000,Lexus,IS 350,2009
Toyota Highlander 2010 Silver,Local Used,Automatic,9950000,Toyota,Highlander,2010
Toyota Sienna 2010 Silver,Local Used,Automatic,10000000,Toyota,Sienna,2010
Mercedes-Benz GLC-Class 2016 White,Foreign Used,Automatic,23500000,Mercedes-Benz,GLC-Class,2016
Mercedes-Benz GLC-Class 2016 Gray,Foreign Used,Automatic,27000000,Mercedes-Benz,GLC-Class,2016
Toyota Venza 2010 White,Foreign Used,Automatic,18500000,Toyota,Venza,2010
Lexus RX 350 2016 Red,Foreign Used,Automatic,48000000,Lexus,RX 350,2016
Mercedes-Benz GLE-Class GLE 350 2016 White,Foreign Used,Automatic,34800000,Mercedes-Benz,GLE-Class GLE,2016
Toyota Corolla 2010 Silver,Local Used,Automatic,6700000,Toyota,Corolla,2010
Hyundai Elantra 2014 Red,Foreign Used,Automatic,13800000,Hyundai,Elantra,2014
Toyota Tundra Hybrid 2024 Blue,Foreign Used,Automatic,115000000,Toyota,Tundra Hybrid,2024
Toyota Camry XSE FWD (2.5L 4cyl 8AM) 2018 Blue,Foreign Used,Automatic,30000000,Toyota,Camry XSE,2018
Mercedes-Benz M Class ML350 4dr SUV (3.5L 6cyl 7A) 2014 Brown,Foreign Used,Automatic,23900000,Mercedes-Benz,M Class,2014
Ford F-150 2012 Gray,Foreign Used,Automatic,21000000,Ford,F-150,2012
Toyota Tundra 2023 Black,Local Used,Automatic,195000000,Toyota,Tundra,2023
Mercedes-Benz 300E 1995 Gray,Local Used,Automatic,4000000,Mercedes-Benz,300E,1995
BMW 740 2018 Blue,Foreign Used,Automatic,55600000,BMW,740,2018
Mercedes-Benz GLC-Class AMG GLC 43 AWD 2024 Black,Foreign Used,Automatic,195000000,Mercedes-Benz,GLC-Class AMG,2024
Mercedes-Benz GLE-Class GLE 580 4MATIC 2020 Black,Foreign Used,Automatic,118000000,Mercedes-Benz,GLE-Class GLE,2020
Porsche Panamera 4 2012 Black,Foreign Used,Automatic,20000000,Porsche,Panamera 4,2012
Nissan 370Z 2017 Red,Foreign Used,Manual,45000000,Nissan,370Z,2017
BMW X3 2008 White,Local Used,Automatic,5950000,BMW,X3,2008
Toyota Hilux 2014 White,Local Used,Automatic,26900000,Toyota,Hilux,2014
Toyota Camry LE 4dr Sedan (2.5L 4cyl 6A) 2015,Foreign Used,Automatic,14200000,Toyota,Camry LE,2015
Toyota Sienna 2014 Gray,Foreign Used,Automatic,14000000,Toyota,Sienna,2014
Toyota Sienna 2013 Gray,Foreign Used,Automatic,14000000,Toyota,Sienna,2013
Mercedes-Benz C300 2012 Black,Foreign Used,Automatic,11500000,Mercedes-Benz,C300,2012
Mercedes-Benz M Class ML 350 4Matic 2012 Gray,Foreign Used,Automatic,25500000,Mercedes-Benz,M Class,2012
Lexus RX 2016 Black,Local Used,Automatic,28500000,Lexus,RX,2016
Mercedes-Benz GLC-Class 2017 Black,Foreign Used,Automatic,14200000,Mercedes-Benz,GLC-Class,2017
Mercedes-Benz E300 2017 White,Local Used,Automatic,19000000,Mercedes-Benz,E300,2017
Mercedes-Benz E350 2015,Local Used,Automatic,6800000,Mercedes-Benz,E350,2015
Ford Explorer 2013 Silver,Local Used,Automatic,5900000,Ford,Explorer,2013
Pontiac Vibe 2005,Local Used,Automatic,4800000,Pontiac,Vibe,2005
Honda CR-V 2013 Gray,Local Used,Automatic,8550000,Honda,CR-V,2013
Honda Pilot 2009 Gray,Foreign Used,Automatic,10700000,Honda,Pilot,2009
Nissan Maxima 2002 Gold,Local Used,Automatic,2990000,Nissan,Maxima,2002
Nissan Murano S 2005 Black,Local Used,Automatic,2980000,Nissan,Murano S,2005
Lexus RX 2010 Red,Local Used,Automatic,10000000,Lexus,RX,2010
Mercedes-Benz GLK-Class 2011 Black,Local Used,Automatic,12500000,Mercedes-Benz,GLK-Class,2011
Mercedes-Benz G-Class 2025 Black,Brand New,Automatic,548000000,Mercedes-Benz,G-Class,2025
Toyota Highlander 2014 Gold,Foreign Used,Automatic,23500000,Toyota,Highlander,2014
Mercedes-Benz GLE-Class AMG GLE 53 4MATIC 2024 Black,Foreign Used,Automatic,250000000,Mercedes-Benz,GLE-Class AMG,2024
Mercedes-Benz GLB-Class GLB 250 4MATIC 2021 Black,Foreign Used,Automatic,68500000,Mercedes-Benz,GLB-Class GLB,2021
Mercedes-Benz GLC-Class 2018 Black,Foreign Used,Automatic,33800000,Mercedes-Benz,GLC-Class,2018
Toyota Land Cruiser Prado 2016 Black,Local Used,Automatic,30800000,Toyota,Land Cruiser,2016
BMW 535i 2012 Silver,Foreign Used,Automatic,8075000,BMW,535i,2012
Toyota Yaris 1.5 Liftback 2008 Silver,Local Used,Automatic,4150000,Toyota,Yaris 1,2008
Toyota Camry 2010 Red,Local Used,Automatic,6650000,Toyota,Camry,2010
Hyundai Elantra 2013 White,Local Used,Automatic,6750000,Hyundai,Elantra,2013
Jeep Wrangler Willys Sport 2021 Gray,Foreign Used,Automatic,63000000,Jeep,Wrangler Willys,2021
Jeep Wrangler Sport 4x4 2020 Gray,Foreign Used,Automatic,64500000,Jeep,Wrangler Sport,2020
Toyota Highlander Limited Platinum 4x4 V6 (3.5L 6cyl 8A) 2018 Black,Foreign Used,Automatic,29000000,Toyota,Highlander Limited,2018
Honda CR-V 2003,Local Used,Automatic,2800000,Honda,CR-V,2003
Toyota Highlander 2008 Gray,Local Used,Automatic,8400000,Toyota,Highlander,2008
Mercedes-Benz CLA-Class 2016 White,Local Used,Automatic,11300000,Mercedes-Benz,CLA-Class,2016
Toyota Avalon XLE 4dr Sedan (3.5L 6cyl 6A) 2014 White,Foreign Used,Automatic,15000000,Toyota,Avalon XLE,2014
Acura MDX 2015 Gray,Foreign Used,Automatic,15500000,Acura,MDX,2015
Lexus ES 2012 Black,Foreign Used,Automatic,14800000,Lexus,ES,2012
Mercedes-Benz GLK-Class Base GLK 350 4dr AWD 4MATIC (3.5L 6cyl 7A) 2015,Local Used,Automatic,13000000,Mercedes-Benz,GLK-Class Base,2015
Lexus ES 2015 Black,Foreign Used,Automatic,22000000,Lexus,ES,2015
Toyota Camry 2015 Gold,Foreign Used,Automatic,17000000,Toyota,Camry,2015
Ford Escape 2018 Gray,Foreign Used,Automatic,16500000,Ford,Escape,2018
Mercedes-Benz GLE-Class GLE 450 4MATIC 2022 Black,Foreign Used,Automatic,90000000,Mercedes-Benz,GLE-Class GLE,2022
Jetour T2 2024 Gray,Foreign Used,Automatic,44000000,Jetour,T2,2024
Toyota Corolla 2003 Black,Local Used,Manual,2400000,Toyota,Corolla,2003
Toyota Avalon 2018 Gold,Foreign Used,Automatic,19000000,Toyota,Avalon,2018
Hyundai Genesis 2008 Red,Foreign Used,Automatic,8250000,Hyundai,Genesis,2008
Toyota Highlander 2006,Local Used,Automatic,4950000,Toyota,Highlander,2006
Toyota RAV4 V6 2007 Green,Foreign Used,Automatic,10000000,Toyota,RAV4 V6,2007
Lexus RX 350 FWD 2017 Blue,Foreign Used,Automatic,39999000,Lexus,RX 350,2017
Toyota Avensis 2003 Gold,Local Used,Automatic,2480000,Toyota,Avensis,2003
Toyota Camry 2.4 LE 2008 Green,Local Used,Automatic,6000000,Toyota,Camry 2,2008
Lexus ES 2006 Black,Local Used,Automatic,5300000,Lexus,ES,2006
Land Rover Defender 2022 Blue,Foreign Used,Automatic,185000000,Land,Rover Defender,2022
Toyota Land Cruiser 2014 Black,Local Used,Automatic,31500000,Toyota,Land Cruiser,2014
Lexus LX 570 AWD 2018 Gold,Foreign Used,Automatic,113000000,Lexus,LX 570,2018
Ford Escape 2004 Black,Local Used,Manual,2950000,Ford,Escape,2004
BMW 535i 2012 Maroon,Local Used,Automatic,13000000,BMW,535i,2012
Toyota Land Cruiser Prado 2016 Black,Local Used,Automatic,37500000,Toyota,Land Cruiser,2016
Toyota Avalon 2015 Blue,Local Used,Automatic,13850000,Toyota,Avalon,2015
Toyota Tundra 2004 Black,Local Used,Automatic,6900000,Toyota,Tundra,2004
Toyota Tundra 2010 Gray,Local Used,Automatic,22500000,Toyota,Tundra,2010
BMW 520i 2012 Black,Local Used,Automatic,10950000,BMW,520i,2012
Lexus GX 460 Luxury 2017 Silver,Foreign Used,Automatic,41000000,Lexus,GX 460,2017
Toyota Highlander XLE FWD 2024 Black,Foreign Used,Automatic,80000000,Toyota,Highlander XLE,2024
Toyota RAV4 2008 Red,Local Used,Automatic,6770000,Toyota,RAV4,2008
Toyota Camry 2013 Silver,Foreign Used,Automatic,12500000,Toyota,Camry,2013
Toyota Sequoia 2004,Local Used,Automatic,4990000,Toyota,Sequoia,2004
Peugeot 206 2005 Blue,Local Used,Automatic,2900000,Peugeot,206,2005
Lexus RX 350 F SPORT AWD 2023 Silver,Foreign Used,Automatic,117000000,Lexus,RX 350,2023
Mercedes-Benz GLK-Class 2013 Black,Foreign Used,Automatic,17700000,Mercedes-Benz,GLK-Class,2013
Nissan 370Z 2024 Yellow,Foreign Used,Manual,52000000,Nissan,370Z,2024
Lexus GX 2014 Gray,Foreign Used,Automatic,36500000,Lexus,GX,2014
Lexus GX 2015 Black,Foreign Used,Automatic,31000000,Lexus,GX,2015
Mercedes-Benz C200 2017 White,Foreign Used,Automatic,23000000,Mercedes-Benz,C200,2017
Ford F-150 SuperCrew 2008 White,Foreign Used,Automatic,13800000,Ford,F-150 SuperCrew,2008
Ford Fusion SEL 2012 White,Foreign Used,Automatic,11998999,Ford,Fusion SEL,2012
Honda Pilot 2008 Black,Local Used,Automatic,4500000,Honda,Pilot,2008
Toyota Camry 2016 White,Foreign Used,Automatic,15300000,Toyota,Camry,2016
Toyota Highlander 2010 Gray,Foreign Used,Automatic,13800000,Toyota,Highlander,2010
Lexus RX 2006 Silver,Local Used,Automatic,6800000,Lexus,RX,2006
Mercedes-Benz C300 2010 White,Local Used,Automatic,4700000,Mercedes-Benz,C300,2010
Lexus RX 2007 Gold,Local Used,Automatic,6200000,Lexus,RX,2007
Mercedes-Benz C300 2009 Black,Local Used,Automatic,4800000,Mercedes-Benz,C300,2009
Toyota Camry SE 4dr Sedan (2.5L 4cyl 6A) 2016 Gray,Foreign Used,Automatic,14000000,Toyota,Camry SE,2016
Toyota Camry SE V6 4dr Sedan (3.5L 6cyl 6A) 2012 Black,Foreign Used,Automatic,14650000,Toyota,Camry SE,2012
Mercedes-Benz C43 2019 White,Foreign Used,Automatic,60000000,Mercedes-Benz,C43,2019
Hyundai Tucson Eco AWD 2016 Black,Foreign Used,Automatic,16500000,Hyundai,Tucson Eco,2016
Lexus GX 460 Base 2020 Black,Foreign Used,Automatic,42000000,Lexus,GX 460,2020
Toyota Land Cruiser Prado 2.4 Petrol 2025 Black,Brand New,Automatic,100000000,Toyota,Land Cruiser,2025
Lexus GX 460 Luxury 2019 Black,Foreign Used,Automatic,41000000,Lexus,GX 460,2019
Toyota Corolla 2006 Black,Local Used,Automatic,4450000,Toyota,Corolla,2006
Acura MDX w/Technology & Ent. Pkgs SH-AWD 2017 Gray,Foreign Used,Automatic,22800000,Acura,MDX w,2017
Toyota Corolla LE 4dr Sedan (1.8L 4cyl 4A) 2012 Black,Foreign Used,Automatic,11500000,Toyota,Corolla LE,2012
Toyota Camry 2016 Gray,Local Used,Automatic,11400000,Toyota,Camry,2016
Toyota Land Cruiser 2009 Black,Local Used,Automatic,18000000,Toyota,Land Cruiser,2009
Nissan Rogue S 2008 Gray,Foreign Used,Automatic,8599999,Nissan,Rogue S,2008
Honda Accord 2000 Silver,Local Used,Manual,1800000,Honda,Accord,2000
Toyota Highlander 2005,Local Used,Automatic,5600000,Toyota,Highlander,2005
Mercedes-Benz GLK-Class 2014 Black,Local Used,Automatic,12000000,Mercedes-Benz,GLK-Class,2014
Toyota Highlander Limited 4dr SUV AWD (3.5L 6cyl 6A) 2015 Silver,Foreign Used,Automatic,27999999,Toyota,Highlander Limited,2015
Toyota Highlander Limited 2011 Gray,Foreign Used,Automatic,17500000,Toyota,Highlander Limited,2011
Honda Accord 2013 Black,Foreign Used,Automatic,12900000,Honda,Accord,2013
Toyota Camry LE 4dr Sedan (2.4L 4cyl 4A) 2004 Silver,Local Used,Automatic,3500000,Toyota,Camry LE,2004
Lexus RX 2011 Silver,Local Used,Automatic,11000000,Lexus,RX,2011
Toyota RAV4 2015 Red,Foreign Used,Automatic,17000000,Toyota,RAV4,2015
Hyundai Accent 2013 White,Foreign Used,Automatic,12700000,Hyundai,Accent,2013
Honda Accord EX 4dr Sedan (2.4L 4cyl CVT) 2015 Black,Foreign Used,Automatic,11550000,Honda,Accord EX,2015
Lexus RX 350 2010 Silver,Foreign Used,Automatic,19500000,Lexus,RX 350,2010
Toyota Camry SE Limited Edition 4dr Sedan (2.5L 4cyl 6A) 2012 White,Foreign Used,Automatic,14500000,Toyota,Camry SE,2012
Mercedes-Benz GLE-Class GLE 350 4MATIC 2020 White,Foreign Used,Automatic,68000000,Mercedes-Benz,GLE-Class GLE,2020
Toyota Camry SE 4dr Sedan (2.5L 4cyl 6A) 2014 Gray,Foreign Used,Automatic,11300000,Toyota,Camry SE,2014
Lexus RX 350 2011 Black,Foreign Used,Automatic,17000000,Lexus,RX 350,2011
Suzuki US 2013 White,Foreign Used,Manual,4200000,Suzuki,US,2013
Mercedes-Benz GLC-Class 2018 Silver,Foreign Used,Automatic,40000000,Mercedes-Benz,GLC-Class,2018
Denza Z9 2025 Black,Brand New,Automatic,160000000,Denza,Z9,2025
Toyota Camry 2008 Silver,Local Used,Automatic,6800000,Toyota,Camry,2008
Honda Accord 2005 Blue,Local Used,Automatic,2450000,Honda,Accord,2005
Mercedes-Benz E-Class 2019 Red,Foreign Used,Automatic,36000000,Mercedes-Benz,E-Class,2019
Mercedes-Benz GLE-Class AMG GLE 43 4MATIC 2017 Gray,Foreign Used,Automatic,37000000,Mercedes-Benz,GLE-Class AMG,2017
Rover Land 2015 Blue,Foreign Used,Automatic,35000000,Rover,Land,2015
Toyota Avalon 2013 Gray,Foreign Used,Automatic,17000000,Toyota,Avalon,2013
Toyota Camry 2009 Silver,Local Used,Automatic,6850000,Toyota,Camry,2009
Lexus ES 350 2008 Red,Local Used,Automatic,6800000,Lexus,ES 350,2008
Lexus RX 2019 White,Local Used,Automatic,32000000,Lexus,RX,2019
Suzuki Grand Vitara 2008 Red,Local Used,Manual,3400000,Suzuki,Grand Vitara,2008
Lexus ES 2003 Green,Local Used,Automatic,4500000,Lexus,ES,2003
Toyota Camry 2008 Black,Foreign Used,Automatic,7950000,Toyota,Camry,2008
Toyota Camry XLE 4dr Sedan (3.5L 6cyl 6A) 2014 Silver,Foreign Used,Automatic,14000000,Toyota,Camry XLE,2014
Lexus RX 350 2010 Silver,Local Used,Automatic,12800000,Lexus,RX 350,2010
BYD Song Plus DM-i 2025 Blue,Brand New,Automatic,77000000,BYD,Song Plus,2025
Mercedes-Benz C350 2010 Black,Local Used,Automatic,5800000,Mercedes-Benz,C350,2010
Acura MDX 2015 Silver,Foreign Used,Automatic,17000000,Acura,MDX,2015
Toyota Yaris 2008 Black,Local Used,Automatic,5200000,Toyota,Yaris,2008
Honda CR-V 2013 Gray,Local Used,Automatic,8800000,Honda,CR-V,2013
Opel Zafira 2005 Blue,Foreign Used,Automatic,8950000,Opel,Zafira,2005
Toyota Camry LE 4dr Sedan (2.5L 4cyl 6AM) 2010 Black,Foreign Used,Automatic,5700000,Toyota,Camry LE,2010
Volkswagen Vento 2006 Silver,Local Used,Automatic,3300000,Volkswagen,Vento,2006
Mercedes-Benz GLK-Class 2014 Black,Local Used,Automatic,6500000,Mercedes-Benz,GLK-Class,2014
Honda CR-V 2000 Blue,Local Used,Automatic,3950000,Honda,CR-V,2000
Toyota Camry LE 4dr Sedan (2.4L 4cyl 5A) 2008 Red,Local Used,Automatic,5500000,Toyota,Camry LE,2008
Toyota Highlander 2016 Gray,Foreign Used,Automatic,26500000,Toyota,Highlander,2016
Mercedes-Benz GLA 250 2015 Red,Foreign Used,Automatic,22000000,Mercedes-Benz,GLA 250,2015
Mazda 5 2.0L Active 2007 Gray,Local Used,Automatic,3100000,Mazda,5 2,2007
Toyota Highlander 2012 Silver,Foreign Used,Automatic,18500000,Toyota,Highlander,2012
Mercedes-Benz GL-Class GL 450 2010 Silver,Local Used,Automatic,7000000,Mercedes-Benz,GL-Class GL,2010
Toyota Sienna 2009 White,Foreign Used,Automatic,13500000,Toyota,Sienna,2009
Lexus GX 2016 Black,Local Used,Automatic,27000000,Lexus,GX,2016
Toyota 4-Runner 2007 Black,Local Used,Automatic,7200000,Toyota,4-Runner,2007
Toyota Avensis 2013 Black,Local Used,Automatic,5200000,Toyota,Avensis,2013
Mercedes-Benz GLE-Class 2016 Black,Local Used,Automatic,18700000,Mercedes-Benz,GLE-Class,2016
Toyota Corolla S 4dr Sedan (1.8L 4cyl CVT) 2016 Red,Foreign Used,Automatic,13998999,Toyota,Corolla S,2016
Toyota RAV4 2015 Black,Foreign Used,Automatic,22500000,Toyota,RAV4,2015
Honda Civic 2007 Silver,Foreign Used,Automatic,4500000,Honda,Civic,2007
Toyota Camry XSE FWD (2.5L 4cyl 8AM) 2018 Black,Foreign Used,Automatic,28500000,Toyota,Camry XSE,2018
Ford Ecosport 2021 Blue,Foreign Used,Automatic,16500000,Ford,Ecosport,2021
Mercedes-Benz E350 2016 Black,Foreign Used,Automatic,17800000,Mercedes-Benz,E350,2016
Toyota Venza AWD 2010 White,Foreign Used,Automatic,13500000,Toyota,Venza AWD,2010
Toyota Corolla S 4dr Sedan (1.8L 4cyl 4A) 2010 Gray,Foreign Used,Automatic,9500000,Toyota,Corolla S,2010
Toyota Camry 2004 Green,Local Used,Automatic,3300000,Toyota,Camry,2004
Lexus RX 2010 Black,Local Used,Automatic,13200000,Lexus,RX,2010
Volvo XC90 2008 Green,Local Used,Automatic,4850000,Volvo,XC90,2008
BMW 528i 2014 White,Foreign Used,Automatic,13500000,BMW,528i,2014
Lexus GX 460 Luxury 2018 Black,Foreign Used,Automatic,41000000,Lexus,GX 460,2018
Mercedes-Benz A-Class 2019 Beige,Foreign Used,Automatic,35000000,Mercedes-Benz,A-Class,2019
Toyota Corolla 2000 Green,Local Used,Automatic,2350000,Toyota,Corolla,2000
Toyota RAV4 2.5 4x4 2010 Gray,Foreign Used,Automatic,10850000,Toyota,RAV4 2,2010
Hyundai Elantra Sport Sedan FWD (2.0L 4cyl 6A) 2016 Orange,Foreign Used,Automatic,15500000,Hyundai,Elantra Sport,2016
Toyota Corolla S Special Edition 4dr Sedan (1.8L 4cyl 4A) 2013 Silver,Local Used,Automatic,10000000,Toyota,Corolla S,2013
Toyota Sienna 2006 Blue,Foreign Used,Automatic,8500000,Toyota,Sienna,2006
Toyota Sienna 2001 Green,Local Used,Automatic,2600000,Toyota,Sienna,2001
Toyota Camry SE Limited Edition 4dr Sedan (2.5L 4cyl 6A) 2012 Silver,Foreign Used,Automatic,13000000,Toyota,Camry SE,2012
Mercedes-Benz GLE-Class GLE 350d 4MATIC 2018 White,Foreign Used,Automatic,34499999,Mercedes-Benz,GLE-Class GLE,2018
Toyota Corolla 2015 Black,Foreign Used,Automatic,14500000,Toyota,Corolla,2015
Lexus GX 470 Sport Utility 2006 White,Local Used,Automatic,8000000,Lexus,GX 470,2006
Toyota Hilux 2012,Local Used,Manual,15000000,Toyota,Hilux,2012
Lexus RX 2004 Blue,Local Used,Automatic,6200000,Lexus,RX,2004
Toyota Camry SE 4dr Sedan (2.4L 4cyl 5A) 2008 White,Local Used,Automatic,7150000,Toyota,Camry SE,2008
Toyota Tundra 2014 Silver,Foreign Used,Automatic,34000000,Toyota,Tundra,2014
Toyota Highlander 2020 Silver,Local Used,Automatic,38000000,Toyota,Highlander,2020
Toyota Camry 2009 Black,Foreign Used,Automatic,5600000,Toyota,Camry,2009
Toyota Venza 2009 Gray,Local Used,Automatic,11500000,Toyota,Venza,2009
Rover Land 2016 Silver,Foreign Used,Automatic,17500000,Rover,Land,2016
Toyota Highlander Limited V6 AWD 2003 Green,Local Used,Automatic,5800000,Toyota,Highlander Limited,2003
Toyota Highlander 2004 Gold,Local Used,Automatic,4500000,Toyota,Highlander,2004
Toyota Highlander XLE 4x4 V6 (3.5L 6cyl 8A) 2018 Gray,Foreign Used,Automatic,28000000,Toyota,Highlander XLE,2018
Toyota Sienna 2005 Red,Foreign Used,Automatic,9999000,Toyota,Sienna,2005
Toyota Corolla LE 4dr Sedan (1.8L 4cyl 4A) 2010 Black,Local Used,Automatic,5750000,Toyota,Corolla LE,2010
Toyota Matrix Hatchback 1.8 16V AWD 2007 Blue,Local Used,Automatic,4400000,Toyota,Matrix Hatchback,2007
Toyota Tacoma Double Cab V6 Automatic 2012 Gray,Foreign Used,Automatic,24500000,Toyota,Tacoma Double,2012
Cadillac Escalade 2022 Black,Foreign Used,Automatic,195000000,Cadillac,Escalade,2022
Mercedes-Benz GLE-Class AMG GLE 53 4MATIC 2021 White,Foreign Used,Automatic,110000000,Mercedes-Benz,GLE-Class AMG,2021
Mazda CX-9 2008 Blue,Local Used,Automatic,6500000,Mazda,CX-9,2008
Audi Q7 2.0T Premium AWD quattro 2017 Silver,Local Used,Automatic,29500000,Audi,Q7 2,2017
Toyota RAV4 2.4 2008 Red,Local Used,Automatic,7250000,Toyota,RAV4 2,2008
Toyota Highlander 2012 Gray,Foreign Used,Automatic,18500000,Toyota,Highlander,2012
Honda Civic 2022 Blue,Foreign Used,Automatic,30500000,Honda,Civic,2022
Lexus GX 470 2007 Gold,Local Used,Automatic,7900000,Lexus,GX 470,2007
Lexus GX 470 Sport Utility 2005 Gray,Local Used,Automatic,7000000,Lexus,GX 470,2005
Toyota Venza 2011 Black,Local Used,Automatic,11500000,Toyota,Venza,2011
Honda Ridgeline 2008,Local Used,Automatic,6150000,Honda,Ridgeline,2008
Lexus RX 350 2008,Foreign Used,Automatic,15500000,Lexus,RX 350,2008
Toyota Venza XLE 4dr Wagon (2.7L 4cyl 6A) 2014 Silver,Foreign Used,Automatic,18950000,Toyota,Venza XLE,2014
Lexus UX 2022 Silver,Foreign Used,Automatic,55000000,Lexus,UX,2022
Toyota RAV4 2012 White,Foreign Used,Automatic,13000000,Toyota,RAV4,2012
Toyota 4-Runner 2017 Gray,Foreign Used,Automatic,30500000,Toyota,4-Runner,2017
Toyota Venza XLE 4dr Wagon (2.7L 4cyl 6A) 2014 Silver,Foreign Used,Automatic,15850000,Toyota,Venza XLE,2014
Hyundai Sonata Sport PZEV 4dr Sedan (2.4L 4cyl 6A) 2015 Silver,Foreign Used,Automatic,13800000,Hyundai,Sonata Sport,2015
Toyota Venza V6 AWD 2010 White,Foreign Used,Automatic,16000000,Toyota,Venza V6,2010
Toyota Highlander 2004 Red,Local Used,Automatic,4700000,Toyota,Highlander,2004
Ford Fusion SE FWD 2018 Gold,Foreign Used,Automatic,12000000,Ford,Fusion SE,2018
Lexus RX 350 2011 Gold,Local Used,Automatic,13900000,Lexus,RX 350,2011
Toyota Camry LE 4dr Sedan (2.4L 4cyl 5A) 2008 Black,Local Used,Automatic,4950000,Toyota,Camry LE,2008
Toyota Sienna LE AWD 2006 Green,Local Used,Automatic,6650000,Toyota,Sienna LE,2006
Toyota Highlander XLE 4dr SUV (3.5L 6cyl 6A) 2015 White,Foreign Used,Automatic,25500000,Toyota,Highlander XLE,2015
Toyota Land Cruiser Prado 2025 Black,Brand New,Automatic,155000000,Toyota,Land Cruiser,2025
Lexus LX 2024 Black,Brand New,Automatic,570000000,Lexus,LX,2024
Toyota Corolla LE 4dr Sedan (1.8L 4cyl 4A) 2013 Gray,Foreign Used,Automatic,11350000,Toyota,Corolla LE,2013
Lexus GX 460 Luxury 2016 Black,Local Used,Automatic,34000000,Lexus,GX 460,2016
Kia Optima EX 4dr Sedan (2.4L 4cyl 6A) 2015 Black,Local Used,Automatic,6500000,Kia,Optima EX,2015
Toyota Camry XLE 4dr Sedan (2.5L 4cyl 6AM) 2010 Blue,Local Used,Automatic,6200000,Toyota,Camry XLE,2010
Ford Explorer 2012 Blue,Local Used,Automatic,7800000,Ford,Explorer,2012
Honda Accord 2007 White,Local Used,Automatic,3300000,Honda,Accord,2007
Ford Edge 2012 Black,Local Used,Automatic,5150000,Ford,Edge,2012
Toyota Echo Sedan 2005 Black,Local Used,Automatic,4200000,Toyota,Echo Sedan,2005
Ford F-150 2014 Black,Local Used,Automatic,7800000,Ford,F-150,2014
Hyundai Sonata Limited 2.0T 4dr Sedan (2.0L 4cyl Turbo 6A) 2015 Orange,Local Used,Automatic,9300000,Hyundai,Sonata Limited,2015
Toyota Camry SE 4dr Sedan (2.5L 4cyl 6A) 2013 Maroon,Foreign Used,Automatic,12750000,Toyota,Camry SE,2013
Toyota Venza 2014 Gray,Foreign Used,Automatic,22000000,Toyota,Venza,2014
Lexus RX 350 AWD 2017 Black,Foreign Used,Automatic,46500000,Lexus,RX 350,2017
Ford Edge 2008 Orange,Local Used,Automatic,6000000,Ford,Edge,2008
Toyota RAV4 2008 White,Foreign Used,Automatic,13800000,Toyota,RAV4,2008
Hyundai Tucson Limited AWD 2020 Red,Local Used,Automatic,21350000,Hyundai,Tucson Limited,2020
Toyota RAV4 Limited AWD (2.5L 4cyl 6A) 2016 Gold,Foreign Used,Automatic,23000000,Toyota,RAV4 Limited,2016
Toyota Corolla 2005 Blue,Local Used,Automatic,4400000,Toyota,Corolla,2005
Hyundai Elantra 2019 Gray,Foreign Used,Automatic,15500000,Hyundai,Elantra,2019
Honda Accord 2003 Black,Local Used,Automatic,2900000,Honda,Accord,2003
Mercedes-Benz M Class 2015 White,Foreign Used,Automatic,24500000,Mercedes-Benz,M Class,2015
Kia Sportage EX 4dr SUV (2.4L 4cyl 6A) 2013 Red,Local Used,Automatic,7500000,Kia,Sportage EX,2013
Mercedes-Benz GLE-Class GLE 350 2017 Black,Foreign Used,Automatic,38500000,Mercedes-Benz,GLE-Class GLE,2017
Toyota Camry SE w/Special Edition Pkg (2.5L 4cyl 6A) 2016 Gray,Foreign Used,Automatic,16200000,Toyota,Camry SE,2016
Toyota Sienna XLE 7 Passenger 2011 Red,Foreign Used,Automatic,14700000,Toyota,Sienna XLE,2011
Hyundai Tucson Limited AWD 2017 Black,Foreign Used,Automatic,19000000,Hyundai,Tucson Limited,2017
BYD Leopard 8 2.0 Hybrid AWD 2025 Gray,Brand New,Automatic,165000000,BYD,Leopard 8,2025
Toyota Corolla 2020 White,Foreign Used,Automatic,28500000,Toyota,Corolla,2020
Toyota Highlander Limited 4x4 V6 (3.5L 6cyl 8A) 2018 Gray,Foreign Used,Automatic,28000000,Toyota,Highlander Limited,2018
Toyota Corolla LE 2006 Blue,Local Used,Automatic,4100000,Toyota,Corolla LE,2006
Toyota Sienna 2010 Blue,Local Used,Automatic,6000000,Toyota,Sienna,2010
Volkswagen Golf TDI S 4dr Hatchback (2.0L 4cyl Turbodiesel 6AM) 2015,Foreign Used,Automatic,12300000,Volkswagen,Golf TDI,2015
Toyota Land Cruiser LC300 2023 White,Brand New,Automatic,199999999,Toyota,Land Cruiser,2023
Mercedes-Benz G-Class G 63 AMG 4MATIC 2020 White,Foreign Used,Automatic,299999999,Mercedes-Benz,G-Class G,2020
Lexus GX 460 Luxury 2019 Black,Local Used,Automatic,43000000,Lexus,GX 460,2019
Toyota RAV4 2010 White,Local Used,Automatic,7500000,Toyota,RAV4,2010
Ford Edge 2008 Black,Local Used,Automatic,3750000,Ford,Edge,2008
Toyota Avalon 2013 Burgundy,Foreign Used,Automatic,18000000,Toyota,Avalon,2013
Toyota RAV4 Automatic 2004 Silver,Local Used,Automatic,4450000,Toyota,RAV4 Automatic,2004
Mercedes-Benz S-Class 2007 Black,Local Used,Automatic,8300000,Mercedes-Benz,S-Class,2007
Honda CR-V 2008 Maroon,Local Used,Automatic,6500000,Honda,CR-V,2008
Toyota Hilux 2014 White,Local Used,Manual,17000000,Toyota,Hilux,2014
Toyota Camry 2016 Gray,Foreign Used,Automatic,13800000,Toyota,Camry,2016
Toyota 4-Runner 2000 Green,Local Used,Automatic,4200000,Toyota,4-Runner,2000
Ford Edge Limited 4dr FWD (3.5L 6cyl 6A) 2008 White,Local Used,Automatic,4450000,Ford,Edge Limited,2008
Toyota RAV4 SE AWD (2.5L 4cyl 6A) 2016 Blue,Foreign Used,Automatic,23750000,Toyota,RAV4 SE,2016
Toyota Sienna LE FWD 2006 Red,Local Used,Automatic,6000000,Toyota,Sienna LE,2006
Toyota Camry 2000 Red,Local Used,Automatic,2300000,Toyota,Camry,2000
Toyota Avalon Limited 2021 Black,Foreign Used,Automatic,31000000,Toyota,Avalon Limited,2021
Lexus RX 2017 Blue,Local Used,Automatic,29500000,Lexus,RX,2017
Toyota Camry XLE V6 4dr Sedan (3.5L 6cyl 6A) 2013 Black,Foreign Used,Automatic,13650000,Toyota,Camry XLE,2013
Toyota Corolla LE 4dr Sedan (1.8L 4cyl 4A) 2013 Gray,Local Used,Automatic,8250000,Toyota,Corolla LE,2013
Toyota Corolla S 4dr Sedan (1.8L 4cyl CVT) 2015 White,Foreign Used,Automatic,11850000,Toyota,Corolla S,2015
Toyota Camry XLE 4dr Sedan (2.5L 4cyl 6AM) 2010 Gray,Local Used,Automatic,8500000,Toyota,Camry XLE,2010
Lexus ES 350 2010 White,Local Used,Automatic,11500000,Lexus,ES 350,2010
Mercedes-Benz GLE-Class AMG GLE 63 S 4MATIC 2019 White,Foreign Used,Automatic,69000000,Mercedes-Benz,GLE-Class AMG,2019
Toyota Yaris 2007 Silver,Local Used,Automatic,6300000,Toyota,Yaris,2007
Toyota Yaris 1.5 Liftback 2008 Gray,Foreign Used,Manual,6000000,Toyota,Yaris 1,2008
Lexus RX 2010 Black,Local Used,Automatic,11500000,Lexus,RX,2010
Toyota Camry LE 4dr Sedan (2.5L 4cyl 6A) 2012 Silver,Local Used,Automatic,9000000,Toyota,Camry LE,2012
Mercedes-Benz GLK-Class 350 4MATIC 2010 Blue,Local Used,Automatic,9500000,Mercedes-Benz,GLK-Class 350,2010
Lexus RX 350 F Sport AWD 2017 White,Foreign Used,Automatic,43000000,Lexus,RX 350,2017
Mercedes-Benz GLK-Class 350 4MATIC 2010 Black,Foreign Used,Automatic,12500000,Mercedes-Benz,GLK-Class 350,2010
Honda CR-V EX-L FWD 2018 Silver,Foreign Used,Automatic,27500000,Honda,CR-V EX-L,2018
Jetour T2 i-DM 2026 Silver,Brand New,Automatic,92000000,Jetour,T2 i-DM,2026
Toyota Land Cruiser 4.5 V8 TD 2018 White,Local Used,Automatic,45000000,Toyota,Land Cruiser,2018
Mercedes-Benz M Class 2014 White,Foreign Used,Automatic,24500000,Mercedes-Benz,M Class,2014
Toyota Corolla CE 2006 Gray,Local Used,Automatic,4450000,Toyota,Corolla CE,2006
Toyota Camry LE V6 4dr Sedan (3.5L 6cyl 6AM) 2010 Black,Local Used,Automatic,4650000,Toyota,Camry LE,2010
Acura MDX Touring Package 2004 Gold,Local Used,Automatic,3500000,Acura,MDX Touring,2004
Hyundai Santa Fe Limited Ultimate AWD 2018 Gray,Foreign Used,Automatic,25000000,Hyundai,Santa Fe,2018
Toyota Land Cruiser 2024 Gray,Foreign Used,Automatic,175999999,Toyota,Land Cruiser,2024
Hyundai Santa Fe 2014 Black,Foreign Used,Automatic,16500000,Hyundai,Santa Fe,2014
Cadillac Escalade 2025 Gray,Brand New,Automatic,325000000,Cadillac,Escalade,2025
Toyota Camry LE 4dr Sedan (2.4L 4cyl 5A) 2007 Gray,Foreign Used,Automatic,9000000,Toyota,Camry LE,2007
Toyota Avalon 2015 Silver,Local Used,Automatic,13800000,Toyota,Avalon,2015
Toyota Highlander 2023 Red,Foreign Used,Automatic,65000000,Toyota,Highlander,2023
Honda Accord 2012 Gray,Foreign Used,Automatic,10800000,Honda,Accord,2012
Toyota Camry 2014 Red,Local Used,Automatic,12500000,Toyota,Camry,2014
Ford Fusion S 2010 Silver,Local Used,Automatic,2300000,Ford,Fusion S,2010
Toyota Camry 2008 Red,Local Used,Automatic,5200000,Toyota,Camry,2008
Pontiac Vibe 2006 Red,Local Used,Automatic,4800000,Pontiac,Vibe,2006
Lexus RX 350 F Sport AWD 2018 Blue,Local Used,Automatic,38500000,Lexus,RX 350,2018
Mercedes-Benz GLK-Class 2013 Silver,Foreign Used,Automatic,17500000,Mercedes-Benz,GLK-Class,2013
Toyota Corolla 2015,Foreign Used,Automatic,14700000,Toyota,Corolla,2015
Toyota RAV4 2012 Black,Foreign Used,Automatic,22000000,Toyota,RAV4,2012
Lexus RX 350 2010 Black,Foreign Used,Automatic,18500000,Lexus,RX 350,2010
Honda Crosstour 3.5 AWD 2011 Gray,Local Used,Automatic,6200000,Honda,Crosstour 3,2011
Toyota Camry LE 4dr Sedan w/Prod. End 11/13 (2.5L 4cyl 6A) 2014 Gray,Foreign Used,Automatic,13500000,Toyota,Camry LE,2014
Mitsubishi Pajero 3.8 V6 GLS/GLX 2010 Black,Local Used,Automatic,12500000,Mitsubishi,Pajero 3,2010
Toyota Highlander V6 2005 Silver,Local Used,Automatic,5600000,Toyota,Highlander V6,2005
Toyota Avalon 2016 Gold,Foreign Used,Automatic,20000000,Toyota,Avalon,2016
Mercedes-Benz C300 Luxury 4Matic Sedan AWD (2.0L 4cyl 7A) 2016 White,Foreign Used,Automatic,24000000,Mercedes-Benz,C300 Luxury,2016
Toyota RAV4 XLE FWD 2020 Silver,Foreign Used,Automatic,37800000,Toyota,RAV4 XLE,2020
Lexus RX 350 AWD 2014 Black,Foreign Used,Automatic,24500000,Lexus,RX 350,2014
Toyota Corolla LE 2005 Gray,Local Used,Automatic,5000000,Toyota,Corolla LE,2005
Toyota Land Cruiser Prado 2.7 VVT-i 2015 Black,Local Used,Automatic,33500000,Toyota,Land Cruiser,2015
BYD Song Pro DM-i 2025 Gray,Brand New,Automatic,76000000,BYD,Song Pro,2025
Toyota 4-Runner Limited 4x4 2018 Gray,Foreign Used,Automatic,40000000,Toyota,4-Runner Limited,2018
Honda CR-V 2000 Black,Local Used,Automatic,2650000,Honda,CR-V,2000
Honda Ridgeline 2008 Silver,Local Used,Automatic,4850000,Honda,Ridgeline,2008
Toyota RAV4 Limited V6 4x4 2007 Green,Foreign Used,Automatic,10500000,Toyota,RAV4 Limited,2007
Mercedes-Benz CLA-Class CLA 200 d 4MATIC Sedan 2016 White,Foreign Used,Automatic,21000000,Mercedes-Benz,CLA-Class CLA,2016
Cadillac Escalade 2025 Black,Brand New,Automatic,219000000,Cadillac,Escalade,2025
Honda Accord Sedan EX 2004 Red,Local Used,Automatic,3300000,Honda,Accord Sedan,2004
Toyota Camry 2.4 LE 2008 Silver,Local Used,Automatic,6800000,Toyota,Camry 2,2008
Toyota Highlander Sport 2009 Gray,Local Used,Automatic,9900000,Toyota,Highlander Sport,2009
Toyota RAV4 2010 Black,Foreign Used,Automatic,14000000,Toyota,RAV4,2010
Toyota Corolla 2009 Gold,Foreign Used,Automatic,10300000,Toyota,Corolla,2009
Toyota Camry 2019 Blue,Foreign Used,Automatic,23500000,Toyota,Camry,2019
Toyota Corolla XLE 4dr Sedan (1.8L 4cyl 4A) 2009 Black,Foreign Used,Automatic,10500000,Toyota,Corolla XLE,2009
Hyundai Sonata GLS Sedan FWD (2.4L 4cyl 6A) 2013 White,Local Used,Automatic,10000000,Hyundai,Sonata GLS,2013
Lexus RX 2017 Blue,Local Used,Automatic,28500000,Lexus,RX,2017
Toyota Highlander V6 4x4 2005 Green,Local Used,Automatic,6000000,Toyota,Highlander V6,2005
Lexus ES 2013 Gray,Local Used,Automatic,13250000,Lexus,ES,2013
Toyota Highlander 2013 White,Foreign Used,Automatic,17900000,Toyota,Highlander,2013
Lexus RX 2019 Black,Foreign Used,Automatic,38000000,Lexus,RX,2019
Honda Pilot EX-L 4x2 (3.5L 6cyl 5A) 2008 Burgundy,Local Used,Automatic,7600000,Honda,Pilot EX-L,2008
Mercedes-Benz GLA 250 2016 Black,Foreign Used,Automatic,24800000,Mercedes-Benz,GLA 250,2016
Lexus IS 250 2008 Black,Foreign Used,Automatic,11600000,Lexus,IS 250,2008
Mercedes-Benz GLE-Class 2017 White,Foreign Used,Automatic,38000000,Mercedes-Benz,GLE-Class,2017
Mazda CX-7 2007 White,Local Used,Automatic,3890000,Mazda,CX-7,2007
Honda Civic 2008 Silver,Local Used,Automatic,3850999,Honda,Civic,2008
Toyota Matrix 2007 Silver,Local Used,Automatic,7000000,Toyota,Matrix,2007
Lexus IS 250 2008 White,Local Used,Automatic,7150000,Lexus,IS 250,2008
Toyota Camry 2008 Silver,Foreign Used,Automatic,9500000,Toyota,Camry,2008
Mercedes-Benz M Class ML350 4MATIC 4dr SUV AWD (3.5L 6cyl 7A) 2014 White,Foreign Used,Automatic,29000000,Mercedes-Benz,M Class,2014
Toyota Highlander 2015 Red,Local Used,Automatic,17000000,Toyota,Highlander,2015
Hyundai Tucson 2017 Black,Foreign Used,Automatic,17950000,Hyundai,Tucson,2017
Mercedes-Benz GLK-Class 2014 Silver,Local Used,Automatic,10900000,Mercedes-Benz,GLK-Class,2014
Honda Accord 2020,Foreign Used,Automatic,22000000,Honda,Accord,2020
Toyota Hilux 2025 Black,Foreign Used,Automatic,72000000,Toyota,Hilux,2025
Toyota Camry XSE 2023 White,Foreign Used,Automatic,45000000,Toyota,Camry XSE,2023
Land Rover Range Rover Vogue 2018 Black,Local Used,Automatic,35000000,Land,Rover Range,2018
Toyota Camry SE V6 4dr Sedan (3.5L 6cyl 6A) 2012 Gray,Foreign Used,Automatic,15000000,Toyota,Camry SE,2012
Ford F-150 FX2 4dr SuperCab 6.5 ft. SB (5.0L 8cyl 6A) 2014 Black,Foreign Used,Automatic,21500000,Ford,F-150 FX2,2014
Volkswagen Passat 2013,Local Used,Automatic,9500000,Volkswagen,Passat,2013
Mercedes-Benz E350 2021,Foreign Used,Automatic,75500000,Mercedes-Benz,E350,2021
Hyundai Sonata 2019 Red,Local Used,Automatic,13500000,Hyundai,Sonata,2019
Land Rover Range Rover Velar 2018 Gray,Local Used,Automatic,27000000,Land,Rover Range,2018
Lexus ES 350 2009 Silver,Foreign Used,Automatic,9300000,Lexus,ES 350,2009
Lexus RX 2006 Silver,Local Used,Automatic,6900000,Lexus,RX,2006
Lexus ES 2013 Gray,Local Used,Automatic,14500000,Lexus,ES,2013
Toyota 4-Runner 2012 Black,Local Used,Automatic,21000000,Toyota,4-Runner,2012
Honda Pilot EX-L 4dr SUV 4WD (3.5L 6cyl 5A) 2016 Blue,Foreign Used,Automatic,24000000,Honda,Pilot EX-L,2016
Toyota Camry 2.4 GLi Automatic 2006 Silver,Local Used,Automatic,3700000,Toyota,Camry 2,2006
Lexus RX 2015 Gray,Foreign Used,Automatic,23500000,Lexus,RX,2015
Lexus RX 2022 Blue,Foreign Used,Automatic,78000000,Lexus,RX,2022
Toyota Corolla 2009 Red,Local Used,Automatic,6200000,Toyota,Corolla,2009
Ford Edge 2007,Local Used,Automatic,3800000,Ford,Edge,2007
Lexus GX 460 Luxury 2015 Burgundy,Foreign Used,Automatic,31500000,Lexus,GX 460,2015
Honda Accord 2006 Silver,Local Used,Automatic,2800000,Honda,Accord,2006
Toyota Venza V6 AWD 2010 Brown,Foreign Used,Automatic,15500000,Toyota,Venza V6,2010
Toyota Corolla 2009 White,Foreign Used,Automatic,9700000,Toyota,Corolla,2009
Lexus IS 250 2008 White,Foreign Used,Automatic,11300000,Lexus,IS 250,2008
Toyota Camry LE 4dr Sedan (2.5L 4cyl 6A) 2011 Gray,Local Used,Automatic,6500000,Toyota,Camry LE,2011
Lexus ES 350 2011 Black,Local Used,Automatic,11000000,Lexus,ES 350,2011
Honda Accord Crosstour 2011 Silver,Local Used,Automatic,4950000,Honda,Accord Crosstour,2011
Toyota Camry 2006 Green,Local Used,Automatic,4500000,Toyota,Camry,2006
Toyota Corolla 2019 Silver,Foreign Used,Automatic,21000000,Toyota,Corolla,2019
Mercedes-Benz C300 2009 White,Local Used,Automatic,6500000,Mercedes-Benz,C300,2009
Honda Accord 2008 Black,Local Used,Automatic,4150000,Honda,Accord,2008
Lexus RX 2016 Black,Foreign Used,Automatic,34500000,Lexus,RX,2016
Lexus RX 2010 Gray,Foreign Used,Automatic,18000000,Lexus,RX,2010
Toyota Camry 2017 White,Foreign Used,Automatic,15500000,Toyota,Camry,2017
Toyota Camry 2017 Gray,Local Used,Automatic,14500000,Toyota,Camry,2017
Toyota Camry 2014 Red,Foreign Used,Automatic,12800000,Toyota,Camry,2014
Lexus RX 350 2007 White,Foreign Used,Automatic,13500000,Lexus,RX 350,2007
Toyota Camry 2008 Blue,Local Used,Automatic,4800000,Toyota,Camry,2008
Toyota RAV4 2015 Black,Foreign Used,Automatic,22500000,Toyota,RAV4,2015
Toyota Highlander 2020 Gray,Foreign Used,Automatic,38500000,Toyota,Highlander,2020
Ford F-150 SuperCrew 2008 Red,Local Used,Automatic,8000000,Ford,F-150 SuperCrew,2008
Toyota Corolla 2005 Black,Local Used,Automatic,4000000,Toyota,Corolla,2005
Lexus RX 350 F Sport AWD 2016 Black,Foreign Used,Automatic,48000000,Lexus,RX 350,2016
Toyota Corolla SE 2020 Black,Foreign Used,Automatic,27500000,Toyota,Corolla SE,2020
Mercedes-Benz GLK-Class Base GLK 350 4dr 4x2 (3.5L 6cyl 7A) 2015 Gray,Foreign Used,Automatic,25000000,Mercedes-Benz,GLK-Class Base,2015
Toyota Camry SE V6 4dr Sedan (3.5L 6cyl 6A) 2012 White,Foreign Used,Automatic,14800000,Toyota,Camry SE,2012
Toyota C-HR XLE FWD 2020 White,Local Used,Automatic,17000000,Toyota,C-HR XLE,2020
Honda CR-V 2008 Green,Local Used,Automatic,4950000,Honda,CR-V,2008
Hyundai Sonata Limited 4dr Sedan (2.4L 4cyl 6A) 2015 Gray,Foreign Used,Automatic,14500000,Hyundai,Sonata Limited,2015
Toyota Corolla 2013 Silver,Foreign Used,Automatic,11700000,Toyota,Corolla,2013
Toyota Camry LE 4dr Sedan (2.5L 4cyl 6AM) 2010 Silver,Local Used,Automatic,7500000,Toyota,Camry LE,2010
Toyota Camry XSE FWD 2020 White,Foreign Used,Automatic,35000000,Toyota,Camry XSE,2020
Toyota RAV4 2010 Brown,Foreign Used,Automatic,11500000,Toyota,RAV4,2010
Toyota Camry SE 4dr Sedan (2.5L 4cyl 6A) 2012 White,Foreign Used,Automatic,11700000,Toyota,Camry SE,2012
Toyota Highlander 2013 Gray,Foreign Used,Automatic,17200000,Toyota,Highlander,2013
Lexus RX 2010 White,Foreign Used,Automatic,17200000,Lexus,RX,2010
Toyota Matrix 2006 Brown,Local Used,Automatic,5600000,Toyota,Matrix,2006
Mercedes-Benz E350 2010 Silver,Local Used,Automatic,10000000,Mercedes-Benz,E350,2010
Acura MDX 2004 Silver,Local Used,Automatic,2980000,Acura,MDX,2004
Lexus RX 350 FWD 2017 White,Local Used,Automatic,33500000,Lexus,RX 350,2017
Lexus RX 2013,Foreign Used,Automatic,23500000,Lexus,RX,2013
Lexus RX 330 2006 Ivory,Local Used,Automatic,5750000,Lexus,RX 330,2006
Toyota Highlander 2006 Black,Foreign Used,Automatic,12850000,Toyota,Highlander,2006
Mercedes-Benz GLK-Class 350 4MATIC 2012 Gray,Foreign Used,Automatic,16500000,Mercedes-Benz,GLK-Class 350,2012
Mercedes-Benz GLC-Class 2017 White,Foreign Used,Automatic,56000000,Mercedes-Benz,GLC-Class,2017
Toyota Hilux 2.0 VVT-i 2009 White,Local Used,Manual,9000000,Toyota,Hilux 2,2009
Lexus RX 2006 Black,Local Used,Automatic,4500000,Lexus,RX,2006
Toyota Sienna LE 8 Passenger 2010 Blue,Local Used,Automatic,10500000,Toyota,Sienna LE,2010
Toyota Corolla S 4dr Sedan (1.8L 4cyl CVT) 2016 White,Local Used,Automatic,11500000,Toyota,Corolla S,2016
Toyota Yaris 2003 Green,Foreign Used,Manual,4700000,Toyota,Yaris,2003
Acura MDX SUV 4dr AWD (3.7 6cyl 5A) 2008 Red,Local Used,Automatic,5300000,Acura,MDX SUV,2008
Toyota RAV4 2015 Black,Local Used,Automatic,13000000,Toyota,RAV4,2015
Toyota Camry LE 4dr Sedan (2.4L 4cyl 5A) 2009 Black,Local Used,Automatic,5500000,Toyota,Camry LE,2009
Lexus RX 350 AWD 2014 Silver,Foreign Used,Automatic,22500000,Lexus,RX 350,2014
Toyota Highlander Limited 4x4 V6 (3.5L 6cyl 8A) 2017 Silver,Foreign Used,Automatic,29000000,Toyota,Highlander Limited,2017
Toyota Camry 2021 White,Foreign Used,Automatic,30000000,Toyota,Camry,2021
Toyota Corolla LE 4dr Sedan (1.8L 4 cyl 4A) 2009 Black,Local Used,Automatic,5550000,Toyota,Corolla LE,2009
Toyota Crown Limited AWD 2024 Blue,Brand New,Automatic,135000000,Toyota,Crown Limited,2024
Toyota Corolla LE 2005 Silver,Foreign Used,Automatic,8250000,Toyota,Corolla LE,2005
Toyota Corolla LE 4dr Sedan (1.8L 4cyl 4A) 2012 Gray,Foreign Used,Automatic,10500000,Toyota,Corolla LE,2012
Mercedes-Benz GLE-Class GLE 350 2018 White,Local Used,Automatic,37000000,Mercedes-Benz,GLE-Class GLE,2018
Mercedes-Benz GL-Class GL 450 2010 White,Foreign Used,Automatic,11000000,Mercedes-Benz,GL-Class GL,2010
Toyota Highlander 2021 Black,Local Used,Automatic,37000000,Toyota,Highlander,2021
Peugeot 307 2007 Blue,Local Used,Manual,3200000,Peugeot,307,2007
Toyota Avalon 2003 Silver,Local Used,Automatic,2900000,Toyota,Avalon,2003
Infiniti FX35 2005 Gray,Local Used,Automatic,3200000,Infiniti,FX35,2005
Daihatsu Terios 1.5 2008 Gray,Foreign Used,Automatic,5500000,Daihatsu,Terios 1,2008
Toyota RAV4 LE 4dr SUV AWD (2.5L 4cyl 6A) 2015 White,Local Used,Automatic,13500000,Toyota,RAV4 LE,2015
Toyota Land Cruiser 4.0 V6 DLX 2013 Black,Local Used,Automatic,36000000,Toyota,Land Cruiser,2013
Lexus RX 330 2005 Black,Foreign Used,Automatic,10500000,Lexus,RX 330,2005
Honda Accord 2015 Matt Black,Foreign Used,Automatic,13500000,Honda,Accord,2015
Mercedes-Benz GLE-Class 2018 Blue,Foreign Used,Automatic,35000000,Mercedes-Benz,GLE-Class,2018
Lexus GX 2016 White,Foreign Used,Automatic,42000000,Lexus,GX,2016
Mercedes-Benz Sprinter 2013 Black,Local Used,Automatic,20000000,Mercedes-Benz,Sprinter,2013
Toyota Camry 2013,Local Used,Automatic,7900000,Toyota,Camry,2013
Lexus IS 2008 Red,Local Used,Automatic,6200000,Lexus,IS,2008
Toyota Camry LE 4dr Sedan (2.5L 4cyl 6A) 2016 Black,Local Used,Automatic,10350000,Toyota,Camry LE,2016
Toyota Camry 2017 Black,Foreign Used,Automatic,19500000,Toyota,Camry,2017
Land Rover Range Rover Vogue 2018 Silver,Foreign Used,Automatic,82000000,Land,Rover Range,2018
Toyota Highlander Limited V6 4x4 (3.5L 6cyl 6A) 2016 Gold,Foreign Used,Automatic,29500000,Toyota,Highlander Limited,2016
Nissan Navara 2010 Black,Local Used,Manual,7000000,Nissan,Navara,2010
Toyota Highlander 2008 Black,Local Used,Automatic,7850000,Toyota,Highlander,2008
Toyota Highlander 2012 Black,Local Used,Automatic,7000000,Toyota,Highlander,2012
Honda Pilot 2012 Gray,Local Used,Automatic,7800000,Honda,Pilot,2012
Acura MDX Sport 4dr AWD (3.7L 6cyl 5A) 2008 Silver,Local Used,Automatic,5900000,Acura,MDX Sport,2008
Lexus RX 350 2008 Gray,Foreign Used,Automatic,12500000,Lexus,RX 350,2008
Mercedes-Benz E350 2014 Black,Foreign Used,Automatic,19500000,Mercedes-Benz,E350,2014
Toyota Camry XLE FWD (2.5L 4cyl 8AM) 2018 Silver,Foreign Used,Automatic,26500000,Toyota,Camry XLE,2018
Mercedes-Benz GLE-Class GLE 350 2017 Blue,Local Used,Automatic,28000000,Mercedes-Benz,GLE-Class GLE,2017
Toyota Corolla Verso 2006 Gray,Foreign Used,Manual,7800000,Toyota,Corolla Verso,2006
Hyundai Tucson Eco AWD 2017 Black,Foreign Used,Automatic,17000000,Hyundai,Tucson Eco,2017
Denza N9 2025 Brown,Brand New,Automatic,170000000,Denza,N9,2025
Ford Focus 1.6 Ambiente 2005 Silver,Local Used,Manual,1750000,Ford,Focus 1,2005
Mercedes-Benz M Class 2014 Silver,Foreign Used,Automatic,25500000,Mercedes-Benz,M Class,2014
Lexus ES 350 FWD 2015 Gray,Foreign Used,Automatic,19000000,Lexus,ES 350,2015
Toyota Grand Highlander 2024 White,Brand New,Automatic,155000000,Toyota,Grand Highlander,2024
Lexus TX 2025 Black,Brand New,Automatic,139000000,Lexus,TX,2025
Toyota Land Cruiser 2024 White,Brand New,Automatic,140000000,Toyota,Land Cruiser,2024
Lexus GX 460 2010 Maroon,Foreign Used,Automatic,32000000,Lexus,GX 460,2010
Volkswagen Golf 2002 Silver,Foreign Used,Automatic,6500000,Volkswagen,Golf,2002
Acura MDX 2009 Black,Local Used,Automatic,4900000,Acura,MDX,2009
Toyota Venza 2010 Silver,Local Used,Automatic,9200000,Toyota,Venza,2010
Toyota Hilux 2013 White,Local Used,Manual,16500000,Toyota,Hilux,2013
Toyota Highlander XLE V6 4x2 (3.5L 6cyl 6A) 2016 Silver,Foreign Used,Automatic,23800000,Toyota,Highlander XLE,2016
Lexus ES 2015 Silver,Foreign Used,Automatic,20000000,Lexus,ES,2015
Toyota Land Cruiser Prado 2.7 i 2011 Black,Local Used,Automatic,31000000,Toyota,Land Cruiser,2011
Mercedes-Benz GLK-Class 350 4MATIC 2013 Silver,Foreign Used,Automatic,21900000,Mercedes-Benz,GLK-Class 350,2013
Toyota Sienna 2012 Burgundy,Foreign Used,Automatic,14750000,Toyota,Sienna,2012
Toyota Camry LE 4dr Sedan (2.5L 4cyl 6A) 2012 Gold,Foreign Used,Automatic,11500000,Toyota,Camry LE,2012
Toyota Corolla LE 4dr Sedan (1.8L 4cyl 4A) 2013 Gold,Foreign Used,Automatic,12800000,Toyota,Corolla LE,2013
Mercedes-Benz GLE-Class 2019,Foreign Used,Automatic,50000000,Mercedes-Benz,GLE-Class,2019
Toyota Corolla 2016 Black,Local Used,Automatic,12000000,Toyota,Corolla,2016
Toyota Camry 2008 Gold,Local Used,Automatic,4800000,Toyota,Camry,2008
JAC T6 2015 White,Foreign Used,Automatic,12500000,JAC,T6,2015
Lexus RX 2009 White,Local Used,Automatic,11950000,Lexus,RX,2009
Toyota Corolla LE 2006 Silver,Local Used,Automatic,5850000,Toyota,Corolla LE,2006
Toyota Corolla LE 4dr Sedan (1.8L 4 cyl 4A) 2009 Black,Local Used,Automatic,8800000,Toyota,Corolla LE,2009
Honda City 2008 Black,Local Used,Automatic,3000000,Honda,City,2008
Porsche Cayenne Platinum Edition AWD 2017 White,Foreign Used,Automatic,45000000,Porsche,Cayenne Platinum,2017
Lexus IS 250 2015 Gray,Foreign Used,Automatic,19000000,Lexus,IS 250,2015
Lexus GX 2016 Black,Foreign Used,Automatic,31000000,Lexus,GX,2016
Jetour T2 i-DM 2025 Gray,Brand New,Automatic,92000000,Jetour,T2 i-DM,2025
Lexus RX 2014 Red,Foreign Used,Automatic,22000000,Lexus,RX,2014
Hyundai Santa Fe 2014 Silver,Foreign Used,Automatic,13965000,Hyundai,Santa Fe,2014
Toyota Camry 2010 Green,Foreign Used,Automatic,9350000,Toyota,Camry,2010
Peugeot 206 1.4 2005 Green,Foreign Used,Manual,3450000,Peugeot,206 1,2005
Toyota Corolla 2001 Silver,Local Used,Automatic,2850000,Toyota,Corolla,2001
Toyota Sequoia TRD PRO 4WD 2025 Black,Brand New,Automatic,265000000,Toyota,Sequoia TRD,2025
Lexus IS 2008 Red,Local Used,Automatic,6800000,Lexus,IS,2008
Kia Cadenza 2014 Gold,Local Used,Automatic,5700000,Kia,Cadenza,2014
Mercedes-Benz E200 2015 Black,Local Used,Automatic,11800000,Mercedes-Benz,E200,2015
Hyundai Elantra GLS Sedan FWD (1.8L 4cyl 6A) 2013 Red,Local Used,Automatic,6500000,Hyundai,Elantra GLS,2013
Honda CR-V Special Edition 2022 Gray,Foreign Used,Automatic,31000000,Honda,CR-V Special,2022
Lexus ES 350 2008 Blue,Local Used,Automatic,6500000,Lexus,ES 350,2008
Honda Accord 2015 Black,Foreign Used,Automatic,13000000,Honda,Accord,2015
Toyota Sienna 2007 Silver,Local Used,Automatic,6300000,Toyota,Sienna,2007
Lexus NX 2021 Gray,Foreign Used,Automatic,35000000,Lexus,NX,2021
Lexus RX 350 AWD 2015 White,Foreign Used,Automatic,28000000,Lexus,RX 350,2015
Lexus ES 350 2008 Silver,Local Used,Automatic,6698999,Lexus,ES 350,2008
Toyota Tacoma 2007 Red,Foreign Used,Automatic,16500000,Toyota,Tacoma,2007
Toyota Sienna LE 8 Passenger 2011 Black,Foreign Used,Automatic,13500000,Toyota,Sienna LE,2011
Mercedes-Benz GLC-Class 2021 Silver,Foreign Used,Automatic,33000000,Mercedes-Benz,GLC-Class,2021
Lexus RX 2018 Black,Foreign Used,Automatic,33500000,Lexus,RX,2018
Kia Optima 2015 Brown,Foreign Used,Automatic,13000000,Kia,Optima,2015
Lexus RX 2014 White,Foreign Used,Automatic,22000000,Lexus,RX,2014
Honda Civic 2008 Black,Local Used,Automatic,4000000,Honda,Civic,2008
Hyundai Sonata SE 2016 Silver,Foreign Used,Automatic,15000000,Hyundai,Sonata SE,2016
Lexus IS 300 AWD 2016 Gray,Foreign Used,Automatic,19000000,Lexus,IS 300,2016
Lexus RX 2017 White,Foreign Used,Automatic,37500000,Lexus,RX,2017
Lexus RX 2021 White,Foreign Used,Automatic,39500000,Lexus,RX,2021
Toyota Highlander Limited Platinum 4dr SUV (3.5L 6cyl 6A) 2015 Gold,Foreign Used,Automatic,32000000,Toyota,Highlander Limited,2015
Toyota Camry 2008 Silver,Local Used,Automatic,6000000,Toyota,Camry,2008
Mercedes-Benz C300 2023 Black,Foreign Used,Automatic,48000000,Mercedes-Benz,C300,2023
Toyota Tundra 2023 Black,Foreign Used,Automatic,110000000,Toyota,Tundra,2023
Ford Explorer Platinum 4dr SUV AWD (3.5L 6cyl Turbo 6A) 2016 Gray,Foreign Used,Automatic,23000000,Ford,Explorer Platinum,2016
Toyota Camry 2013 Black,Local Used,Automatic,9500000,Toyota,Camry,2013
Mercedes-Benz GLK-Class 2010 Gray,Local Used,Automatic,8300000,Mercedes-Benz,GLK-Class,2010
Toyota RAV4 LE AWD 2019 Silver,Foreign Used,Automatic,34000000,Toyota,RAV4 LE,2019
Mercedes-Benz V-Class 2002 Blue,Foreign Used,Manual,8800000,Mercedes-Benz,V-Class,2002
Chevrolet Silverado 2020 Silver,Foreign Used,Automatic,95000000,Chevrolet,Silverado,2020
Toyota Camry 2012 Gray,Local Used,Automatic,9750000,Toyota,Camry,2012
Lexus RX 350 AWD 2013 Gray,Foreign Used,Automatic,27000000,Lexus,RX 350,2013
Toyota Highlander Limited 3.5l 4WD 2013 White,Foreign Used,Automatic,22500000,Toyota,Highlander Limited,2013
Toyota Camry XSE 2022 Red,Foreign Used,Automatic,38500000,Toyota,Camry XSE,2022
Honda Accord EX-L 4dr Sedan w/Navigation (2.4L 4cyl CVT) 2014 Gray,Foreign Used,Automatic,12000000,Honda,Accord EX-L,2014
Hyundai Santa Fe Limited AWD 2025 Black,Foreign Used,Automatic,68000000,Hyundai,Santa Fe,2025
Toyota Highlander XLE 2025 Black,Foreign Used,Automatic,79000000,Toyota,Highlander XLE,2025
Mercedes-Benz GLS-Class 2024 Black,Foreign Used,Automatic,199000000,Mercedes-Benz,GLS-Class,2024
Lexus GX 460 Luxury 2015 Gray,Foreign Used,Automatic,31500000,Lexus,GX 460,2015
Toyota Camry LE FWD (2.5L 4cyl 8AM) 2018 Black,Local Used,Automatic,18500000,Toyota,Camry LE,2018
Lexus IS 250 2009 Silver,Local Used,Automatic,7500000,Lexus,IS 250,2009
Nissan Almera Tino 2004 Silver,Foreign Used,Manual,7200000,Nissan,Almera Tino,2004
Toyota Corolla 2008 Blue,Local Used,Automatic,6500000,Toyota,Corolla,2008
Hyundai Elantra 2013 Black,Foreign Used,Automatic,11800000,Hyundai,Elantra,2013
Toyota Corolla 2015 Red,Foreign Used,Automatic,15000000,Toyota,Corolla,2015
Cadillac Escalade 2011 White,Local Used,Automatic,18200000,Cadillac,Escalade,2011
Ford Explorer 2012 White,Local Used,Automatic,7500000,Ford,Explorer,2012
Honda CR-V 2020 Black,Foreign Used,Automatic,35000000,Honda,CR-V,2020
Toyota Land Cruiser 2015 Black,Local Used,Automatic,55000000,Toyota,Land Cruiser,2015
Mercedes-Benz C300 Base AWD 4Matic Sedan (2.0L 4cyl 7A) 2015 Gold,Foreign Used,Automatic,17998999,Mercedes-Benz,C300 Base,2015
Toyota Camry LE 4dr Sedan (2.5L 4cyl 6A) 2011 Blue,Local Used,Automatic,7500000,Toyota,Camry LE,2011
Honda Civic 1999,Local Used,Automatic,2200000,Honda,Civic,1999
Toyota Tacoma TRD Sport 2022 White,Foreign Used,Automatic,48500000,Toyota,Tacoma TRD,2022
Toyota Camry XSE 4dr Sedan (2.5L 4cyl 6A) 2015 Blue,Foreign Used,Automatic,18000000,Toyota,Camry XSE,2015
Lexus RX 2010 Black,Foreign Used,Automatic,17300000,Lexus,RX,2010
Toyota Highlander LE V6 2019 Gray,Foreign Used,Automatic,27500000,Toyota,Highlander LE,2019
Toyota Camry SE 4dr Sedan (2.5L 4cyl 6A) 2016 Gray,Foreign Used,Automatic,13650000,Toyota,Camry SE,2016
